date,lkr_per_usd
2005-01-03,103.45
2005-01-04,102.7
2005-01-05,100.3
2005-01-06,99.3
2005-01-07,98.95
2005-01-10,97.95
2005-01-11,98.1
2005-01-12,98.15
2005-01-13,98.4
2005-01-14,95.75
2005-01-18,98.175
2005-01-19,98.55
2005-01-20,98.5
2005-01-21,97.75
2005-01-24,97.75
2005-01-25,98.65
2005-01-26,98.7
2005-01-27,98.95
2005-01-28,99.5
2005-01-31,99.0
2005-02-01,99.32
2005-02-02,98.75
2005-02-03,99.35
2005-02-04,99.25
2005-02-07,99.44
2005-02-08,99.35
2005-02-09,99.4
2005-02-10,99.42
2005-02-11,99.42
2005-02-14,99.35
2005-02-15,99.3
2005-02-16,99.28
2005-02-17,99.0
2005-02-18,99.25
2005-02-22,99.33
2005-02-23,99.0
2005-02-24,99.15
2005-02-25,99.37
2005-02-28,99.45
2005-03-01,99.53
2005-03-02,99.58
2005-03-03,99.6
2005-03-04,99.68
2005-03-07,99.63
2005-03-08,99.65
2005-03-09,99.58
2005-03-10,99.43
2005-03-11,99.28
2005-03-14,98.75
2005-03-15,99.2
2005-03-16,99.28
2005-03-17,99.25
2005-03-18,99.3
2005-03-21,99.35
2005-03-22,99.4
2005-03-23,99.42
2005-03-24,99.42
2005-03-25,99.0
2005-03-28,99.4
2005-03-29,99.38
2005-03-30,99.4
2005-03-31,99.45
2005-04-01,99.72
2005-04-04,99.7
2005-04-05,99.82
2005-04-06,99.7
2005-04-07,99.6
2005-04-08,99.58
2005-04-11,99.6
2005-04-12,99.6
2005-04-13,99.5
2005-04-14,99.5
2005-04-15,99.6
2005-04-18,99.5
2005-04-19,99.68
2005-04-20,99.75
2005-04-21,99.75
2005-04-22,99.5
2005-04-25,99.8
2005-04-26,99.77
2005-04-27,99.82
2005-04-28,99.85
2005-04-29,99.75
2005-05-02,99.5
2005-05-03,99.76
2005-05-04,99.79
2005-05-05,99.85
2005-05-06,99.85
2005-05-09,99.86
2005-05-10,99.85
2005-05-11,99.83
2005-05-12,99.85
2005-05-13,99.85
2005-05-16,99.82
2005-05-17,99.68
2005-05-18,99.72
2005-05-19,99.83
2005-05-20,99.9
2005-05-23,99.5
2005-05-24,99.5
2005-05-25,99.9
2005-05-26,99.92
2005-05-27,99.95
2005-05-31,99.9
2005-06-01,99.92
2005-06-02,99.93
2005-06-03,99.92
2005-06-06,99.92
2005-06-07,99.94
2005-06-08,99.92
2005-06-09,99.85
2005-06-10,99.92
2005-06-13,99.99
2005-06-14,100.15
2005-06-15,100.4
2005-06-16,100.25
2005-06-17,99.9
2005-06-20,100.0
2005-06-21,99.75
2005-06-22,99.87
2005-06-23,99.75
2005-06-24,99.74
2005-06-27,99.7
2005-06-28,99.78
2005-06-29,100.08
2005-06-30,100.12
2005-07-01,100.1
2005-07-05,100.08
2005-07-06,99.9
2005-07-07,99.75
2005-07-08,100.1
2005-07-11,100.09
2005-07-12,100.08
2005-07-13,99.75
2005-07-14,100.4
2005-07-15,100.5
2005-07-18,100.31
2005-07-19,100.2
2005-07-20,100.4
2005-07-21,100.33
2005-07-22,100.35
2005-07-25,100.62
2005-07-26,100.73
2005-07-27,100.68
2005-07-28,100.62
2005-07-29,100.67
2005-08-01,100.36
2005-08-02,100.45
2005-08-03,100.51
2005-08-04,100.55
2005-08-05,100.4
2005-08-08,100.66
2005-08-09,100.47
2005-08-10,100.64
2005-08-11,100.77
2005-08-12,100.79
2005-08-15,100.85
2005-08-16,100.86
2005-08-17,100.9
2005-08-18,100.87
2005-08-19,100.7
2005-08-22,100.83
2005-08-23,100.71
2005-08-24,100.8
2005-08-25,100.7
2005-08-26,100.8
2005-08-29,100.94
2005-08-30,101.22
2005-08-31,101.2
2005-09-01,101.22
2005-09-02,101.35
2005-09-06,101.3
2005-09-07,101.28
2005-09-08,101.42
2005-09-09,101.51
2005-09-12,101.41
2005-09-13,101.3
2005-09-14,101.22
2005-09-15,101.25
2005-09-16,101.35
2005-09-19,101.33
2005-09-20,101.41
2005-09-21,101.4
2005-09-22,101.38
2005-09-23,101.32
2005-09-26,101.45
2005-09-27,101.38
2005-09-28,101.24
2005-09-29,101.15
2005-09-30,101.31
2005-10-03,101.33
2005-10-04,101.4
2005-10-05,101.25
2005-10-06,101.33
2005-10-07,101.38
2005-10-11,101.4
2005-10-12,101.45
2005-10-13,101.42
2005-10-14,101.5
2005-10-17,101.5
2005-10-18,101.44
2005-10-19,101.5
2005-10-20,101.53
2005-10-21,101.6
2005-10-24,101.43
2005-10-25,101.67
2005-10-26,101.68
2005-10-27,101.7
2005-10-28,101.4
2005-10-31,101.78
2005-11-01,101.85
2005-11-02,101.8
2005-11-03,101.75
2005-11-04,101.5
2005-11-07,101.83
2005-11-08,101.76
2005-11-09,101.83
2005-11-10,101.85
2005-11-14,101.74
2005-11-15,101.82
2005-11-16,101.89
2005-11-17,101.65
2005-11-18,101.65
2005-11-21,101.88
2005-11-22,101.91
2005-11-23,101.88
2005-11-25,101.75
2005-11-28,101.95
2005-11-29,101.9
2005-11-30,101.8
2005-12-01,101.96
2005-12-02,101.9
2005-12-05,101.96
2005-12-06,101.96
2005-12-07,101.95
2005-12-08,101.94
2005-12-09,101.75
2005-12-12,101.98
2005-12-13,101.98
2005-12-14,101.96
2005-12-15,101.7
2005-12-16,102.03
2005-12-19,102.01
2005-12-20,102.0
2005-12-21,102.0
2005-12-22,102.04
2005-12-23,102.05
2005-12-27,102.08
2005-12-28,102.1
2005-12-29,102.08
2005-12-30,102.08
2006-01-03,102.02
2006-01-04,102.14
2006-01-05,102.11
2006-01-06,102.0
2006-01-09,101.99
2006-01-10,101.85
2006-01-11,101.85
2006-01-12,101.85
2006-01-13,101.85
2006-01-17,102.15
2006-01-18,102.14
2006-01-19,101.85
2006-01-20,102.05
2006-01-23,102.12
2006-01-24,102.0
2006-01-25,102.0
2006-01-26,102.02
2006-01-27,102.03
2006-01-30,102.2
2006-01-31,102.1
2006-02-01,102.05
2006-02-02,102.15
2006-02-03,102.1
2006-02-06,102.12
2006-02-07,102.04
2006-02-08,102.1
2006-02-09,102.01
2006-02-10,102.09
2006-02-13,102.05
2006-02-14,102.13
2006-02-15,102.19
2006-02-16,102.18
2006-02-17,102.22
2006-02-21,102.2
2006-02-22,102.28
2006-02-23,102.33
2006-02-24,102.37
2006-02-27,102.5
2006-02-28,102.58
2006-03-01,102.57
2006-03-02,102.5
2006-03-03,102.48
2006-03-06,102.53
2006-03-07,102.61
2006-03-08,102.68
2006-03-09,102.66
2006-03-10,102.65
2006-03-13,102.65
2006-03-14,102.65
2006-03-15,102.71
2006-03-16,102.75
2006-03-17,102.72
2006-03-20,102.74
2006-03-21,102.66
2006-03-22,102.54
2006-03-23,102.6
2006-03-24,102.65
2006-03-27,102.71
2006-03-28,102.73
2006-03-29,102.78
2006-03-30,102.78
2006-03-31,102.55
2006-04-03,102.55
2006-04-04,102.58
2006-04-05,102.52
2006-04-06,102.5
2006-04-07,102.48
2006-04-10,102.56
2006-04-11,102.56
2006-04-12,102.64
2006-04-13,102.62
2006-04-14,102.58
2006-04-17,102.68
2006-04-18,102.65
2006-04-19,102.65
2006-04-20,102.68
2006-04-21,102.67
2006-04-24,102.67
2006-04-25,102.72
2006-04-26,102.78
2006-04-27,102.79
2006-04-28,102.81
2006-05-01,102.81
2006-05-02,102.79
2006-05-03,102.8
2006-05-04,102.82
2006-05-05,102.83
2006-05-08,102.84
2006-05-09,102.88
2006-05-10,102.74
2006-05-11,102.65
2006-05-12,102.65
2006-05-15,102.8
2006-05-16,102.8
2006-05-17,102.85
2006-05-18,102.86
2006-05-19,102.88
2006-05-22,102.92
2006-05-23,102.9
2006-05-24,102.93
2006-05-25,102.94
2006-05-26,102.94
2006-05-30,102.86
2006-05-31,102.95
2006-06-01,103.23
2006-06-02,103.27
2006-06-05,103.22
2006-06-06,103.24
2006-06-07,103.2
2006-06-08,103.32
2006-06-09,103.28
2006-06-12,103.3
2006-06-13,103.25
2006-06-14,103.27
2006-06-15,103.51
2006-06-16,103.55
2006-06-19,103.55
2006-06-20,103.58
2006-06-21,103.61
2006-06-22,103.76
2006-06-23,103.82
2006-06-26,103.93
2006-06-27,103.82
2006-06-28,103.95
2006-06-29,103.95
2006-06-30,103.93
2006-07-03,103.98
2006-07-05,103.95
2006-07-06,103.96
2006-07-07,103.95
2006-07-10,103.95
2006-07-11,103.93
2006-07-12,103.9
2006-07-13,103.94
2006-07-14,103.96
2006-07-17,103.95
2006-07-18,103.95
2006-07-19,103.97
2006-07-20,103.94
2006-07-21,103.94
2006-07-24,103.97
2006-07-25,103.98
2006-07-26,103.98
2006-07-27,103.99
2006-07-28,103.99
2006-07-31,103.95
2006-08-01,103.97
2006-08-02,103.98
2006-08-03,104.0
2006-08-04,103.98
2006-08-07,103.94
2006-08-08,103.95
2006-08-09,103.96
2006-08-10,103.88
2006-08-11,103.93
2006-08-14,103.94
2006-08-15,103.99
2006-08-16,103.96
2006-08-17,103.97
2006-08-18,103.98
2006-08-21,103.99
2006-08-22,103.9
2006-08-23,103.68
2006-08-24,103.5
2006-08-25,103.27
2006-08-28,103.2
2006-08-29,102.75
2006-08-30,102.48
2006-08-31,102.19
2006-09-01,102.18
2006-09-05,102.11
2006-09-06,102.15
2006-09-07,102.23
2006-09-08,102.45
2006-09-11,102.52
2006-09-12,102.5
2006-09-13,102.4
2006-09-14,102.46
2006-09-15,102.43
2006-09-18,102.46
2006-09-19,102.52
2006-09-20,102.56
2006-09-21,102.44
2006-09-22,102.47
2006-09-25,102.48
2006-09-26,102.49
2006-09-27,103.5
2006-09-28,103.8
2006-09-29,103.75
2006-10-02,103.94
2006-10-03,103.9
2006-10-04,103.92
2006-10-05,104.1
2006-10-06,104.23
2006-10-10,104.86
2006-10-11,105.1
2006-10-12,105.45
2006-10-13,105.8
2006-10-16,106.78
2006-10-17,107.4
2006-10-18,107.0
2006-10-19,105.75
2006-10-20,104.75
2006-10-23,105.5
2006-10-24,106.45
2006-10-25,106.35
2006-10-26,106.4
2006-10-27,107.2
2006-10-30,107.4
2006-10-31,107.8
2006-11-01,107.9
2006-11-02,107.7
2006-11-03,106.7
2006-11-06,107.28
2006-11-07,107.25
2006-11-08,107.15
2006-11-09,107.4
2006-11-10,107.5
2006-11-13,107.77
2006-11-14,108.2
2006-11-15,108.35
2006-11-16,108.22
2006-11-17,108.8
2006-11-20,108.7
2006-11-21,107.15
2006-11-22,106.95
2006-11-24,107.1
2006-11-27,108.0
2006-11-28,108.0
2006-11-29,108.0
2006-11-30,108.0
2006-12-01,108.1
2006-12-04,108.1
2006-12-05,107.71
2006-12-06,107.65
2006-12-07,107.65
2006-12-08,108.02
2006-12-11,108.55
2006-12-12,108.2
2006-12-13,108.07
2006-12-14,108.12
2006-12-15,107.75
2006-12-18,107.52
2006-12-19,107.53
2006-12-20,107.5
2006-12-21,107.5
2006-12-22,107.52
2006-12-26,107.58
2006-12-27,107.7
2006-12-28,107.62
2006-12-29,107.42
2007-01-02,107.62
2007-01-03,107.65
2007-01-04,108.65
2007-01-05,108.7
2007-01-08,108.76
2007-01-09,108.55
2007-01-10,108.45
2007-01-11,108.5
2007-01-12,108.35
2007-01-16,108.9
2007-01-17,108.75
2007-01-18,108.75
2007-01-19,108.65
2007-01-22,108.6
2007-01-23,108.35
2007-01-24,108.43
2007-01-25,108.65
2007-01-26,108.75
2007-01-29,108.7
2007-01-30,108.62
2007-01-31,108.58
2007-02-01,108.58
2007-02-02,108.65
2007-02-05,108.65
2007-02-06,108.65
2007-02-07,108.65
2007-02-08,108.55
2007-02-09,108.58
2007-02-12,108.52
2007-02-13,108.65
2007-02-14,108.78
2007-02-15,108.72
2007-02-16,108.7
2007-02-20,108.72
2007-02-21,108.72
2007-02-22,108.8
2007-02-23,108.75
2007-02-26,108.78
2007-02-27,108.72
2007-02-28,108.83
2007-03-01,108.98
2007-03-02,108.78
2007-03-05,108.8
2007-03-06,108.85
2007-03-07,108.85
2007-03-08,109.05
2007-03-09,109.07
2007-03-12,109.3
2007-03-13,109.55
2007-03-14,109.58
2007-03-15,109.55
2007-03-16,109.75
2007-03-19,109.85
2007-03-20,109.85
2007-03-21,109.82
2007-03-22,109.83
2007-03-23,109.83
2007-03-26,108.95
2007-03-27,109.0
2007-03-28,108.83
2007-03-29,109.4
2007-03-30,109.0
2007-04-02,108.83
2007-04-03,108.31
2007-04-04,108.45
2007-04-05,108.35
2007-04-06,108.35
2007-04-09,108.41
2007-04-10,108.55
2007-04-11,109.3
2007-04-12,109.05
2007-04-13,109.05
2007-04-16,109.65
2007-04-17,109.85
2007-04-18,109.85
2007-04-19,110.3
2007-04-20,109.65
2007-04-23,109.85
2007-04-24,109.9
2007-04-25,109.95
2007-04-26,110.0
2007-04-27,110.25
2007-04-30,110.65
2007-05-01,110.6
2007-05-02,110.6
2007-05-03,110.75
2007-05-04,110.8
2007-05-07,110.95
2007-05-08,110.88
2007-05-09,110.3
2007-05-10,110.9
2007-05-11,110.85
2007-05-14,110.9
2007-05-15,110.92
2007-05-16,110.9
2007-05-17,110.9
2007-05-18,110.9
2007-05-21,110.85
2007-05-22,110.83
2007-05-23,110.75
2007-05-24,110.8
2007-05-25,110.77
2007-05-29,110.8
2007-05-30,110.77
2007-05-31,110.87
2007-06-01,110.8
2007-06-04,110.8
2007-06-05,110.7
2007-06-06,110.72
2007-06-07,110.82
2007-06-08,110.9
2007-06-11,110.98
2007-06-12,110.95
2007-06-13,110.9
2007-06-14,110.96
2007-06-15,110.85
2007-06-18,110.9
2007-06-19,110.96
2007-06-20,110.9
2007-06-21,110.95
2007-06-22,110.95
2007-06-25,110.97
2007-06-26,111.18
2007-06-27,111.4
2007-06-28,111.35
2007-06-29,111.35
2007-07-02,111.35
2007-07-03,111.3
2007-07-05,111.55
2007-07-06,111.56
2007-07-09,111.5
2007-07-10,111.57
2007-07-11,111.68
2007-07-12,111.73
2007-07-13,111.75
2007-07-16,111.7
2007-07-17,111.8
2007-07-18,111.75
2007-07-19,111.77
2007-07-20,111.75
2007-07-23,111.75
2007-07-24,111.76
2007-07-25,111.75
2007-07-26,111.78
2007-07-27,111.78
2007-07-30,111.77
2007-07-31,111.77
2007-08-01,111.75
2007-08-02,111.76
2007-08-03,111.8
2007-08-06,111.9
2007-08-07,111.85
2007-08-08,111.85
2007-08-09,111.85
2007-08-10,111.9
2007-08-13,111.9
2007-08-14,111.95
2007-08-15,111.99
2007-08-16,111.95
2007-08-17,111.95
2007-08-20,112.02
2007-08-21,112.0
2007-08-22,112.08
2007-08-23,112.3
2007-08-24,112.65
2007-08-27,112.85
2007-08-28,112.83
2007-08-29,113.0
2007-08-30,113.1
2007-08-31,113.0
2007-09-03,113.0
2007-09-04,113.0
2007-09-05,113.25
2007-09-06,113.25
2007-09-07,113.28
2007-09-10,113.25
2007-09-11,113.25
2007-09-12,113.26
2007-09-13,113.28
2007-09-14,113.32
2007-09-17,113.45
2007-09-18,113.48
2007-09-19,113.6
2007-09-20,113.47
2007-09-21,113.45
2007-09-24,113.45
2007-09-25,113.45
2007-09-26,113.48
2007-09-27,113.42
2007-09-28,113.44
2007-10-01,113.45
2007-10-02,113.45
2007-10-03,113.43
2007-10-04,113.45
2007-10-05,113.45
2007-10-08,113.45
2007-10-09,113.45
2007-10-10,113.42
2007-10-11,113.4
2007-10-12,113.42
2007-10-15,113.45
2007-10-16,113.47
2007-10-17,113.25
2007-10-18,112.95
2007-10-19,112.65
2007-10-22,112.6
2007-10-23,112.45
2007-10-24,112.42
2007-10-25,112.46
2007-10-26,112.0
2007-10-29,111.55
2007-10-30,111.22
2007-10-31,110.9
2007-11-01,110.8
2007-11-02,110.65
2007-11-05,110.4
2007-11-06,110.15
2007-11-07,110.35
2007-11-08,110.33
2007-11-09,110.42
2007-11-13,110.44
2007-11-14,110.4
2007-11-15,110.37
2007-11-16,110.35
2007-11-19,110.4
2007-11-20,110.48
2007-11-21,110.43
2007-11-22,110.43
2007-11-23,110.3
2007-11-26,110.35
2007-11-27,110.4
2007-11-28,110.46
2007-11-29,110.45
2007-11-30,110.42
2007-12-03,110.47
2007-12-04,110.2
2007-12-05,109.05
2007-12-06,108.4
2007-12-07,108.3
2007-12-10,109.0
2007-12-11,108.9
2007-12-12,108.9
2007-12-13,108.95
2007-12-14,108.92
2007-12-17,108.95
2007-12-18,108.95
2007-12-19,108.94
2007-12-20,108.6
2007-12-21,108.64
2007-12-24,108.45
2007-12-26,108.2
2007-12-27,108.65
2007-12-28,108.7
2007-12-31,108.65
2008-01-02,108.53
2008-01-03,108.66
2008-01-04,108.6
2008-01-07,108.5
2008-01-08,108.4
2008-01-09,108.3
2008-01-10,108.33
2008-01-11,108.1
2008-01-14,108.2
2008-01-15,108.24
2008-01-16,108.05
2008-01-17,108.0
2008-01-18,108.0
2008-01-22,107.93
2008-01-23,107.9
2008-01-24,107.88
2008-01-25,107.95
2008-01-28,108.0
2008-01-29,108.05
2008-01-30,107.85
2008-01-31,107.8
2008-02-01,107.65
2008-02-04,107.68
2008-02-05,107.75
2008-02-06,107.75
2008-02-07,107.8
2008-02-08,107.82
2008-02-11,107.83
2008-02-12,107.95
2008-02-13,107.85
2008-02-14,107.85
2008-02-15,107.8
2008-02-19,107.85
2008-02-20,107.85
2008-02-21,107.95
2008-02-22,107.95
2008-02-25,107.95
2008-02-26,107.82
2008-02-27,107.82
2008-02-28,107.8
2008-02-29,107.82
2008-03-03,107.83
2008-03-04,107.82
2008-03-05,107.8
2008-03-06,107.8
2008-03-07,107.65
2008-03-10,107.45
2008-03-11,107.48
2008-03-12,107.55
2008-03-13,107.75
2008-03-14,107.65
2008-03-17,107.64
2008-03-18,107.6
2008-03-19,107.58
2008-03-20,107.63
2008-03-21,107.63
2008-03-24,107.7
2008-03-25,107.8
2008-03-26,107.72
2008-03-27,107.75
2008-03-28,107.73
2008-03-31,107.8
2008-04-01,107.75
2008-04-02,107.81
2008-04-03,107.8
2008-04-04,107.55
2008-04-07,107.6
2008-04-08,107.58
2008-04-09,107.55
2008-04-10,107.76
2008-04-11,107.84
2008-04-14,107.9
2008-04-15,107.82
2008-04-16,107.84
2008-04-17,107.8
2008-04-18,107.88
2008-04-21,107.85
2008-04-22,107.8
2008-04-23,107.74
2008-04-24,107.8
2008-04-25,107.83
2008-04-28,107.88
2008-04-29,107.88
2008-04-30,107.88
2008-05-01,107.88
2008-05-02,107.85
2008-05-05,107.84
2008-05-06,107.75
2008-05-07,107.87
2008-05-08,107.7
2008-05-09,107.6
2008-05-12,107.6
2008-05-13,107.65
2008-05-14,107.64
2008-05-15,107.72
2008-05-16,107.85
2008-05-19,107.82
2008-05-20,107.82
2008-05-21,107.72
2008-05-22,107.75
2008-05-23,107.8
2008-05-27,107.82
2008-05-28,107.85
2008-05-29,107.83
2008-05-30,107.82
2008-06-02,107.85
2008-06-03,107.8
2008-06-04,107.8
2008-06-05,107.85
2008-06-06,107.88
2008-06-09,107.84
2008-06-10,107.83
2008-06-11,107.87
2008-06-12,107.85
2008-06-13,107.75
2008-06-16,107.82
2008-06-17,107.83
2008-06-18,107.86
2008-06-19,107.67
2008-06-20,107.65
2008-06-23,107.6
2008-06-24,107.64
2008-06-25,107.65
2008-06-26,107.7
2008-06-27,107.64
2008-06-30,107.65
2008-07-01,107.67
2008-07-02,107.68
2008-07-03,107.7
2008-07-07,107.7
2008-07-08,107.65
2008-07-09,107.62
2008-07-10,107.65
2008-07-11,107.62
2008-07-14,107.62
2008-07-15,107.6
2008-07-16,107.55
2008-07-17,107.55
2008-07-18,107.55
2008-07-21,107.47
2008-07-22,107.6
2008-07-23,107.72
2008-07-24,107.6
2008-07-25,107.65
2008-07-28,107.49
2008-07-29,107.55
2008-07-30,107.5
2008-07-31,107.65
2008-08-01,107.6
2008-08-04,107.68
2008-08-05,107.75
2008-08-06,107.75
2008-08-07,107.77
2008-08-08,107.68
2008-08-11,107.6
2008-08-12,107.6
2008-08-13,107.6
2008-08-14,107.65
2008-08-15,107.75
2008-08-18,107.8
2008-08-19,107.85
2008-08-20,107.9
2008-08-21,107.68
2008-08-22,107.62
2008-08-25,107.65
2008-08-26,107.65
2008-08-27,107.85
2008-08-28,107.8
2008-08-29,107.85
2008-09-02,107.8
2008-09-03,107.59
2008-09-04,107.68
2008-09-05,107.77
2008-09-08,107.85
2008-09-09,107.86
2008-09-10,107.8
2008-09-11,107.82
2008-09-12,107.85
2008-09-15,107.85
2008-09-16,107.8
2008-09-17,107.85
2008-09-18,107.88
2008-09-19,107.88
2008-09-22,107.78
2008-09-23,107.83
2008-09-24,107.85
2008-09-25,107.8
2008-09-26,107.85
2008-09-29,107.85
2008-09-30,108.05
2008-10-01,108.15
2008-10-02,107.95
2008-10-03,107.95
2008-10-06,107.96
2008-10-07,108.0
2008-10-08,107.95
2008-10-09,107.97
2008-10-10,107.97
2008-10-14,108.02
2008-10-15,107.95
2008-10-16,108.0
2008-10-17,107.98
2008-10-20,108.05
2008-10-21,107.98
2008-10-22,107.97
2008-10-23,107.98
2008-10-24,107.975
2008-10-27,107.9
2008-10-28,108.0
2008-10-29,108.0
2008-10-30,109.95
2008-10-31,110.0
2008-11-03,109.95
2008-11-04,110.0
2008-11-05,110.0
2008-11-06,109.9
2008-11-07,110.05
2008-11-10,110.0
2008-11-12,109.85
2008-11-13,110.0
2008-11-14,109.97
2008-11-17,110.0
2008-11-18,110.0
2008-11-19,109.95
2008-11-20,109.9
2008-11-21,110.0
2008-11-24,109.88
2008-11-25,109.9
2008-11-26,109.97
2008-11-28,109.95
2008-12-01,109.95
2008-12-02,110.0
2008-12-03,110.02
2008-12-04,110.0
2008-12-05,110.13
2008-12-08,110.25
2008-12-09,110.25
2008-12-10,110.55
2008-12-11,111.2
2008-12-12,111.2
2008-12-15,111.2
2008-12-16,111.8
2008-12-17,111.65
2008-12-18,111.8
2008-12-19,111.9
2008-12-22,111.9
2008-12-23,112.65
2008-12-24,112.75
2008-12-26,112.8
2008-12-29,113.62
2008-12-30,113.3
2008-12-31,112.9
2009-01-02,113.95
2009-01-05,113.55
2009-01-06,113.6
2009-01-07,113.73
2009-01-08,113.73
2009-01-09,113.7
2009-01-12,113.75
2009-01-13,113.7
2009-01-14,113.7
2009-01-15,113.8
2009-01-16,113.8
2009-01-20,113.82
2009-01-21,113.8
2009-01-22,113.72
2009-01-23,113.9
2009-01-26,113.8
2009-01-27,113.8
2009-01-28,113.82
2009-01-29,113.88
2009-01-30,113.82
2009-02-02,113.9
2009-02-03,113.88
2009-02-04,113.88
2009-02-05,113.85
2009-02-06,113.97
2009-02-09,113.97
2009-02-10,113.88
2009-02-11,113.9
2009-02-12,113.92
2009-02-13,113.95
2009-02-17,114.15
2009-02-18,114.0
2009-02-19,114.1
2009-02-20,114.1
2009-02-23,114.1
2009-02-24,114.37
2009-02-25,114.8
2009-02-26,115.1
2009-02-27,114.13
2009-03-02,114.23
2009-03-03,114.17
2009-03-04,114.17
2009-03-05,114.15
2009-03-06,114.2
2009-03-09,114.5
2009-03-10,113.9
2009-03-11,114.2
2009-03-12,114.5
2009-03-13,113.9
2009-03-16,114.15
2009-03-17,114.15
2009-03-18,114.13
2009-03-19,114.07
2009-03-20,113.88
2009-03-23,113.93
2009-03-24,114.03
2009-03-25,114.03
2009-03-26,114.1
2009-03-27,115.05
2009-03-30,115.1
2009-03-31,115.7
2009-04-01,115.88
2009-04-02,115.9
2009-04-03,115.93
2009-04-06,115.72
2009-04-07,115.7
2009-04-08,115.7
2009-04-09,115.7
2009-04-10,115.7
2009-04-13,115.7
2009-04-14,115.7
2009-04-15,115.65
2009-04-16,115.7
2009-04-17,115.85
2009-04-20,117.0
2009-04-21,119.05
2009-04-22,119.8
2009-04-23,119.85
2009-04-24,120.1
2009-04-27,120.22
2009-04-28,119.9
2009-04-29,120.0
2009-04-30,120.0
2009-05-01,120.0
2009-05-04,120.0
2009-05-05,119.98
2009-05-06,118.2
2009-05-07,117.1
2009-05-08,117.1
2009-05-11,117.05
2009-05-12,117.35
2009-05-13,117.6
2009-05-14,117.4
2009-05-15,117.7
2009-05-18,115.0
2009-05-19,114.98
2009-05-20,114.98
2009-05-21,114.99
2009-05-22,114.75
2009-05-26,114.8
2009-05-27,114.83
2009-05-28,114.83
2009-05-29,114.8
2009-06-01,114.8
2009-06-02,114.75
2009-06-03,114.85
2009-06-04,114.83
2009-06-05,114.8
2009-06-08,114.8
2009-06-09,114.8
2009-06-10,114.8
2009-06-11,114.8
2009-06-12,114.85
2009-06-15,114.85
2009-06-16,114.83
2009-06-17,114.7
2009-06-18,114.81
2009-06-19,114.85
2009-06-22,114.81
2009-06-23,114.8
2009-06-24,114.8
2009-06-25,114.83
2009-06-26,114.83
2009-06-29,114.82
2009-06-30,114.82
2009-07-01,114.8
2009-07-02,114.85
2009-07-03,114.8
2009-07-06,114.8
2009-07-07,114.83
2009-07-08,114.8
2009-07-09,114.75
2009-07-10,114.82
2009-07-13,114.84
2009-07-14,114.8
2009-07-15,114.72
2009-07-16,114.8
2009-07-17,114.73
2009-07-20,114.8
2009-07-21,114.9
2009-07-22,114.8
2009-07-23,114.85
2009-07-24,114.8
2009-07-27,114.8
2009-07-28,114.725
2009-07-29,114.82
2009-07-30,114.82
2009-07-31,114.75
2009-08-03,114.8
2009-08-04,114.8
2009-08-05,114.27
2009-08-06,114.82
2009-08-07,114.81
2009-08-10,114.82
2009-08-11,114.81
2009-08-12,114.81
2009-08-13,114.69
2009-08-14,114.88
2009-08-17,114.73
2009-08-18,114.56
2009-08-19,114.6
2009-08-20,114.65
2009-08-21,114.73
2009-08-24,114.73
2009-08-25,114.69
2009-08-26,114.75
2009-08-27,114.71
2009-08-28,114.65
2009-08-31,114.7
2009-09-01,114.65
2009-09-02,114.75
2009-09-03,114.75
2009-09-04,114.75
2009-09-08,114.8
2009-09-09,114.75
2009-09-10,114.75
2009-09-11,114.8
2009-09-14,114.8
2009-09-15,114.8
2009-09-16,114.8
2009-09-17,114.8
2009-09-18,114.75
2009-09-21,114.75
2009-09-22,114.8
2009-09-23,114.78
2009-09-24,114.75
2009-09-25,114.78
2009-09-28,114.75
2009-09-29,114.77
2009-09-30,114.77
2009-10-01,114.78
2009-10-02,114.75
2009-10-05,114.78
2009-10-06,114.8
2009-10-07,114.8
2009-10-08,114.78
2009-10-09,114.79
2009-10-13,114.78
2009-10-14,114.78
2009-10-15,114.78
2009-10-16,114.78
2009-10-19,114.78
2009-10-20,114.78
2009-10-21,114.8
2009-10-22,114.8
2009-10-23,114.75
2009-10-26,114.8
2009-10-27,114.82
2009-10-28,114.8
2009-10-29,114.78
2009-10-30,114.75
2009-11-02,114.75
2009-11-03,114.78
2009-11-04,114.78
2009-11-05,114.8
2009-11-06,114.8
2009-11-09,114.65
2009-11-10,114.35
2009-11-12,114.45
2009-11-13,114.45
2009-11-16,114.35
2009-11-17,114.25
2009-11-18,114.2
2009-11-19,114.24
2009-11-20,114.22
2009-11-23,114.5
2009-11-24,114.35
2009-11-25,114.4
2009-11-27,114.53
2009-11-30,114.37
2009-12-01,114.37
2009-12-02,114.1
2009-12-03,114.2
2009-12-04,114.3
2009-12-07,114.4
2009-12-08,114.2
2009-12-09,114.2
2009-12-10,114.25
2009-12-11,114.3
2009-12-14,114.4
2009-12-15,114.3
2009-12-16,114.2
2009-12-17,114.2
2009-12-18,114.25
2009-12-21,114.35
2009-12-22,114.3
2009-12-23,114.3
2009-12-24,114.3
2009-12-28,114.32
2009-12-29,114.3
2009-12-30,114.35
2009-12-31,114.35
2010-01-04,114.4
2010-01-05,114.3
2010-01-06,114.3
2010-01-07,114.27
2010-01-08,114.35
2010-01-11,114.3
2010-01-12,114.25
2010-01-13,114.35
2010-01-14,114.35
2010-01-15,114.2
2010-01-19,114.2
2010-01-20,114.35
2010-01-21,114.35
2010-01-22,114.3
2010-01-25,114.35
2010-01-26,114.47
2010-01-27,114.5
2010-01-28,114.63
2010-01-29,114.6
2010-02-01,114.6
2010-02-02,114.65
2010-02-03,114.55
2010-02-04,114.55
2010-02-05,114.65
2010-02-08,114.65
2010-02-09,114.7
2010-02-10,114.65
2010-02-11,114.7
2010-02-12,114.65
2010-02-16,114.4
2010-02-17,114.25
2010-02-18,114.35
2010-02-19,114.35
2010-02-22,114.35
2010-02-23,114.25
2010-02-24,114.25
2010-02-25,114.5
2010-02-26,114.6
2010-03-01,114.55
2010-03-02,114.55
2010-03-03,114.25
2010-03-04,114.15
2010-03-05,114.18
2010-03-08,114.15
2010-03-09,114.1
2010-03-10,114.05
2010-03-11,113.95
2010-03-12,113.94
2010-03-15,114.0
2010-03-16,114.1
2010-03-17,114.08
2010-03-18,114.0
2010-03-19,114.0
2010-03-22,114.1
2010-03-23,114.0
2010-03-24,114.0
2010-03-25,114.08
2010-03-26,114.08
2010-03-29,114.08
2010-03-30,114.0
2010-03-31,114.0
2010-04-01,113.8
2010-04-02,113.8
2010-04-05,113.75
2010-04-06,113.8
2010-04-07,113.75
2010-04-08,113.85
2010-04-09,113.85
2010-04-12,113.75
2010-04-13,113.71
2010-04-14,113.75
2010-04-15,113.8
2010-04-16,113.95
2010-04-19,113.9
2010-04-20,113.85
2010-04-21,113.9
2010-04-22,113.85
2010-04-23,113.85
2010-04-26,113.92
2010-04-27,113.8
2010-04-28,113.8
2010-04-29,113.9
2010-04-30,113.9
2010-05-03,113.65
2010-05-04,113.52
2010-05-05,113.6
2010-05-06,113.62
2010-05-07,113.7
2010-05-10,113.63
2010-05-11,113.65
2010-05-12,113.65
2010-05-13,113.6
2010-05-14,113.65
2010-05-17,113.7
2010-05-18,113.7
2010-05-19,113.65
2010-05-20,113.75
2010-05-21,113.78
2010-05-24,113.75
2010-05-25,113.75
2010-05-26,113.9
2010-05-27,113.9
2010-05-28,113.9
2010-06-01,113.75
2010-06-02,113.55
2010-06-03,113.65
2010-06-04,113.55
2010-06-07,113.65
2010-06-08,113.65
2010-06-09,113.55
2010-06-10,113.6
2010-06-11,113.48
2010-06-14,113.52
2010-06-15,113.52
2010-06-16,113.4
2010-06-17,113.5
2010-06-18,113.5
2010-06-21,113.45
2010-06-22,113.55
2010-06-23,113.61
2010-06-24,113.6
2010-06-25,113.6
2010-06-28,113.6
2010-06-29,113.5
2010-06-30,113.55
2010-07-01,113.45
2010-07-02,113.35
2010-07-06,113.4
2010-07-07,113.35
2010-07-08,113.43
2010-07-09,113.4
2010-07-12,113.15
2010-07-13,113.05
2010-07-14,112.95
2010-07-15,112.85
2010-07-16,112.7
2010-07-19,112.7
2010-07-20,112.8
2010-07-21,112.75
2010-07-22,112.72
2010-07-23,112.72
2010-07-26,112.8
2010-07-27,112.76
2010-07-28,112.5
2010-07-29,112.52
2010-07-30,112.75
2010-08-02,112.45
2010-08-03,112.3
2010-08-04,112.3
2010-08-05,112.3
2010-08-06,112.3
2010-08-09,112.25
2010-08-10,112.35
2010-08-11,112.3
2010-08-12,112.3
2010-08-13,112.3
2010-08-16,112.4
2010-08-17,112.35
2010-08-18,112.4
2010-08-19,112.35
2010-08-20,112.25
2010-08-23,112.4
2010-08-24,112.4
2010-08-25,112.53
2010-08-26,112.55
2010-08-27,112.6
2010-08-30,112.65
2010-08-31,112.7
2010-09-01,112.7
2010-09-02,112.55
2010-09-03,112.65
2010-09-07,112.57
2010-09-08,112.65
2010-09-09,112.4
2010-09-10,112.4
2010-09-13,112.4
2010-09-14,112.4
2010-09-15,112.45
2010-09-16,112.28
2010-09-17,112.4
2010-09-20,112.35
2010-09-21,112.36
2010-09-22,112.36
2010-09-23,112.35
2010-09-24,112.15
2010-09-27,111.75
2010-09-28,111.75
2010-09-29,111.74
2010-09-30,111.7
2010-10-01,111.75
2010-10-04,111.7
2010-10-05,111.58
2010-10-06,111.7
2010-10-07,111.68
2010-10-08,111.65
2010-10-12,111.6
2010-10-13,111.7
2010-10-14,111.7
2010-10-15,111.75
2010-10-18,111.67
2010-10-19,111.8
2010-10-20,111.67
2010-10-21,111.7
2010-10-22,111.64
2010-10-25,111.65
2010-10-26,111.67
2010-10-27,111.53
2010-10-28,111.6
2010-10-29,111.6
2010-11-01,111.65
2010-11-02,111.65
2010-11-03,111.65
2010-11-04,111.55
2010-11-05,111.4
2010-11-08,111.48
2010-11-09,111.58
2010-11-10,111.62
2010-11-12,111.6
2010-11-15,111.68
2010-11-16,111.68
2010-11-17,111.45
2010-11-18,111.65
2010-11-19,111.65
2010-11-22,111.35
2010-11-23,111.3
2010-11-24,111.2
2010-11-26,111.42
2010-11-29,111.4
2010-11-30,111.35
2010-12-01,111.14
2010-12-02,111.22
2010-12-03,111.23
2010-12-06,111.15
2010-12-07,111.1
2010-12-08,110.85
2010-12-09,110.83
2010-12-10,110.9
2010-12-13,110.84
2010-12-14,110.71
2010-12-15,110.85
2010-12-16,111.0
2010-12-17,111.05
2010-12-20,111.15
2010-12-21,111.2
2010-12-22,111.18
2010-12-23,110.89
2010-12-27,111.15
2010-12-28,110.9
2010-12-29,110.93
2010-12-30,110.9
2011-01-03,110.9
2011-01-04,110.8
2011-01-05,110.8
2011-01-06,110.78
2011-01-07,110.8
2011-01-10,110.75
2011-01-11,110.6
2011-01-12,110.7
2011-01-13,110.72
2011-01-14,110.72
2011-01-18,110.78
2011-01-19,110.78
2011-01-20,110.9
2011-01-21,111.0
2011-01-24,110.82
2011-01-25,110.85
2011-01-26,110.75
2011-01-27,111.05
2011-01-28,111.05
2011-01-31,110.85
2011-02-01,110.75
2011-02-02,110.9
2011-02-03,110.8
2011-02-04,110.7
2011-02-07,110.75
2011-02-08,110.92
2011-02-09,110.9
2011-02-10,110.98
2011-02-11,111.0
2011-02-14,110.75
2011-02-15,110.75
2011-02-16,110.75
2011-02-17,110.75
2011-02-18,110.85
2011-02-22,110.9
2011-02-23,110.65
2011-02-24,110.74
2011-02-25,110.75
2011-02-28,110.75
2011-03-01,110.7
2011-03-02,110.7
2011-03-03,110.65
2011-03-04,110.35
2011-03-07,110.25
2011-03-08,110.0
2011-03-09,109.95
2011-03-10,109.98
2011-03-11,110.0
2011-03-14,110.15
2011-03-15,110.4
2011-03-16,110.15
2011-03-17,110.3
2011-03-18,110.4
2011-03-21,110.35
2011-03-22,110.3
2011-03-23,110.35
2011-03-24,110.3
2011-03-25,110.3
2011-03-28,110.35
2011-03-29,110.35
2011-03-30,110.3
2011-03-31,110.37
2011-04-01,110.3
2011-04-04,110.35
2011-04-05,110.3
2011-04-06,110.2
2011-04-07,110.33
2011-04-08,110.35
2011-04-11,110.25
2011-04-12,110.35
2011-04-13,110.35
2011-04-14,110.35
2011-04-15,110.35
2011-04-18,110.35
2011-04-19,110.35
2011-04-20,110.25
2011-04-21,110.15
2011-04-22,110.04
2011-04-25,110.15
2011-04-26,110.15
2011-04-27,110.05
2011-04-28,109.65
2011-04-29,109.85
2011-05-02,109.85
2011-05-03,109.75
2011-05-04,109.73
2011-05-05,109.65
2011-05-06,109.75
2011-05-09,109.75
2011-05-10,109.7
2011-05-11,109.65
2011-05-12,109.7
2011-05-13,109.72
2011-05-16,109.75
2011-05-17,109.75
2011-05-18,109.75
2011-05-19,109.7
2011-05-20,109.77
2011-05-23,109.88
2011-05-24,109.95
2011-05-25,109.9
2011-05-26,109.85
2011-05-27,109.82
2011-05-31,109.65
2011-06-01,109.65
2011-06-02,109.7
2011-06-03,109.7
2011-06-06,109.55
2011-06-07,109.5
2011-06-08,109.42
2011-06-09,109.4
2011-06-10,109.47
2011-06-13,109.5
2011-06-14,109.5
2011-06-15,109.5
2011-06-16,109.55
2011-06-17,109.52
2011-06-20,109.55
2011-06-21,109.55
2011-06-22,109.55
2011-06-23,109.55
2011-06-24,109.55
2011-06-27,109.6
2011-06-28,109.55
2011-06-29,109.55
2011-06-30,109.45
2011-07-01,109.45
2011-07-05,109.48
2011-07-06,109.48
2011-07-07,109.45
2011-07-08,109.47
2011-07-11,109.45
2011-07-12,109.56
2011-07-13,109.55
2011-07-14,109.45
2011-07-15,109.48
2011-07-18,109.45
2011-07-19,109.45
2011-07-20,109.45
2011-07-21,109.45
2011-07-22,109.4
2011-07-25,109.45
2011-07-26,109.4
2011-07-27,109.45
2011-07-28,109.42
2011-07-29,109.4
2011-08-01,109.3
2011-08-02,109.25
2011-08-03,109.67
2011-08-04,109.63
2011-08-05,109.68
2011-08-08,109.74
2011-08-09,109.75
2011-08-10,109.65
2011-08-11,109.6
2011-08-12,109.6
2011-08-15,109.3
2011-08-16,109.8
2011-08-17,109.8
2011-08-18,109.9
2011-08-19,109.9
2011-08-22,109.9
2011-08-23,109.95
2011-08-24,109.9
2011-08-25,109.95
2011-08-26,109.95
2011-08-29,109.85
2011-08-30,109.7
2011-08-31,109.65
2011-09-01,109.98
2011-09-02,109.95
2011-09-06,109.96
2011-09-07,109.96
2011-09-08,109.96
2011-09-09,110.05
2011-09-12,110.05
2011-09-13,110.08
2011-09-14,109.96
2011-09-15,110.05
2011-09-16,109.96
2011-09-19,109.96
2011-09-20,110.05
2011-09-21,110.15
2011-09-22,110.25
2011-09-23,110.25
2011-09-26,109.96
2011-09-27,110.27
2011-09-28,110.15
2011-09-29,109.96
2011-09-30,110.15
2011-10-03,110.2
2011-10-04,110.15
2011-10-05,110.18
2011-10-06,110.15
2011-10-07,110.15
2011-10-11,110.1
2011-10-12,110.18
2011-10-13,110.15
2011-10-14,110.18
2011-10-17,110.15
2011-10-18,110.15
2011-10-19,109.96
2011-10-20,110.15
2011-10-21,109.96
2011-10-24,109.96
2011-10-25,109.98
2011-10-26,109.98
2011-10-27,109.98
2011-10-28,109.98
2011-10-31,110.06
2011-11-01,110.11
2011-11-02,110.15
2011-11-03,110.15
2011-11-04,110.14
2011-11-07,109.9
2011-11-08,110.06
2011-11-09,110.06
2011-11-10,110.05
2011-11-14,110.06
2011-11-15,110.15
2011-11-16,110.06
2011-11-17,110.06
2011-11-18,110.2
2011-11-21,110.35
2011-11-22,113.82
2011-11-23,113.85
2011-11-25,113.85
2011-11-28,113.82
2011-11-29,113.75
2011-11-30,113.82
2011-12-01,113.85
2011-12-02,113.87
2011-12-05,113.85
2011-12-06,113.72
2011-12-07,113.76
2011-12-08,113.85
2011-12-09,113.72
2011-12-12,113.84
2011-12-13,113.84
2011-12-14,113.78
2011-12-15,113.78
2011-12-16,113.72
2011-12-19,113.81
2011-12-20,113.76
2011-12-21,113.76
2011-12-22,113.87
2011-12-23,113.76
2011-12-27,113.85
2011-12-28,113.85
2011-12-29,113.85
2011-12-30,113.85
2012-01-03,113.82
2012-01-04,113.82
2012-01-05,113.85
2012-01-06,113.82
2012-01-09,113.82
2012-01-10,113.82
2012-01-11,113.82
2012-01-12,113.82
2012-01-13,113.82
2012-01-17,113.82
2012-01-18,113.82
2012-01-19,113.82
2012-01-20,113.88
2012-01-23,113.82
2012-01-24,113.82
2012-01-25,113.88
2012-01-26,113.72
2012-01-27,113.8
2012-01-30,113.75
2012-01-31,113.85
2012-02-01,113.9
2012-02-02,113.75
2012-02-03,113.95
2012-02-06,114.04
2012-02-07,114.18
2012-02-08,113.82
2012-02-09,114.67
2012-02-10,114.8
2012-02-13,116.8
2012-02-14,120.0
2012-02-15,119.2
2012-02-16,118.8
2012-02-17,118.1
2012-02-21,117.85
2012-02-22,118.61
2012-02-23,119.0
2012-02-24,119.7
2012-02-27,120.85
2012-02-28,121.8
2012-02-29,121.8
2012-03-01,122.1
2012-03-02,121.6
2012-03-05,121.8
2012-03-06,121.5
2012-03-07,121.1
2012-03-08,121.3
2012-03-09,121.05
2012-03-12,121.8
2012-03-13,123.3
2012-03-14,124.5
2012-03-15,125.0
2012-03-16,125.45
2012-03-19,130.83
2012-03-20,129.25
2012-03-21,129.91
2012-03-22,130.09
2012-03-23,129.95
2012-03-26,129.9
2012-03-27,129.5
2012-03-28,129.0
2012-03-29,127.5
2012-03-30,128.1
2012-04-02,128.25
2012-04-03,126.0
2012-04-04,125.1
2012-04-05,125.75
2012-04-06,125.75
2012-04-09,125.25
2012-04-10,127.5
2012-04-11,128.3
2012-04-12,128.25
2012-04-13,128.25
2012-04-16,127.84
2012-04-17,128.3
2012-04-18,128.25
2012-04-19,129.56
2012-04-20,130.0
2012-04-23,131.32
2012-04-24,131.5
2012-04-25,132.4
2012-04-26,130.2
2012-04-27,129.55
2012-04-30,129.6
2012-05-01,129.21
2012-05-02,127.5
2012-05-03,126.75
2012-05-04,127.4
2012-05-07,127.2
2012-05-08,127.9
2012-05-09,127.95
2012-05-10,127.4
2012-05-11,127.6
2012-05-14,128.56
2012-05-15,128.89
2012-05-16,128.6
2012-05-17,128.84
2012-05-18,129.64
2012-05-21,129.5
2012-05-22,129.6
2012-05-23,129.8
2012-05-24,130.2
2012-05-25,130.55
2012-05-29,132.0
2012-05-30,131.11
2012-05-31,131.9
2012-06-01,130.5
2012-06-04,130.0
2012-06-05,130.0
2012-06-06,130.0
2012-06-07,130.0
2012-06-08,129.61
2012-06-11,131.8
2012-06-12,132.55
2012-06-13,131.3
2012-06-14,131.8
2012-06-15,131.43
2012-06-18,132.0
2012-06-19,132.6
2012-06-20,132.5
2012-06-21,132.6
2012-06-22,133.0
2012-06-25,133.2
2012-06-26,133.3
2012-06-27,133.3
2012-06-28,133.7
2012-06-29,133.7
2012-07-02,133.13
2012-07-03,133.13
2012-07-05,133.6
2012-07-06,133.2
2012-07-09,133.25
2012-07-10,133.6
2012-07-11,133.5
2012-07-12,133.5
2012-07-13,133.6
2012-07-16,133.5
2012-07-17,133.5
2012-07-18,133.5
2012-07-19,132.11
2012-07-20,130.86
2012-07-23,130.7
2012-07-24,130.3
2012-07-25,130.9
2012-07-26,131.1
2012-07-27,131.8
2012-07-30,131.7
2012-07-31,131.7
2012-08-01,131.7
2012-08-02,131.7
2012-08-03,131.8
2012-08-06,131.85
2012-08-07,131.8
2012-08-08,131.75
2012-08-09,131.81
2012-08-10,131.85
2012-08-13,131.8
2012-08-14,131.8
2012-08-15,131.9
2012-08-16,131.8
2012-08-17,132.25
2012-08-20,132.0
2012-08-21,132.0
2012-08-22,132.2
2012-08-23,132.3
2012-08-24,132.1
2012-08-27,132.4
2012-08-28,132.25
2012-08-29,132.2
2012-08-30,132.3
2012-08-31,132.2
2012-09-04,132.2
2012-09-05,132.2
2012-09-06,132.3
2012-09-07,132.3
2012-09-10,132.2
2012-09-11,132.2
2012-09-12,131.8
2012-09-13,131.7
2012-09-14,131.95
2012-09-17,132.0
2012-09-18,131.8
2012-09-19,131.65
2012-09-20,131.5
2012-09-21,131.3
2012-09-24,131.05
2012-09-25,130.9
2012-09-26,130.8
2012-09-27,129.5
2012-09-28,129.35
2012-10-01,129.0
2012-10-02,129.2
2012-10-03,129.3
2012-10-04,128.8
2012-10-05,128.3
2012-10-09,128.25
2012-10-10,128.3
2012-10-11,128.3
2012-10-12,128.3
2012-10-15,128.3
2012-10-16,128.63
2012-10-17,128.65
2012-10-18,128.7
2012-10-19,128.95
2012-10-22,129.55
2012-10-23,129.8
2012-10-24,130.05
2012-10-25,129.9
2012-10-26,129.7
2012-10-29,129.73
2012-10-30,130.08
2012-10-31,130.1
2012-11-01,130.2
2012-11-02,130.23
2012-11-05,130.4
2012-11-06,130.6
2012-11-07,130.7
2012-11-08,130.5
2012-11-09,130.7
2012-11-13,130.4
2012-11-14,130.15
2012-11-15,129.7
2012-11-16,129.9
2012-11-19,130.07
2012-11-20,130.23
2012-11-21,130.2
2012-11-23,130.13
2012-11-26,130.1
2012-11-27,130.1
2012-11-28,130.05
2012-11-29,130.25
2012-11-30,130.07
2012-12-03,129.3
2012-12-04,128.1
2012-12-05,128.5
2012-12-06,128.6
2012-12-07,128.4
2012-12-10,128.8
2012-12-11,128.7
2012-12-12,128.65
2012-12-13,128.4
2012-12-14,128.45
2012-12-17,128.55
2012-12-18,128.6
2012-12-19,128.25
2012-12-20,127.55
2012-12-21,126.9
2012-12-24,126.9
2012-12-26,126.92
2012-12-27,126.8
2012-12-28,126.85
2012-12-31,127.5
2013-01-02,127.2
2013-01-03,127.45
2013-01-04,127.3
2013-01-07,127.3
2013-01-08,127.07
2013-01-09,126.25
2013-01-10,126.0
2013-01-11,126.2
2013-01-14,126.2
2013-01-15,126.4
2013-01-16,126.55
2013-01-17,126.7
2013-01-18,126.5
2013-01-22,126.6
2013-01-23,127.0
2013-01-24,127.1
2013-01-25,127.1
2013-01-28,127.07
2013-01-29,126.53
2013-01-30,126.4
2013-01-31,126.2
2013-02-01,126.2
2013-02-04,126.2
2013-02-05,126.4
2013-02-06,126.35
2013-02-07,126.0
2013-02-08,126.2
2013-02-11,126.35
2013-02-12,126.25
2013-02-13,126.35
2013-02-14,126.5
2013-02-15,126.65
2013-02-19,127.35
2013-02-20,127.3
2013-02-21,127.0
2013-02-22,127.3
2013-02-25,127.3
2013-02-26,127.35
2013-02-27,127.45
2013-02-28,127.45
2013-03-01,127.38
2013-03-04,127.3
2013-03-05,127.45
2013-03-06,127.18
2013-03-07,127.15
2013-03-08,126.4
2013-03-11,126.4
2013-03-12,126.15
2013-03-13,126.3
2013-03-14,126.2
2013-03-15,126.1
2013-03-18,126.1
2013-03-19,126.6
2013-03-20,126.6
2013-03-21,127.0
2013-03-22,126.8
2013-03-25,126.7
2013-03-26,126.7
2013-03-27,126.75
2013-03-28,126.7
2013-03-29,126.75
2013-04-01,126.3
2013-04-02,126.25
2013-04-03,126.29
2013-04-04,125.72
2013-04-05,125.53
2013-04-08,125.5
2013-04-09,125.5
2013-04-10,125.25
2013-04-11,125.25
2013-04-12,125.3
2013-04-15,125.3
2013-04-16,125.3
2013-04-17,125.5
2013-04-18,125.55
2013-04-19,125.89
2013-04-22,126.6
2013-04-23,126.75
2013-04-24,126.7
2013-04-25,126.7
2013-04-26,126.7
2013-04-29,126.7
2013-04-30,126.7
2013-05-01,126.7
2013-05-02,126.1
2013-05-03,126.2
2013-05-06,126.4
2013-05-07,126.4
2013-05-08,126.0
2013-05-09,125.8
2013-05-10,126.1
2013-05-13,126.2
2013-05-14,126.45
2013-05-15,125.95
2013-05-16,125.6
2013-05-17,126.25
2013-05-20,126.25
2013-05-21,126.35
2013-05-22,126.35
2013-05-23,126.3
2013-05-24,126.3
2013-05-28,126.3
2013-05-29,126.45
2013-05-30,126.45
2013-05-31,126.45
2013-06-03,126.4
2013-06-04,126.4
2013-06-05,126.4
2013-06-06,126.35
2013-06-07,126.3
2013-06-10,126.7
2013-06-11,127.65
2013-06-12,127.35
2013-06-13,127.7
2013-06-14,128.5
2013-06-17,128.5
2013-06-18,128.5
2013-06-19,127.1
2013-06-20,128.3
2013-06-21,128.7
2013-06-24,128.3
2013-06-25,128.85
2013-06-26,129.4
2013-06-27,130.45
2013-06-28,130.4
2013-07-01,130.6
2013-07-02,130.61
2013-07-03,130.5
2013-07-05,130.6
2013-07-08,130.5
2013-07-09,130.7
2013-07-10,130.6
2013-07-11,130.75
2013-07-12,130.75
2013-07-15,130.95
2013-07-16,131.2
2013-07-17,131.55
2013-07-18,131.6
2013-07-19,131.6
2013-07-22,131.6
2013-07-23,131.55
2013-07-24,131.55
2013-07-25,131.55
2013-07-26,131.5
2013-07-29,131.5
2013-07-30,131.55
2013-07-31,131.65
2013-08-01,131.6
2013-08-02,131.6
2013-08-05,131.6
2013-08-06,131.5
2013-08-07,131.6
2013-08-08,131.65
2013-08-09,131.65
2013-08-12,131.6
2013-08-13,131.6
2013-08-14,131.5
2013-08-15,131.35
2013-08-16,131.65
2013-08-19,131.85
2013-08-20,131.75
2013-08-21,131.8
2013-08-22,131.9
2013-08-23,132.5
2013-08-26,132.7
2013-08-27,132.9
2013-08-28,133.1
2013-08-29,133.1
2013-08-30,132.8
2013-09-03,132.95
2013-09-04,132.95
2013-09-05,132.95
2013-09-06,132.98
2013-09-09,132.9
2013-09-10,132.8
2013-09-11,132.3
2013-09-12,132.2
2013-09-13,132.2
2013-09-16,132.2
2013-09-17,132.2
2013-09-18,132.2
2013-09-19,132.2
2013-09-20,132.1
2013-09-23,132.0
2013-09-24,132.1
2013-09-25,131.9
2013-09-26,131.95
2013-09-27,131.95
2013-09-30,131.9
2013-10-01,131.35
2013-10-02,131.4
2013-10-03,131.4
2013-10-04,131.2
2013-10-07,131.1
2013-10-08,131.15
2013-10-09,131.1
2013-10-10,131.1
2013-10-11,131.0
2013-10-15,131.1
2013-10-16,131.1
2013-10-17,130.95
2013-10-18,130.95
2013-10-21,130.85
2013-10-22,130.75
2013-10-23,130.65
2013-10-24,130.5
2013-10-25,130.6
2013-10-28,130.9
2013-10-29,130.9
2013-10-30,131.0
2013-10-31,130.85
2013-11-01,131.0
2013-11-04,131.1
2013-11-05,131.1
2013-11-06,131.1
2013-11-07,131.05
2013-11-08,131.1
2013-11-12,131.05
2013-11-13,131.05
2013-11-14,131.1
2013-11-15,131.1
2013-11-18,131.1
2013-11-19,131.05
2013-11-20,131.05
2013-11-21,131.05
2013-11-22,131.1
2013-11-25,131.1
2013-11-26,131.1
2013-11-27,131.2
2013-11-29,131.2
2013-12-02,131.0
2013-12-03,130.8
2013-12-04,130.78
2013-12-05,130.82
2013-12-06,130.8
2013-12-09,130.73
2013-12-10,130.75
2013-12-11,130.75
2013-12-12,130.85
2013-12-13,130.76
2013-12-16,130.76
2013-12-17,130.8
2013-12-18,130.75
2013-12-19,130.7
2013-12-20,130.65
2013-12-23,130.7
2013-12-24,130.75
2013-12-26,130.7
2013-12-27,130.7
2013-12-30,130.75
2013-12-31,130.75
2014-01-02,130.7
2014-01-03,130.65
2014-01-06,130.7
2014-01-07,130.65
2014-01-08,130.8
2014-01-09,130.65
2014-01-10,130.65
2014-01-13,130.65
2014-01-14,130.65
2014-01-15,130.65
2014-01-16,130.65
2014-01-17,130.65
2014-01-21,130.75
2014-01-22,130.75
2014-01-23,130.7
2014-01-24,130.6
2014-01-27,130.7
2014-01-28,130.8
2014-01-29,130.7
2014-01-30,130.65
2014-01-31,130.7
2014-02-03,130.6
2014-02-04,130.6
2014-02-05,130.62
2014-02-06,130.6
2014-02-07,130.7
2014-02-10,130.7
2014-02-11,130.8
2014-02-12,130.8
2014-02-13,130.8
2014-02-14,130.8
2014-02-18,130.8
2014-02-19,130.82
2014-02-20,130.9
2014-02-21,130.9
2014-02-24,131.0
2014-02-25,131.0
2014-02-26,131.0
2014-02-27,131.0
2014-02-28,130.7
2014-03-03,130.6
2014-03-04,130.6
2014-03-05,130.57
2014-03-06,130.53
2014-03-07,130.55
2014-03-10,130.52
2014-03-11,130.55
2014-03-12,130.55
2014-03-13,130.65
2014-03-14,130.58
2014-03-17,130.55
2014-03-18,130.55
2014-03-19,130.55
2014-03-20,130.55
2014-03-21,130.6
2014-03-24,130.6
2014-03-25,130.6
2014-03-26,130.65
2014-03-27,130.65
2014-03-28,130.65
2014-03-31,130.65
2014-04-01,130.65
2014-04-02,130.7
2014-04-03,130.6
2014-04-04,130.55
2014-04-07,130.68
2014-04-08,130.57
2014-04-09,130.55
2014-04-10,130.58
2014-04-11,130.58
2014-04-14,130.58
2014-04-15,130.58
2014-04-16,130.55
2014-04-17,130.6
2014-04-18,130.6
2014-04-21,130.57
2014-04-22,130.55
2014-04-23,130.6
2014-04-24,130.58
2014-04-25,130.58
2014-04-28,130.58
2014-04-29,130.6
2014-04-30,130.63
2014-05-01,130.63
2014-05-02,130.6
2014-05-05,130.6
2014-05-06,130.57
2014-05-07,130.52
2014-05-08,130.43
2014-05-09,130.32
2014-05-12,130.3
2014-05-13,130.25
2014-05-14,130.25
2014-05-15,130.24
2014-05-16,130.3
2014-05-19,130.26
2014-05-20,130.35
2014-05-21,130.33
2014-05-22,130.35
2014-05-23,130.35
2014-05-27,130.35
2014-05-28,130.35
2014-05-29,130.35
2014-05-30,130.35
2014-06-02,130.3
2014-06-03,130.35
2014-06-04,130.32
2014-06-05,130.28
2014-06-06,130.25
2014-06-09,130.25
2014-06-10,130.25
2014-06-11,130.22
2014-06-12,130.22
2014-06-13,130.2
2014-06-16,130.23
2014-06-17,130.23
2014-06-18,130.25
2014-06-19,130.32
2014-06-20,130.28
2014-06-23,130.27
2014-06-24,130.28
2014-06-25,130.3
2014-06-26,130.3
2014-06-27,130.3
2014-06-30,130.3
2014-07-01,130.27
2014-07-02,130.25
2014-07-03,130.23
2014-07-07,130.26
2014-07-08,130.25
2014-07-09,130.18
2014-07-10,130.2
2014-07-11,130.17
2014-07-14,130.19
2014-07-15,130.17
2014-07-16,130.18
2014-07-17,130.15
2014-07-18,130.23
2014-07-21,130.25
2014-07-22,130.26
2014-07-23,130.23
2014-07-24,130.2
2014-07-25,130.2
2014-07-28,130.2
2014-07-29,130.2
2014-07-30,130.2
2014-07-31,130.2
2014-08-01,130.2
2014-08-04,130.2
2014-08-05,130.2
2014-08-06,130.18
2014-08-07,130.17
2014-08-08,130.17
2014-08-11,130.15
2014-08-12,130.18
2014-08-13,130.21
2014-08-14,130.18
2014-08-15,130.15
2014-08-18,130.13
2014-08-19,130.13
2014-08-20,130.15
2014-08-21,130.2
2014-08-22,130.16
2014-08-25,130.16
2014-08-26,130.18
2014-08-27,130.18
2014-08-28,130.18
2014-08-29,130.21
2014-09-02,130.18
2014-09-03,130.18
2014-09-04,130.18
2014-09-05,130.18
2014-09-08,130.18
2014-09-09,130.18
2014-09-10,130.2
2014-09-11,130.25
2014-09-12,130.25
2014-09-15,130.26
2014-09-16,130.27
2014-09-17,130.27
2014-09-18,130.26
2014-09-19,130.27
2014-09-22,130.27
2014-09-23,130.32
2014-09-24,130.28
2014-09-25,130.3
2014-09-26,130.3
2014-09-29,130.4
2014-09-30,130.4
2014-10-01,130.4
2014-10-02,130.3
2014-10-03,130.26
2014-10-06,130.26
2014-10-07,130.32
2014-10-08,130.32
2014-10-09,130.3
2014-10-10,130.3
2014-10-14,130.6
2014-10-15,130.6
2014-10-16,130.7
2014-10-17,130.55
2014-10-20,130.6
2014-10-21,130.7
2014-10-22,130.7
2014-10-23,130.7
2014-10-24,130.8
2014-10-27,130.8
2014-10-28,130.8
2014-10-29,130.8
2014-10-30,130.8
2014-10-31,130.75
2014-11-03,130.8
2014-11-04,130.85
2014-11-05,130.8
2014-11-06,130.8
2014-11-07,130.85
2014-11-10,130.85
2014-11-12,130.85
2014-11-13,130.9
2014-11-14,130.95
2014-11-17,130.95
2014-11-18,131.0
2014-11-19,131.0
2014-11-20,131.0
2014-11-21,131.0
2014-11-24,131.0
2014-11-25,131.0
2014-11-26,131.1
2014-11-28,131.0
2014-12-01,131.0
2014-12-02,131.0
2014-12-03,131.0
2014-12-04,131.0
2014-12-05,131.1
2014-12-08,131.1
2014-12-09,131.0
2014-12-10,131.0
2014-12-11,131.1
2014-12-12,131.1
2014-12-15,131.1
2014-12-16,131.0
2014-12-17,131.11
2014-12-18,131.23
2014-12-19,131.1
2014-12-22,131.1
2014-12-23,131.1
2014-12-24,131.1
2014-12-29,131.16
2014-12-30,131.1
2014-12-31,131.15
2015-01-02,131.2
2015-01-05,131.2
2015-01-06,131.4
2015-01-07,131.3
2015-01-08,131.5
2015-01-09,131.3
2015-01-12,131.45
2015-01-13,131.4
2015-01-14,131.4
2015-01-15,131.4
2015-01-16,131.25
2015-01-20,131.7
2015-01-21,131.75
2015-01-22,131.85
2015-01-23,131.75
2015-01-26,131.9
2015-01-27,131.9
2015-01-28,132.25
2015-01-29,132.1
2015-01-30,132.15
2015-02-02,132.2
2015-02-03,132.2
2015-02-04,132.2
2015-02-05,132.2
2015-02-06,132.87
2015-02-09,132.8
2015-02-10,132.8
2015-02-11,132.8
2015-02-12,132.8
2015-02-13,132.8
2015-02-17,132.9
2015-02-18,132.8
2015-02-19,132.85
2015-02-20,132.9
2015-02-23,132.9
2015-02-24,132.9
2015-02-25,132.9
2015-02-26,132.9
2015-02-27,133.0
2015-03-02,132.9
2015-03-03,132.9
2015-03-04,132.9
2015-03-05,132.9
2015-03-06,132.9
2015-03-09,132.95
2015-03-10,132.9
2015-03-11,132.9
2015-03-12,132.9
2015-03-13,132.9
2015-03-16,132.9
2015-03-17,132.9
2015-03-18,132.9
2015-03-19,133.1
2015-03-20,133.1
2015-03-23,133.1
2015-03-24,133.1
2015-03-25,133.1
2015-03-26,132.9
2015-03-27,132.9
2015-03-30,132.9
2015-03-31,132.95
2015-04-01,132.9
2015-04-02,132.9
2015-04-03,132.9
2015-04-06,132.9
2015-04-07,132.9
2015-04-08,132.9
2015-04-09,133.0
2015-04-10,132.9
2015-04-13,132.9
2015-04-14,132.9
2015-04-15,132.9
2015-04-16,132.9
2015-04-17,132.9
2015-04-20,132.9
2015-04-21,132.9
2015-04-22,132.9
2015-04-23,133.1
2015-04-24,132.9
2015-04-27,132.9
2015-04-28,132.9
2015-04-29,132.9
2015-04-30,133.1
2015-05-01,133.1
2015-05-04,133.1
2015-05-05,132.9
2015-05-06,133.3
2015-05-07,133.3
2015-05-08,133.3
2015-05-11,133.3
2015-05-12,133.5
2015-05-13,133.5
2015-05-14,133.4
2015-05-15,133.4
2015-05-18,133.3
2015-05-19,133.5
2015-05-20,133.5
2015-05-21,133.6
2015-05-22,133.6
2015-05-26,133.9
2015-05-27,133.9
2015-05-28,133.9
2015-05-29,133.9
2015-06-01,133.9
2015-06-02,133.9
2015-06-03,133.9
2015-06-04,133.9
2015-06-05,133.9
2015-06-08,133.9
2015-06-09,133.8
2015-06-10,133.8
2015-06-11,133.8
2015-06-12,134.0
2015-06-15,134.0
2015-06-16,134.0
2015-06-17,134.0
2015-06-18,134.2
2015-06-19,134.2
2015-06-22,133.9
2015-06-23,133.9
2015-06-24,134.21
2015-06-25,134.18
2015-06-26,133.72
2015-06-29,133.74
2015-06-30,133.79
2015-07-01,133.8
2015-07-02,133.59
2015-07-06,133.79
2015-07-07,133.78
2015-07-08,133.59
2015-07-09,133.55
2015-07-10,133.55
2015-07-13,133.69
2015-07-14,133.79
2015-07-15,133.78
2015-07-16,133.8
2015-07-17,133.8
2015-07-20,133.75
2015-07-21,133.74
2015-07-22,133.7
2015-07-23,133.7
2015-07-24,133.59
2015-07-27,133.56
2015-07-28,133.55
2015-07-29,133.63
2015-07-30,133.61
2015-07-31,133.66
2015-08-03,133.64
2015-08-04,133.62
2015-08-05,133.59
2015-08-06,133.71
2015-08-07,133.71
2015-08-10,133.75
2015-08-11,133.75
2015-08-12,133.8
2015-08-13,133.9
2015-08-14,133.83
2015-08-17,134.0
2015-08-18,133.71
2015-08-19,133.84
2015-08-20,133.9
2015-08-21,133.98
2015-08-24,134.09
2015-08-25,133.81
2015-08-26,133.81
2015-08-27,134.14
2015-08-28,133.81
2015-08-31,134.5
2015-09-01,134.5
2015-09-02,134.4
2015-09-03,134.75
2015-09-04,137.5
2015-09-08,138.24
2015-09-09,138.75
2015-09-10,138.89
2015-09-11,139.0
2015-09-14,139.59
2015-09-15,139.79
2015-09-16,140.79
2015-09-17,140.3
2015-09-18,140.39
2015-09-21,140.75
2015-09-22,140.89
2015-09-23,140.89
2015-09-24,140.88
2015-09-25,140.5
2015-09-28,140.88
2015-09-29,140.96
2015-09-30,141.25
2015-10-01,140.89
2015-10-02,141.15
2015-10-05,141.2
2015-10-06,140.88
2015-10-07,140.87
2015-10-08,140.88
2015-10-09,140.85
2015-10-13,140.85
2015-10-14,140.9
2015-10-15,140.2
2015-10-16,140.5
2015-10-19,140.5
2015-10-20,140.87
2015-10-21,140.94
2015-10-22,140.99
2015-10-23,140.5
2015-10-26,140.99
2015-10-27,140.98
2015-10-28,140.99
2015-10-29,140.98
2015-10-30,140.96
2015-11-02,140.96
2015-11-03,140.96
2015-11-04,141.45
2015-11-05,140.96
2015-11-06,140.96
2015-11-09,141.9
2015-11-10,141.9
2015-11-12,141.9
2015-11-13,141.95
2015-11-16,142.0
2015-11-17,142.2
2015-11-18,142.2
2015-11-19,142.2
2015-11-20,141.69
2015-11-23,142.65
2015-11-24,142.76
2015-11-25,142.76
2015-11-27,143.15
2015-11-30,142.76
2015-12-01,142.76
2015-12-02,142.76
2015-12-03,142.76
2015-12-04,142.76
2015-12-07,143.15
2015-12-08,143.2
2015-12-09,143.15
2015-12-10,143.15
2015-12-11,143.15
2015-12-14,143.5
2015-12-15,143.5
2015-12-16,143.6
2015-12-17,143.12
2015-12-18,143.41
2015-12-21,143.5
2015-12-22,143.65
2015-12-23,143.6
2015-12-24,143.6
2015-12-28,143.65
2015-12-29,143.65
2015-12-30,144.1
2015-12-31,143.65
2016-01-04,143.54
2016-01-05,144.2
2016-01-06,143.9
2016-01-07,143.68
2016-01-08,143.56
2016-01-11,143.68
2016-01-12,143.68
2016-01-13,143.68
2016-01-14,143.4
2016-01-15,143.26
2016-01-19,143.4
2016-01-20,143.4
2016-01-21,143.4
2016-01-22,143.4
2016-01-25,143.76
2016-01-26,143.24
2016-01-27,143.54
2016-01-28,143.54
2016-01-29,143.2
2016-02-01,143.81
2016-02-02,143.65
2016-02-03,143.27
2016-02-04,143.27
2016-02-05,143.34
2016-02-08,143.33
2016-02-09,143.95
2016-02-10,143.9
2016-02-11,143.9
2016-02-12,143.45
2016-02-16,143.96
2016-02-17,143.86
2016-02-18,143.86
2016-02-19,143.86
2016-02-22,143.28
2016-02-23,143.32
2016-02-24,143.26
2016-02-25,143.55
2016-02-26,143.9
2016-02-29,144.06
2016-03-01,143.8
2016-03-02,144.5
2016-03-03,143.72
2016-03-04,144.31
2016-03-07,144.31
2016-03-08,144.15
2016-03-09,144.23
2016-03-10,144.17
2016-03-11,144.9
2016-03-14,144.8
2016-03-15,144.8
2016-03-16,144.9
2016-03-17,144.52
2016-03-18,144.85
2016-03-21,144.62
2016-03-22,144.62
2016-03-23,145.6
2016-03-24,146.3
2016-03-25,146.51
2016-03-28,147.2
2016-03-29,147.6
2016-03-30,148.41
2016-03-31,145.25
2016-04-01,145.25
2016-04-04,145.0
2016-04-05,144.36
2016-04-06,144.5
2016-04-07,144.5
2016-04-08,144.5
2016-04-11,144.7
2016-04-12,145.44
2016-04-13,145.44
2016-04-14,145.6
2016-04-15,144.5
2016-04-18,144.75
2016-04-19,146.3
2016-04-20,145.3
2016-04-21,145.3
2016-04-22,146.2
2016-04-25,145.2
2016-04-26,145.38
2016-04-27,145.52
2016-04-28,145.5
2016-04-29,146.0
2016-05-02,145.43
2016-05-03,145.4
2016-05-04,145.5
2016-05-05,145.4
2016-05-06,145.4
2016-05-09,145.59
2016-05-10,145.4
2016-05-11,145.2
2016-05-12,145.5
2016-05-13,145.65
2016-05-16,145.9
2016-05-17,146.05
2016-05-18,146.2
2016-05-19,146.03
2016-05-20,146.15
2016-05-23,146.22
2016-05-24,146.32
2016-05-25,146.2
2016-05-26,146.03
2016-05-27,146.7
2016-05-31,147.8
2016-06-01,146.9
2016-06-02,147.55
2016-06-03,146.8
2016-06-06,145.55
2016-06-07,145.65
2016-06-08,145.4
2016-06-09,145.3
2016-06-10,144.9
2016-06-13,144.75
2016-06-14,144.8
2016-06-15,144.38
2016-06-16,144.76
2016-06-17,145.0
2016-06-20,145.5
2016-06-21,145.5
2016-06-22,146.85
2016-06-23,146.9
2016-06-24,146.6
2016-06-27,147.0
2016-06-28,147.45
2016-06-29,146.2
2016-06-30,145.2
2016-07-01,145.75
2016-07-05,146.25
2016-07-06,145.35
2016-07-07,145.25
2016-07-08,144.75
2016-07-11,145.0
2016-07-12,145.25
2016-07-13,145.5
2016-07-14,145.1
2016-07-15,144.71
2016-07-18,145.5
2016-07-19,144.71
2016-07-20,145.75
2016-07-21,145.75
2016-07-22,145.5
2016-07-25,145.5
2016-07-26,145.5
2016-07-27,145.6
2016-07-28,145.7
2016-07-29,145.6
2016-08-01,144.76
2016-08-02,145.55
2016-08-03,145.5
2016-08-04,145.5
2016-08-05,145.4
2016-08-08,144.62
2016-08-09,145.25
2016-08-10,145.5
2016-08-11,145.2
2016-08-12,145.2
2016-08-15,145.1
2016-08-16,145.3
2016-08-17,144.39
2016-08-18,145.4
2016-08-19,145.1
2016-08-22,145.05
2016-08-23,145.5
2016-08-24,145.4
2016-08-25,145.1
2016-08-26,145.25
2016-08-29,145.6
2016-08-30,144.71
2016-08-31,145.3
2016-09-01,145.3
2016-09-02,145.5
2016-09-06,145.3
2016-09-07,145.1
2016-09-08,145.1
2016-09-09,144.8
2016-09-12,144.62
2016-09-13,144.8
2016-09-14,145.5
2016-09-15,145.4
2016-09-16,144.9
2016-09-19,145.1
2016-09-20,145.7
2016-09-21,145.8
2016-09-22,145.8
2016-09-23,145.8
2016-09-26,146.15
2016-09-27,145.75
2016-09-28,145.9
2016-09-29,146.1
2016-09-30,146.2
2016-10-03,146.25
2016-10-04,146.1
2016-10-05,146.1
2016-10-06,146.15
2016-10-07,146.25
2016-10-11,146.45
2016-10-12,146.8
2016-10-13,146.6
2016-10-14,146.55
2016-10-17,146.8
2016-10-18,146.75
2016-10-19,146.9
2016-10-20,146.7
2016-10-21,147.0
2016-10-24,146.9
2016-10-25,147.1
2016-10-26,147.1
2016-10-27,147.5
2016-10-28,147.6
2016-10-31,147.6
2016-11-01,147.5
2016-11-02,147.75
2016-11-03,147.5
2016-11-04,147.5
2016-11-07,147.75
2016-11-08,147.5
2016-11-09,147.6
2016-11-10,147.4
2016-11-14,147.3
2016-11-15,147.75
2016-11-16,147.75
2016-11-17,147.75
2016-11-18,148.0
2016-11-21,147.95
2016-11-22,148.0
2016-11-23,148.0
2016-11-25,148.2
2016-11-28,148.2
2016-11-29,148.4
2016-11-30,148.4
2016-12-01,148.1
2016-12-02,148.3
2016-12-05,148.1
2016-12-06,148.8
2016-12-07,148.4
2016-12-08,148.5
2016-12-09,148.6
2016-12-12,148.4
2016-12-13,148.4
2016-12-14,148.3
2016-12-15,148.4
2016-12-16,149.22
2016-12-19,149.0
2016-12-20,148.75
2016-12-21,149.05
2016-12-22,149.6
2016-12-23,149.5
2016-12-27,149.2
2016-12-28,149.3
2016-12-29,149.6
2016-12-30,149.6
2017-01-03,149.8
2017-01-04,149.35
2017-01-05,149.7
2017-01-06,149.7
2017-01-09,149.6
2017-01-10,149.6
2017-01-11,149.8
2017-01-12,149.8
2017-01-13,149.8
2017-01-17,149.65
2017-01-18,150.1
2017-01-19,149.7
2017-01-23,149.9
2017-01-24,149.95
2017-01-25,150.05
2017-01-26,150.05
2017-01-27,150.0
2017-01-30,150.2
2017-01-31,150.1
2017-02-01,150.5
2017-02-02,150.2
2017-02-03,150.2
2017-02-06,150.53
2017-02-07,150.5
2017-02-08,150.5
2017-02-09,150.5
2017-02-10,150.35
2017-02-13,150.45
2017-02-14,150.43
2017-02-15,150.58
2017-02-16,150.6
2017-02-17,151.13
2017-02-21,151.25
2017-02-22,152.0
2017-02-23,152.0
2017-02-24,151.85
2017-02-27,151.75
2017-02-28,151.25
2017-03-01,151.25
2017-03-02,151.1
2017-03-03,151.1
2017-03-06,151.0
2017-03-07,151.2
2017-03-08,151.0
2017-03-09,151.25
2017-03-10,151.25
2017-03-13,151.45
2017-03-14,151.4
2017-03-15,151.6
2017-03-16,151.4
2017-03-17,151.75
2017-03-20,151.98
2017-03-21,151.5
2017-03-22,151.71
2017-03-23,151.71
2017-03-24,151.4
2017-03-27,151.7
2017-03-28,151.8
2017-03-29,152.05
2017-03-30,151.98
2017-03-31,152.03
2017-04-03,151.75
2017-04-04,151.7
2017-04-05,151.55
2017-04-06,151.7
2017-04-07,151.6
2017-04-10,151.37
2017-04-11,152.23
2017-04-12,152.13
2017-04-13,151.98
2017-04-14,151.83
2017-04-17,151.8
2017-04-18,151.8
2017-04-19,152.0
2017-04-20,151.95
2017-04-21,152.0
2017-04-24,152.0
2017-04-25,151.75
2017-04-26,151.9
2017-04-27,152.1
2017-04-28,152.1
2017-05-01,151.95
2017-05-02,151.95
2017-05-03,151.86
2017-05-04,152.25
2017-05-05,152.25
2017-05-08,152.15
2017-05-09,152.2
2017-05-10,152.05
2017-05-11,152.01
2017-05-12,152.4
2017-05-15,152.4
2017-05-16,152.6
2017-05-17,152.55
2017-05-18,152.6
2017-05-19,152.4
2017-05-22,152.7
2017-05-23,152.65
2017-05-24,152.6
2017-05-25,152.78
2017-05-26,152.75
2017-05-30,152.75
2017-05-31,152.75
2017-06-01,152.7
2017-06-02,151.85
2017-06-05,152.6
2017-06-06,152.5
2017-06-07,152.7
2017-06-08,151.91
2017-06-09,152.73
2017-06-12,152.02
2017-06-13,152.75
2017-06-14,152.7
2017-06-15,152.9
2017-06-16,152.8
2017-06-19,153.1
2017-06-20,153.15
2017-06-21,153.1
2017-06-22,153.1
2017-06-23,153.25
2017-06-26,152.62
2017-06-27,153.2
2017-06-28,153.25
2017-06-29,153.4
2017-06-30,153.45
2017-07-03,153.5
2017-07-05,153.6
2017-07-06,153.4
2017-07-07,153.55
2017-07-10,153.6
2017-07-11,153.7
2017-07-12,153.65
2017-07-13,153.6
2017-07-14,153.6
2017-07-17,153.7
2017-07-18,153.75
2017-07-19,153.6
2017-07-20,153.6
2017-07-21,153.6
2017-07-24,153.45
2017-07-25,153.45
2017-07-26,153.55
2017-07-27,153.65
2017-07-28,153.7
2017-07-31,153.5
2017-08-01,153.1
2017-08-02,153.45
2017-08-03,153.4
2017-08-04,153.4
2017-08-07,153.4
2017-08-08,153.25
2017-08-09,153.2
2017-08-10,153.25
2017-08-11,153.0
2017-08-14,153.1
2017-08-15,153.15
2017-08-16,153.2
2017-08-17,153.25
2017-08-18,153.25
2017-08-21,153.1
2017-08-22,152.9
2017-08-23,152.9
2017-08-24,152.9
2017-08-25,152.9
2017-08-28,152.9
2017-08-29,152.8
2017-08-30,152.75
2017-08-31,152.7
2017-09-01,152.7
2017-09-05,152.35
2017-09-06,152.6
2017-09-07,152.6
2017-09-08,152.7
2017-09-11,152.75
2017-09-12,152.8
2017-09-13,152.95
2017-09-14,152.85
2017-09-15,152.85
2017-09-18,152.95
2017-09-19,153.1
2017-09-20,152.6
2017-09-21,152.7
2017-09-22,152.7
2017-09-25,152.95
2017-09-26,152.95
2017-09-27,153.05
2017-09-28,153.05
2017-09-29,153.05
2017-10-02,153.05
2017-10-03,153.2
2017-10-04,153.2
2017-10-05,153.2
2017-10-06,153.2
2017-10-10,153.4
2017-10-11,153.4
2017-10-12,153.7
2017-10-13,153.7
2017-10-16,153.55
2017-10-17,153.6
2017-10-18,153.6
2017-10-19,153.6
2017-10-20,153.65
2017-10-23,153.6
2017-10-24,153.75
2017-10-25,153.8
2017-10-26,153.55
2017-10-27,153.5
2017-10-30,153.5
2017-10-31,153.55
2017-11-01,153.65
2017-11-02,153.55
2017-11-03,153.55
2017-11-06,153.55
2017-11-07,153.35
2017-11-08,153.3
2017-11-09,153.5
2017-11-13,153.6
2017-11-14,153.55
2017-11-15,153.75
2017-11-16,153.6
2017-11-17,153.6
2017-11-20,153.6
2017-11-21,153.75
2017-11-22,153.7
2017-11-24,153.7
2017-11-27,153.55
2017-11-28,153.75
2017-11-29,153.7
2017-11-30,153.55
2017-12-01,153.55
2017-12-04,153.55
2017-12-05,153.3
2017-12-06,153.25
2017-12-07,153.35
2017-12-08,153.1
2017-12-11,153.1
2017-12-12,153.07
2017-12-13,153.1
2017-12-14,153.15
2017-12-15,153.1
2017-12-18,153.1
2017-12-19,153.1
2017-12-20,153.0
2017-12-21,152.85
2017-12-22,152.85
2017-12-26,152.6
2017-12-27,152.35
2017-12-28,153.3
2017-12-29,153.4
2018-01-02,153.4
2018-01-03,153.6
2018-01-04,153.6
2018-01-05,153.45
2018-01-08,153.7
2018-01-09,153.7
2018-01-10,153.75
2018-01-11,153.7
2018-01-12,153.9
2018-01-16,153.85
2018-01-17,153.9
2018-01-18,153.75
2018-01-19,153.75
2018-01-22,154.0
2018-01-23,154.1
2018-01-24,153.7
2018-01-25,153.7
2018-01-26,153.65
2018-01-29,153.65
2018-01-30,153.9
2018-01-31,153.9
2018-02-01,154.05
2018-02-02,154.2
2018-02-05,154.2
2018-02-06,154.65
2018-02-07,154.5
2018-02-08,154.3
2018-02-09,154.3
2018-02-12,154.85
2018-02-13,154.85
2018-02-14,155.5
2018-02-15,154.85
2018-02-16,155.1
2018-02-20,155.4
2018-02-21,155.15
2018-02-22,155.15
2018-02-23,155.1
2018-02-26,154.8
2018-02-27,154.8
2018-02-28,154.95
2018-03-01,154.95
2018-03-02,155.15
2018-03-05,154.9
2018-03-06,155.0
2018-03-07,155.3
2018-03-08,155.35
2018-03-09,155.4
2018-03-12,155.6
2018-03-13,155.65
2018-03-14,155.8
2018-03-15,155.95
2018-03-16,155.95
2018-03-19,156.0
2018-03-20,156.05
2018-03-21,156.0
2018-03-22,156.1
2018-03-23,156.1
2018-03-26,156.0
2018-03-27,156.0
2018-03-28,155.6
2018-03-29,155.6
2018-03-30,155.6
2018-04-02,155.15
2018-04-03,155.75
2018-04-04,155.85
2018-04-05,155.4
2018-04-06,155.4
2018-04-09,155.45
2018-04-10,155.45
2018-04-11,155.6
2018-04-12,155.6
2018-04-13,155.6
2018-04-16,155.8
2018-04-17,156.3
2018-04-18,156.3
2018-04-19,156.05
2018-04-20,156.3
2018-04-23,156.75
2018-04-24,156.85
2018-04-25,157.6
2018-04-26,157.5
2018-04-27,157.6
2018-04-30,157.6
2018-05-01,157.55
2018-05-02,157.45
2018-05-03,157.65
2018-05-04,157.43
2018-05-07,157.43
2018-05-08,157.45
2018-05-09,157.85
2018-05-10,157.7
2018-05-11,157.7
2018-05-14,157.95
2018-05-15,158.0
2018-05-16,158.0
2018-05-17,157.7
2018-05-18,157.65
2018-05-21,157.7
2018-05-22,157.8
2018-05-23,157.75
2018-05-24,157.9
2018-05-25,157.9
2018-05-29,157.85
2018-05-30,158.0
2018-05-31,158.15
2018-06-01,158.55
2018-06-04,158.45
2018-06-05,158.2
2018-06-06,158.6
2018-06-07,158.8
2018-06-08,159.0
2018-06-11,159.1
2018-06-12,159.4
2018-06-13,159.6
2018-06-14,159.5
2018-06-15,159.5
2018-06-18,159.8
2018-06-19,159.9
2018-06-20,159.8
2018-06-21,159.4
2018-06-22,158.9
2018-06-25,158.8
2018-06-26,158.25
2018-06-27,158.25
2018-06-28,158.2
2018-06-29,158.2
2018-07-02,158.3
2018-07-03,158.3
2018-07-05,158.9
2018-07-06,159.1
2018-07-09,159.25
2018-07-10,159.2
2018-07-11,159.3
2018-07-12,159.3
2018-07-13,159.45
2018-07-16,159.7
2018-07-17,159.8
2018-07-18,159.8
2018-07-19,159.85
2018-07-20,159.85
2018-07-23,159.4
2018-07-24,159.35
2018-07-25,159.5
2018-07-26,159.5
2018-07-27,159.5
2018-07-30,159.55
2018-07-31,159.55
2018-08-01,159.4
2018-08-02,159.6
2018-08-03,159.7
2018-08-06,159.65
2018-08-07,159.65
2018-08-08,159.75
2018-08-09,159.85
2018-08-10,159.85
2018-08-13,159.9
2018-08-14,160.05
2018-08-15,160.05
2018-08-16,160.4
2018-08-17,160.35
2018-08-20,160.4
2018-08-21,160.5
2018-08-22,160.5
2018-08-23,160.6
2018-08-24,160.9
2018-08-27,161.05
2018-08-28,161.2
2018-08-29,161.3
2018-08-30,161.35
2018-08-31,161.4
2018-09-04,161.8
2018-09-05,162.1
2018-09-06,161.4
2018-09-07,161.95
2018-09-10,162.3
2018-09-11,162.2
2018-09-12,162.4
2018-09-13,162.75
2018-09-14,163.6
2018-09-17,164.8
2018-09-18,165.7
2018-09-19,167.0
2018-09-20,168.6
2018-09-21,168.6
2018-09-24,168.6
2018-09-25,168.55
2018-09-26,168.8
2018-09-27,169.1
2018-09-28,169.0
2018-10-01,168.9
2018-10-02,169.2
2018-10-03,169.7
2018-10-04,169.85
2018-10-05,170.2
2018-10-09,170.9
2018-10-10,171.0
2018-10-11,171.1
2018-10-12,169.5
2018-10-15,170.1
2018-10-16,170.6
2018-10-17,170.8
2018-10-18,171.1
2018-10-19,171.6
2018-10-22,172.4
2018-10-23,172.4
2018-10-24,172.4
2018-10-25,172.5
2018-10-26,172.6
2018-10-29,173.7
2018-10-30,174.1
2018-10-31,175.3
2018-11-01,174.0
2018-11-02,174.1
2018-11-05,174.1
2018-11-06,174.1
2018-11-07,174.5
2018-11-08,174.7
2018-11-09,174.9
2018-11-13,175.9
2018-11-14,175.9
2018-11-15,176.45
2018-11-16,176.5
2018-11-19,177.0
2018-11-20,177.0
2018-11-21,178.5
2018-11-23,179.4
2018-11-26,180.0
2018-11-27,180.1
2018-11-28,179.4
2018-11-29,179.5
2018-11-30,178.5
2018-12-03,178.6
2018-12-04,178.8
2018-12-06,179.0
2018-12-07,178.4
2018-12-10,178.7
2018-12-11,179.1
2018-12-12,179.25
2018-12-13,179.5
2018-12-14,179.6
2018-12-17,179.7
2018-12-18,179.8
2018-12-19,180.1
2018-12-20,180.75
2018-12-21,181.0
2018-12-26,181.73
2018-12-27,182.1
2018-12-28,182.7
2018-12-31,182.6
2019-01-02,182.8
2019-01-03,182.65
2019-01-04,182.5
2019-01-07,182.1
2019-01-08,182.5
2019-01-09,182.3
2019-01-10,181.9
2019-01-11,181.8
2019-01-15,182.1
2019-01-16,182.2
2019-01-17,181.4
2019-01-18,181.4
2019-01-22,182.05
2019-01-23,182.0
2019-01-24,181.5
2019-01-25,181.5
2019-01-28,181.45
2019-01-29,180.6
2019-01-30,179.15
2019-01-31,178.15
2019-02-01,176.4
2019-02-04,176.4
2019-02-05,178.0
2019-02-06,177.4
2019-02-07,177.5
2019-02-08,177.5
2019-02-11,177.55
2019-02-12,178.2
2019-02-13,178.3
2019-02-14,178.4
2019-02-15,178.5
2019-02-19,179.4
2019-02-21,179.35
2019-02-22,179.3
2019-02-25,179.6
2019-02-26,179.7
2019-02-27,179.7
2019-02-28,179.9
2019-03-01,179.6
2019-03-04,179.6
2019-03-05,178.85
2019-03-06,178.3
2019-03-07,178.5
2019-03-08,178.4
2019-03-11,178.45
2019-03-12,178.6
2019-03-13,178.8
2019-03-14,178.8
2019-03-15,178.4
2019-03-18,178.2
2019-03-19,178.4
2019-03-20,178.4
2019-03-21,177.95
2019-03-22,177.95
2019-03-25,178.05
2019-03-26,177.25
2019-03-27,176.05
2019-03-28,176.1
2019-03-29,175.35
2019-04-01,174.25
2019-04-02,174.4
2019-04-03,174.6
2019-04-04,174.5
2019-04-05,174.7
2019-04-08,174.55
2019-04-09,174.65
2019-04-10,174.55
2019-04-11,174.45
2019-04-12,174.5
2019-04-15,174.5
2019-04-16,174.6
2019-04-17,174.5
2019-04-18,173.95
2019-04-19,173.95
2019-04-22,174.5
2019-04-23,174.5
2019-04-24,174.7
2019-04-25,175.0
2019-04-26,175.2
2019-04-29,175.6
2019-04-30,176.0
2019-05-01,176.0
2019-05-02,176.4
2019-05-03,177.15
2019-05-06,177.2
2019-05-07,176.75
2019-05-08,174.4
2019-05-09,175.2
2019-05-10,175.98
2019-05-13,176.5
2019-05-14,176.39
2019-05-15,176.1
2019-05-16,175.9
2019-05-17,175.7
2019-05-20,175.7
2019-05-21,176.07
2019-05-22,176.35
2019-05-23,176.35
2019-05-24,176.35
2019-05-28,176.15
2019-05-29,176.15
2019-05-30,176.25
2019-05-31,176.26
2019-06-03,176.4
2019-06-04,176.35
2019-06-05,176.25
2019-06-06,176.35
2019-06-07,176.25
2019-06-10,176.3
2019-06-11,176.39
2019-06-12,176.44
2019-06-13,176.5
2019-06-14,176.68
2019-06-17,176.7
2019-06-18,176.66
2019-06-19,176.66
2019-06-20,176.65
2019-06-21,176.55
2019-06-24,176.4
2019-06-25,176.39
2019-06-26,176.5
2019-06-27,176.5
2019-06-28,176.35
2019-07-01,176.2
2019-07-02,176.25
2019-07-03,175.95
2019-07-05,176.05
2019-07-08,176.1
2019-07-09,175.6
2019-07-10,175.3
2019-07-11,175.3
2019-07-12,175.4
2019-07-15,175.6
2019-07-16,176.01
2019-07-17,175.6
2019-07-18,175.65
2019-07-19,175.75
2019-07-22,175.75
2019-07-23,176.0
2019-07-24,176.16
2019-07-25,176.1
2019-07-26,176.1
2019-07-29,176.11
2019-07-30,176.15
2019-07-31,176.3
2019-08-01,176.44
2019-08-02,176.6
2019-08-05,176.8
2019-08-06,177.35
2019-08-07,177.3
2019-08-08,176.8
2019-08-09,176.75
2019-08-12,176.75
2019-08-13,176.85
2019-08-14,176.85
2019-08-15,177.1
2019-08-16,177.1
2019-08-19,177.3
2019-08-20,177.9
2019-08-21,178.75
2019-08-22,179.4
2019-08-23,179.81
2019-08-26,179.5
2019-08-27,179.65
2019-08-28,180.2
2019-08-29,180.25
2019-08-30,179.2
2019-09-03,180.2
2019-09-04,180.45
2019-09-05,180.65
2019-09-06,180.8
2019-09-09,180.4
2019-09-10,180.3
2019-09-11,180.27
2019-09-12,180.3
2019-09-13,179.74
2019-09-16,180.35
2019-09-17,180.55
2019-09-18,180.65
2019-09-19,180.85
2019-09-20,181.1
2019-09-23,181.4
2019-09-24,181.05
2019-09-25,181.44
2019-09-26,181.65
2019-09-27,181.8
2019-09-30,182.0
2019-10-01,182.2
2019-10-02,181.7
2019-10-03,181.37
2019-10-04,181.35
2019-10-07,180.87
2019-10-08,180.3
2019-10-09,180.45
2019-10-10,180.5
2019-10-11,180.65
2019-10-15,181.65
2019-10-16,181.9
2019-10-17,181.9
2019-10-18,181.9
2019-10-21,181.7
2019-10-22,181.55
2019-10-23,181.3
2019-10-24,181.1
2019-10-25,181.2
2019-10-28,181.35
2019-10-29,181.45
2019-10-30,181.5
2019-10-31,181.05
2019-11-01,181.1
2019-11-04,180.45
2019-11-05,180.2
2019-11-06,180.5
2019-11-07,180.69
2019-11-08,180.5
2019-11-12,180.33
2019-11-13,180.2
2019-11-14,180.3
2019-11-15,180.06
2019-11-18,179.45
2019-11-19,179.25
2019-11-20,179.2
2019-11-21,179.6
2019-11-22,179.93
2019-11-25,180.85
2019-11-26,181.5
2019-11-27,180.95
2019-11-29,180.85
2019-12-02,181.25
2019-12-03,181.5
2019-12-04,181.14
2019-12-05,181.4
2019-12-06,181.1
2019-12-09,181.13
2019-12-10,181.03
2019-12-11,181.03
2019-12-12,180.8
2019-12-13,181.0
2019-12-16,181.07
2019-12-17,181.1
2019-12-18,181.1
2019-12-19,181.4
2019-12-20,181.0
2019-12-23,181.25
2019-12-24,181.3
2019-12-26,181.3
2019-12-27,181.35
2019-12-30,181.6
2019-12-31,181.3
2020-01-02,181.16
2020-01-03,181.2
2020-01-06,181.2
2020-01-07,181.16
2020-01-08,181.5
2020-01-09,181.3
2020-01-10,181.09
2020-01-13,181.45
2020-01-14,181.39
2020-01-15,181.39
2020-01-16,181.39
2020-01-17,181.16
2020-01-21,181.35
2020-01-22,181.35
2020-01-23,181.45
2020-01-24,181.5
2020-01-27,181.4
2020-01-28,181.17
2020-01-29,181.4
2020-01-30,181.4
2020-01-31,181.35
2020-02-03,181.4
2020-02-04,181.39
2020-02-05,181.39
2020-02-06,181.3
2020-02-07,181.35
2020-02-10,181.39
2020-02-11,181.4
2020-02-12,181.35
2020-02-13,181.4
2020-02-14,181.41
2020-02-18,181.5
2020-02-19,181.9
2020-02-20,181.55
2020-02-21,181.35
2020-02-24,181.65
2020-02-25,181.6
2020-02-26,181.6
2020-02-27,181.75
2020-02-28,181.85
2020-03-02,182.1
2020-03-03,182.0
2020-03-04,181.95
2020-03-05,181.8
2020-03-06,181.85
2020-03-09,181.55
2020-03-10,182.4
2020-03-11,182.49
2020-03-12,182.75
2020-03-13,183.61
2020-03-16,183.9
2020-03-17,184.8
2020-03-18,185.65
2020-03-19,186.33
2020-03-20,187.0
2020-03-23,186.69
2020-03-24,186.69
2020-03-25,186.69
2020-03-26,186.69
2020-03-27,186.69
2020-03-30,186.69
2020-03-31,186.69
2020-04-01,186.69
2020-04-02,186.69
2020-04-03,190.1
2020-04-06,193.0
2020-04-07,191.6
2020-04-08,191.6
2020-04-09,190.5
2020-04-10,191.6
2020-04-13,191.6
2020-04-14,191.6
2020-04-15,191.6
2020-04-16,191.5
2020-04-17,191.5
2020-04-20,192.0
2020-04-21,192.0
2020-04-22,193.0
2020-04-23,192.5
2020-04-24,192.41
2020-04-27,192.33
2020-04-28,192.2
2020-04-29,191.88
2020-04-30,191.88
2020-05-01,191.88
2020-05-04,190.21
2020-05-05,188.6
2020-05-06,187.58
2020-05-07,187.58
2020-05-08,187.58
2020-05-11,188.0
2020-05-12,188.0
2020-05-13,188.0
2020-05-14,187.5
2020-05-15,187.42
2020-05-18,187.4
2020-05-19,187.4
2020-05-20,187.0
2020-05-21,186.5
2020-05-22,185.5
2020-05-26,186.0
2020-05-27,186.2
2020-05-28,186.3
2020-05-29,186.2
2020-06-01,186.0
2020-06-02,185.8
2020-06-03,185.75
2020-06-04,185.4
2020-06-05,185.33
2020-06-08,185.05
2020-06-09,185.0
2020-06-10,185.0
2020-06-11,185.1
2020-06-12,185.2
2020-06-15,185.9
2020-06-16,186.0
2020-06-17,186.41
2020-06-18,186.55
2020-06-19,186.17
2020-06-22,186.55
2020-06-23,186.5
2020-06-24,186.53
2020-06-25,186.35
2020-06-26,186.33
2020-06-29,186.1
2020-06-30,186.13
2020-07-01,186.15
2020-07-02,186.05
2020-07-06,185.75
2020-07-07,185.85
2020-07-08,185.75
2020-07-09,185.63
2020-07-10,185.63
2020-07-13,185.85
2020-07-14,185.8
2020-07-15,185.8
2020-07-16,185.7
2020-07-17,185.7
2020-07-20,185.75
2020-07-21,185.75
2020-07-22,185.75
2020-07-23,185.75
2020-07-24,185.75
2020-07-27,185.7
2020-07-28,185.75
2020-07-29,185.7
2020-07-30,185.6
2020-07-31,185.07
2020-08-03,185.07
2020-08-04,185.5
2020-08-05,185.45
2020-08-06,185.4
2020-08-07,185.2
2020-08-10,184.7
2020-08-11,183.95
2020-08-12,182.9
2020-08-13,182.8
2020-08-14,183.13
2020-08-17,183.13
2020-08-18,184.23
2020-08-19,186.1
2020-08-20,184.35
2020-08-21,184.5
2020-08-24,184.9
2020-08-25,186.4
2020-08-26,186.2
2020-08-27,185.9
2020-08-28,186.3
2020-08-31,185.8
2020-09-01,185.8
2020-09-02,185.2
2020-09-03,185.3
2020-09-04,185.05
2020-09-08,184.25
2020-09-09,184.35
2020-09-10,184.7
2020-09-11,184.45
2020-09-14,184.2
2020-09-15,184.3
2020-09-16,184.9
2020-09-17,185.0
2020-09-18,185.45
2020-09-21,185.47
2020-09-22,185.3
2020-09-23,184.8
2020-09-24,185.1
2020-09-25,185.2
2020-09-28,185.17
2020-09-29,185.1
2020-09-30,184.9
2020-10-01,184.8
2020-10-02,184.4
2020-10-05,184.65
2020-10-06,184.55
2020-10-07,184.4
2020-10-08,184.15
2020-10-09,184.2
2020-10-13,184.35
2020-10-14,184.65
2020-10-15,184.5
2020-10-16,184.2
2020-10-19,184.35
2020-10-20,184.5
2020-10-21,184.25
2020-10-22,184.35
2020-10-23,184.3
2020-10-26,184.3
2020-10-27,184.3
2020-10-28,184.3
2020-10-29,184.25
2020-10-30,184.16
2020-11-02,184.45
2020-11-03,184.3
2020-11-04,184.28
2020-11-05,184.45
2020-11-06,184.45
2020-11-09,184.45
2020-11-10,184.5
2020-11-12,184.55
2020-11-13,184.6
2020-11-16,185.01
2020-11-17,185.1
2020-11-18,184.65
2020-11-19,184.9
2020-11-20,185.0
2020-11-23,185.2
2020-11-24,185.54
2020-11-25,185.6
2020-11-30,185.54
2020-12-01,185.9
2020-12-02,185.89
2020-12-03,185.94
2020-12-04,185.5
2020-12-07,186.3
2020-12-08,186.1
2020-12-09,185.52
2020-12-10,185.8
2020-12-11,186.35
2020-12-14,186.67
2020-12-15,186.91
2020-12-16,186.9
2020-12-17,186.83
2020-12-18,187.0
2020-12-21,187.6
2020-12-22,189.0
2020-12-23,190.0
2020-12-28,187.5
2020-12-29,187.58
2020-12-30,185.0
2020-12-31,185.0
2021-01-04,184.97
2021-01-05,186.94
2021-01-06,187.62
2021-01-07,187.83
2021-01-08,186.57
2021-01-11,186.57
2021-01-12,189.0
2021-01-13,189.0
2021-01-14,189.0
2021-01-15,192.5
2021-01-19,193.0
2021-01-21,195.57
2021-01-22,196.42
2021-01-25,197.02
2021-01-26,195.0
2021-01-27,193.11
2021-01-28,193.11
2021-01-29,190.5
2021-02-01,193.5
2021-02-02,193.5
2021-02-03,194.86
2021-02-04,194.86
2021-02-05,194.01
2021-02-08,194.5
2021-02-09,195.0
2021-02-10,196.5
2021-02-11,193.5
2021-02-12,192.77
2021-02-16,195.25
2021-02-17,195.06
2021-02-18,195.12
2021-02-19,194.76
2021-02-22,194.13
2021-02-23,193.7
2021-02-24,193.4
2021-02-25,194.13
2021-02-26,193.05
2021-03-01,194.5
2021-03-02,194.58
2021-03-03,195.23
2021-03-04,195.18
2021-03-05,195.18
2021-03-08,195.21
2021-03-09,195.61
2021-03-10,196.0
2021-03-11,195.33
2021-03-12,196.0
2021-03-15,196.87
2021-03-16,198.0
2021-03-17,198.26
2021-03-18,197.28
2021-03-19,197.28
2021-03-22,197.5
2021-03-23,198.38
2021-03-24,198.22
2021-03-25,198.19
2021-03-26,198.55
2021-03-29,198.82
2021-03-30,199.02
2021-03-31,199.07
2021-04-01,198.73
2021-04-02,198.87
2021-04-05,199.57
2021-04-06,199.75
2021-04-07,199.75
2021-04-08,199.75
2021-04-09,199.75
2021-04-12,201.1
2021-04-13,201.1
2021-04-14,201.1
2021-04-15,200.71
2021-04-16,195.86
2021-04-19,189.05
2021-04-20,190.29
2021-04-21,191.61
2021-04-22,192.0
2021-04-23,193.0
2021-04-26,193.66
2021-04-27,194.0
2021-04-28,194.0
2021-04-29,196.0
2021-04-30,197.0
2021-05-03,197.0
2021-05-04,196.36
2021-05-05,196.33
2021-05-06,196.0
2021-05-07,197.5
2021-05-10,197.5
2021-05-11,195.87
2021-05-12,196.07
2021-05-13,196.73
2021-05-14,196.73
2021-05-17,196.73
2021-05-18,196.61
2021-05-19,196.0
2021-05-20,196.0
2021-05-21,196.77
2021-05-24,196.77
2021-05-25,197.92
2021-05-26,197.55
2021-05-27,197.55
2021-05-28,197.55
2021-06-01,197.0
2021-06-02,197.5
2021-06-03,197.05
2021-06-04,197.05
2021-06-07,197.11
2021-06-08,197.55
2021-06-09,197.69
2021-06-10,198.0
2021-06-11,197.6
2021-06-14,197.53
2021-06-15,197.53
2021-06-16,197.69
2021-06-17,197.92
2021-06-18,197.69
2021-06-21,198.0
2021-06-22,198.14
2021-06-23,197.99
2021-06-24,198.52
2021-06-25,198.5
2021-06-28,199.0
2021-06-29,199.0
2021-06-30,198.85
2021-07-01,199.0
2021-07-02,199.0
2021-07-06,198.5
2021-07-07,198.5
2021-07-08,198.5
2021-07-09,198.7
2021-07-12,198.52
2021-07-13,199.0
2021-07-14,198.5
2021-07-15,198.5
2021-07-16,199.0
2021-07-19,199.5
2021-07-20,199.05
2021-07-21,199.05
2021-07-22,199.0
2021-07-23,199.0
2021-07-26,199.47
2021-07-27,198.5
2021-07-28,199.19
2021-07-29,199.0
2021-07-30,199.0
2021-08-02,199.0
2021-08-03,199.0
2021-08-04,199.0
2021-08-05,199.0
2021-08-06,199.0
2021-08-09,199.0
2021-08-10,199.0
2021-08-11,198.84
2021-08-12,199.0
2021-08-13,199.5
2021-08-16,198.94
2021-08-17,199.0
2021-08-18,199.0
2021-08-19,199.1
2021-08-20,199.0
2021-08-23,199.5
2021-08-24,199.0
2021-08-25,199.25
2021-08-26,199.0
2021-08-27,200.0
2021-08-30,199.5
2021-08-31,199.16
2021-09-01,199.0
2021-09-02,199.47
2021-09-03,200.0
2021-09-07,199.0
2021-09-08,199.0
2021-09-09,199.5
2021-09-10,200.0
2021-09-13,199.0
2021-09-14,199.0
2021-09-15,199.0
2021-09-16,199.0
2021-09-17,199.29
2021-09-20,199.0
2021-09-21,199.0
2021-09-22,199.0
2021-09-23,199.5
2021-09-24,199.03
2021-09-27,199.0
2021-09-28,199.13
2021-09-29,199.35
2021-09-30,199.0
2021-10-01,199.0
2021-10-04,199.0
2021-10-05,199.5
2021-10-06,199.5
2021-10-07,199.5
2021-10-08,199.5
2021-10-12,200.0
2021-10-13,201.0
2021-10-14,201.0
2021-10-15,200.3
2021-10-18,200.0
2021-10-19,199.69
2021-10-20,198.85
2021-10-21,200.0
2021-10-22,200.01
2021-10-25,200.0
2021-10-26,202.5
2021-10-27,201.11
2021-10-28,200.49
2021-10-29,200.71
2021-11-01,201.0
2021-11-02,201.03
2021-11-03,200.61
2021-11-04,200.0
2021-11-05,200.0
2021-11-08,200.0
2021-11-09,200.29
2021-11-10,201.0
2021-11-12,201.05
2021-11-15,201.8
2021-11-16,201.8
2021-11-17,200.94
2021-11-18,201.0
2021-11-19,201.01
2021-11-22,202.46
2021-11-23,202.5
2021-11-24,201.0
2021-11-26,201.79
2021-11-29,202.5
2021-11-30,202.5
2021-12-01,200.86
2021-12-02,202.0
2021-12-03,201.0
2021-12-06,202.5
2021-12-07,202.0
2021-12-08,202.75
2021-12-09,202.0
2021-12-10,202.0
2021-12-13,201.0
2021-12-14,202.0
2021-12-15,202.0
2021-12-16,201.56
2021-12-17,201.56
2021-12-20,202.0
2021-12-21,202.0
2021-12-22,201.79
2021-12-23,202.0
2021-12-27,202.5
2021-12-28,202.75
2021-12-29,202.0
2021-12-30,202.75
2022-01-03,202.75
2022-01-04,202.75
2022-01-05,201.0
2022-01-06,201.0
2022-01-07,202.75
2022-01-10,202.75
2022-01-11,202.75
2022-01-12,202.75
2022-01-13,202.75
2022-01-14,200.05
2022-01-18,200.37
2022-01-19,202.75
2022-01-20,202.0
2022-01-21,202.0
2022-01-24,201.0
2022-01-25,200.0
2022-01-26,202.75
2022-01-27,201.0
2022-01-28,201.0
2022-01-31,202.67
2022-02-01,202.67
2022-02-02,202.75
2022-02-03,202.5
2022-02-04,201.14
2022-02-07,202.75
2022-02-08,201.66
2022-02-09,200.51
2022-02-10,202.75
2022-02-11,202.0
2022-02-14,202.0
2022-02-15,202.0
2022-02-16,200.89
2022-02-17,202.5
2022-02-18,202.0
2022-02-22,202.5
2022-02-23,202.5
2022-02-24,202.0
2022-02-25,202.0
2022-02-28,201.0
2022-03-01,199.94
2022-03-02,202.5
2022-03-03,202.0
2022-03-04,200.0
2022-03-07,200.79
2022-03-08,225.2
2022-03-09,225.16
2022-03-10,231.41
2022-03-11,250.08
2022-03-14,250.12
2022-03-15,260.0
2022-03-16,265.0
2022-03-17,264.45
2022-03-18,275.0
2022-03-21,275.0
2022-03-22,272.06
2022-03-23,280.0
2022-03-24,285.0
2022-03-25,290.0
2022-03-28,285.0
2022-03-29,288.97
2022-03-30,293.0
2022-03-31,290.0
2022-04-01,294.7
2022-04-04,295.0
2022-04-05,295.0
2022-04-06,295.9
2022-04-07,310.0
2022-04-08,310.0
2022-04-11,315.0
2022-04-12,315.18
2022-04-13,314.74
2022-04-14,314.74
2022-04-15,315.13
2022-04-18,320.0
2022-04-19,330.0
2022-04-20,330.0
2022-04-21,330.0
2022-04-22,330.0
2022-04-25,330.0
2022-04-26,340.0
2022-04-27,350.0
2022-04-28,346.2
2022-04-29,345.27
2022-05-02,345.27
2022-05-03,345.27
2022-05-04,347.47
2022-05-05,365.0
2022-05-06,358.82
2022-05-09,358.82
2022-05-10,360.64
2022-05-11,361.18
2022-05-12,365.0
2022-05-13,355.32
2022-05-16,354.87
2022-05-17,355.32
2022-05-18,355.0
2022-05-19,355.0
2022-05-20,355.23
2022-05-23,355.05
2022-05-24,355.15
2022-05-25,359.0
2022-05-26,359.5
2022-05-27,359.43
2022-05-31,355.85
2022-06-01,355.29
2022-06-02,355.31
2022-06-03,356.0
2022-06-06,362.0
2022-06-07,357.0
2022-06-08,357.0
2022-06-09,357.0
2022-06-10,357.68
2022-06-13,355.0
2022-06-14,354.54
2022-06-15,355.0
2022-06-16,357.0
2022-06-17,357.0
2022-06-21,358.0
2022-06-22,356.18
2022-06-23,357.0
2022-06-24,357.0
2022-06-27,357.0
2022-06-28,356.0
2022-06-29,356.0
2022-06-30,356.0
2022-07-01,356.0
2022-07-05,356.52
2022-07-06,356.6
2022-07-07,355.0
2022-07-08,360.0
2022-07-11,355.0
2022-07-12,355.0
2022-07-13,354.79
2022-07-14,361.0
2022-07-15,359.51
2022-07-18,355.0
2022-07-19,358.26
2022-07-20,356.0
2022-07-21,358.0
2022-07-22,355.0
2022-07-25,358.0
2022-07-26,357.0
2022-07-27,357.0
2022-07-28,362.0
2022-07-29,357.0
2022-08-01,355.79
2022-08-02,358.0
2022-08-03,357.0
2022-08-04,357.0
2022-08-05,357.0
2022-08-08,360.5
2022-08-09,357.0
2022-08-10,358.0
2022-08-11,357.96
2022-08-12,355.0
2022-08-15,355.0
2022-08-16,355.0
2022-08-17,355.0
2022-08-18,355.0
2022-08-19,355.0
2022-08-22,357.0
2022-08-23,355.0
2022-08-24,357.0
2022-08-25,357.0
2022-08-26,357.0
2022-08-29,355.0
2022-08-30,355.0
2022-08-31,358.0
2022-09-01,358.0
2022-09-02,355.0
2022-09-06,355.0
2022-09-07,355.76
2022-09-08,359.0
2022-09-09,355.0
2022-09-12,361.96
2022-09-13,358.45
2022-09-14,360.75
2022-09-15,362.0
2022-09-16,360.75
2022-09-19,359.0
2022-09-20,359.0
2022-09-21,361.0
2022-09-22,358.0
2022-09-23,359.05
2022-09-26,359.0
2022-09-27,359.0
2022-09-28,360.09
2022-09-29,359.57
2022-09-30,362.0
2022-10-03,358.0
2022-10-04,363.0
2022-10-05,363.0
2022-10-06,363.0
2022-10-07,363.0
2022-10-11,363.0
2022-10-12,362.26
2022-10-13,361.26
2022-10-14,363.0
2022-10-17,362.0
2022-10-18,362.0
2022-10-19,361.4
2022-10-20,361.63
2022-10-21,362.0
2022-10-24,354.3
2022-10-25,363.0
2022-10-26,363.0
2022-10-27,363.0
2022-10-28,363.0
2022-10-31,363.0
2022-11-01,361.56
2022-11-02,362.0
2022-11-03,363.0
2022-11-04,362.0
2022-11-07,354.4
2022-11-08,365.0
2022-11-09,363.0
2022-11-10,362.59
2022-11-14,363.0
2022-11-15,363.0
2022-11-16,363.0
2022-11-17,363.26
2022-11-18,363.26
2022-11-21,363.12
2022-11-22,363.0
2022-11-23,363.0
2022-11-25,363.0
2022-11-28,364.58
2022-11-29,363.0
2022-11-30,365.0
2022-12-01,365.0
2022-12-02,365.0
2022-12-05,363.39
2022-12-06,362.59
2022-12-07,362.63
2022-12-08,362.91
2022-12-09,363.0
2022-12-12,363.26
2022-12-13,362.22
2022-12-14,363.0
2022-12-15,363.0
2022-12-16,363.41
2022-12-19,362.88
2022-12-20,363.0
2022-12-21,363.0
2022-12-22,363.0
2022-12-23,363.31
2022-12-27,363.0
2022-12-28,363.0
2022-12-29,363.0
2022-12-30,363.31
2023-01-03,364.36
2023-01-04,363.99
2023-01-05,364.02
2023-01-06,363.93
2023-01-09,364.39
2023-01-10,365.43
2023-01-11,363.41
2023-01-12,365.41
2023-01-13,363.97
2023-01-17,364.88
2023-01-18,363.05
2023-01-19,364.01
2023-01-20,364.66
2023-01-23,362.0
2023-01-24,363.33
2023-01-25,363.13
2023-01-26,363.19
2023-01-27,362.81
2023-01-30,364.3
2023-01-31,364.63
2023-02-01,363.95
2023-02-02,364.67
2023-02-03,363.0
2023-02-06,364.22
2023-02-07,363.15
2023-02-08,362.9
2023-02-09,362.99
2023-02-10,362.57
2023-02-13,363.09
2023-02-14,362.5
2023-02-15,362.64
2023-02-16,362.77
2023-02-17,363.09
2023-02-21,362.19
2023-02-22,362.45
2023-02-23,363.24
2023-02-24,362.49
2023-02-27,360.4
2023-02-28,358.06
2023-03-01,354.2
2023-03-02,345.95
2023-03-03,334.33
2023-03-06,333.61
2023-03-07,322.25
2023-03-08,315.0
2023-03-09,320.0
2023-03-10,315.0
2023-03-13,325.0
2023-03-14,327.64
2023-03-15,335.0
2023-03-16,339.5
2023-03-17,336.0
2023-03-20,335.0
2023-03-21,320.0
2023-03-22,319.5
2023-03-23,318.0
2023-03-24,320.0
2023-03-27,319.68
2023-03-28,321.5
2023-03-29,325.0
2023-03-30,325.0
2023-03-31,324.0
2023-04-03,322.67
2023-04-04,319.59
2023-04-05,319.67
2023-04-06,320.0
2023-04-07,319.25
2023-04-10,318.0
2023-04-11,319.0
2023-04-12,319.0
2023-04-13,318.78
2023-04-14,318.78
2023-04-17,319.0
2023-04-18,318.0
2023-04-19,318.5
2023-04-20,318.0
2023-04-21,318.0
2023-04-24,317.9
2023-04-25,321.5
2023-04-26,319.67
2023-04-27,319.67
2023-04-28,320.0
2023-05-01,319.09
2023-05-02,320.0
2023-05-03,319.5
2023-05-04,319.0
2023-05-05,318.75
2023-05-08,318.0
2023-05-09,317.0
2023-05-10,315.9
2023-05-11,313.0
2023-05-12,312.0
2023-05-15,313.0
2023-05-16,309.0
2023-05-17,305.0
2023-05-18,306.0
2023-05-19,306.5
2023-05-22,305.0
2023-05-23,304.5
2023-05-24,303.0
2023-05-25,302.0
2023-05-26,297.0
2023-05-30,294.0
2023-05-31,290.0
2023-06-01,293.5
2023-06-02,290.0
2023-06-05,290.0
2023-06-06,291.5
2023-06-07,291.0
2023-06-08,294.0
2023-06-09,295.5
2023-06-12,298.0
2023-06-13,306.0
2023-06-14,309.68
2023-06-15,306.5
2023-06-16,305.57
2023-06-20,306.0
2023-06-21,306.0
2023-06-22,306.0
2023-06-23,307.5
2023-06-26,307.5
2023-06-27,308.0
2023-06-28,307.5
2023-06-29,307.15
2023-06-30,307.29
2023-07-03,305.93
2023-07-05,306.0
2023-07-06,309.0
2023-07-07,309.0
2023-07-10,310.0
2023-07-11,313.0
2023-07-12,314.0
2023-07-13,317.0
2023-07-14,318.0
2023-07-17,320.86
2023-07-18,322.0
2023-07-19,323.0
2023-07-20,324.0
2023-07-21,326.5
2023-07-24,329.0
2023-07-25,330.0
2023-07-26,328.0
2023-07-27,328.0
2023-07-28,328.04
2023-07-31,319.42
2023-08-01,317.61
2023-08-02,313.0
2023-08-03,316.17
2023-08-04,320.0
2023-08-07,322.0
2023-08-08,319.5
2023-08-09,319.5
2023-08-10,319.0
2023-08-11,319.0
2023-08-14,321.0
2023-08-15,320.0
2023-08-16,321.0
2023-08-17,321.5
2023-08-18,323.0
2023-08-21,323.0
2023-08-22,323.5
2023-08-23,323.0
2023-08-24,323.0
2023-08-25,323.0
2023-08-28,323.75
2023-08-29,320.5
2023-08-30,320.34
2023-08-31,318.5
2023-09-01,318.5
2023-09-05,321.0
2023-09-06,321.0
2023-09-07,322.0
2023-09-08,321.0
2023-09-11,321.0
2023-09-12,322.25
2023-09-13,322.0
2023-09-14,321.98
2023-09-15,322.75
2023-09-18,324.25
2023-09-19,324.0
2023-09-20,324.0
2023-09-21,323.5
2023-09-22,324.0
2023-09-25,324.0
2023-09-26,323.5
2023-09-27,323.75
2023-09-28,322.39
2023-09-29,322.2
2023-10-02,324.1
2023-10-03,323.5
2023-10-04,323.25
2023-10-05,323.95
2023-10-06,323.75
2023-10-10,323.5
2023-10-11,323.6
2023-10-12,323.25
2023-10-13,323.25
2023-10-16,323.9
2023-10-17,324.0
2023-10-18,324.5
2023-10-19,324.5
2023-10-20,325.5
2023-10-23,325.57
2023-10-24,326.67
2023-10-25,326.25
2023-10-26,326.5
2023-10-27,327.3
2023-10-30,327.0
2023-10-31,327.5
2023-11-01,327.5
2023-11-02,328.75
2023-11-03,328.5
2023-11-06,326.5
2023-11-07,327.5
2023-11-08,328.25
2023-11-09,327.0
2023-11-13,326.5
2023-11-14,327.6
2023-11-15,328.5
2023-11-16,327.75
2023-11-17,327.5
2023-11-20,327.36
2023-11-21,328.3
2023-11-22,328.25
2023-11-24,328.2
2023-11-27,328.75
2023-11-28,329.0
2023-11-29,328.25
2023-11-30,327.75
2023-12-01,327.25
2023-12-04,327.85
2023-12-05,327.8
2023-12-06,326.8
2023-12-07,326.5
2023-12-08,326.75
2023-12-11,326.75
2023-12-12,326.75
2023-12-13,326.5
2023-12-14,326.4
2023-12-15,326.85
2023-12-18,326.75
2023-12-19,326.75
2023-12-20,326.75
2023-12-21,326.15
2023-12-22,325.3
2023-12-26,324.97
2023-12-27,323.75
2023-12-28,323.8
2023-12-29,323.8
2024-01-02,321.5
2024-01-03,322.5
2024-01-04,322.5
2024-01-05,322.5
2024-01-08,322.2
2024-01-09,322.4
2024-01-10,322.75
2024-01-11,322.5
2024-01-12,322.0
2024-01-16,321.4
2024-01-17,320.8
2024-01-18,320.5
2024-01-19,320.1
2024-01-22,319.8
2024-01-23,319.7
2024-01-24,318.0
2024-01-25,317.97
2024-01-26,317.5
2024-01-29,317.6
2024-01-30,316.8
2024-01-31,315.7
2024-02-01,313.2
2024-02-02,311.5
2024-02-05,312.4
2024-02-06,313.5
2024-02-07,312.75
2024-02-08,312.75
2024-02-09,312.6
2024-02-12,313.25
2024-02-13,313.0
2024-02-14,313.1
2024-02-15,312.7
2024-02-16,312.2
2024-02-20,311.8
2024-02-21,311.3
2024-02-22,310.7
2024-02-23,310.04
2024-02-26,310.7
2024-02-27,310.25
2024-02-28,310.0
2024-02-29,309.5
2024-03-01,308.7
2024-03-04,307.8
2024-03-05,307.9
2024-03-06,307.6
2024-03-07,307.25
2024-03-08,307.05
2024-03-11,306.9
2024-03-12,306.4
2024-03-13,306.0
2024-03-14,305.5
2024-03-15,305.15
2024-03-18,304.4
2024-03-19,303.85
2024-03-20,304.05
2024-03-21,303.85
2024-03-22,303.2
2024-03-25,302.6
2024-03-26,301.8
2024-03-27,300.8
2024-03-28,300.3
2024-03-29,300.3
2024-04-01,300.0
2024-04-02,299.85
2024-04-03,299.75
2024-04-04,299.65
2024-04-05,299.2
2024-04-08,298.8
2024-04-09,298.55
2024-04-10,298.4
2024-04-11,298.1
2024-04-12,298.19
2024-04-15,298.9
2024-04-16,299.75
2024-04-17,301.0
2024-04-18,300.68
2024-04-19,301.0
2024-04-22,301.37
2024-04-23,299.9
2024-04-24,297.75
2024-04-25,296.8
2024-04-26,295.9
2024-04-29,296.5
2024-04-30,297.25
2024-05-01,297.16
2024-05-02,296.9
2024-05-03,297.0
2024-05-06,297.19
2024-05-07,299.4
2024-05-08,298.4
2024-05-09,298.6
2024-05-10,298.5
2024-05-13,300.0
2024-05-14,300.5
2024-05-15,301.78
2024-05-16,300.6
2024-05-17,299.3
2024-05-20,299.55
2024-05-21,299.8
2024-05-22,299.9
2024-05-23,299.76
2024-05-24,299.61
2024-05-28,301.7
2024-05-29,301.4
2024-05-30,301.85
2024-05-31,301.8
2024-06-03,301.8
2024-06-04,302.05
2024-06-05,302.25
2024-06-06,302.8
2024-06-07,302.5
2024-06-10,303.1
2024-06-11,303.2
2024-06-12,303.7
2024-06-13,303.75
2024-06-14,303.8
2024-06-17,303.56
2024-06-18,304.6
2024-06-20,305.1
2024-06-21,304.88
2024-06-24,305.0
2024-06-25,305.1
2024-06-26,305.3
2024-06-27,305.5
2024-06-28,305.9
2024-07-01,305.0
2024-07-02,302.5
2024-07-03,304.2
2024-07-05,304.5
2024-07-08,304.25
2024-07-09,303.9
2024-07-10,303.6
2024-07-11,302.8
2024-07-12,301.65
2024-07-15,302.3
2024-07-16,301.91
2024-07-17,303.41
2024-07-18,303.7
2024-07-19,303.5
2024-07-22,303.75
2024-07-23,303.5
2024-07-24,303.4
2024-07-25,303.2
2024-07-26,302.9
2024-07-29,302.6
2024-07-30,302.4
2024-07-31,302.25
2024-08-01,302.2
2024-08-02,301.8
2024-08-05,302.3
2024-08-06,302.0
2024-08-07,301.5
2024-08-08,300.8
2024-08-09,299.95
2024-08-12,299.4
2024-08-13,299.05
2024-08-14,299.1
2024-08-15,298.9
2024-08-16,298.7
2024-08-19,298.5
2024-08-20,299.4
2024-08-21,300.25
2024-08-22,301.0
2024-08-23,299.7
2024-08-26,300.7
2024-08-27,300.3
2024-08-28,300.5
2024-08-29,300.0
2024-08-30,299.02
2024-09-03,299.0
2024-09-04,298.85
2024-09-05,298.75
2024-09-06,298.9
2024-09-09,300.8
2024-09-10,300.5
2024-09-11,300.8
2024-09-12,301.3
2024-09-13,301.24
2024-09-16,301.75
2024-09-17,301.6
2024-09-18,303.2
2024-09-19,304.2
2024-09-20,304.84
2024-09-23,304.1
2024-09-24,303.0
2024-09-25,300.5
2024-09-26,299.7
2024-09-27,298.7
2024-09-30,296.0
2024-10-01,294.75
2024-10-02,295.0
2024-10-03,293.8
2024-10-04,293.8
2024-10-07,293.2
2024-10-08,293.0
2024-10-09,292.9
2024-10-10,292.7
2024-10-11,292.7
2024-10-15,293.0
2024-10-16,292.8
2024-10-17,292.6
2024-10-21,293.0
2024-10-22,293.1
2024-10-23,293.3
2024-10-24,293.55
2024-10-25,293.4
2024-10-28,293.55
2024-10-29,293.6
2024-10-30,292.9
2024-10-31,292.53
2024-11-01,292.9
2024-11-04,293.1
2024-11-05,293.0
2024-11-06,292.75
2024-11-07,292.55
2024-11-08,292.5
2024-11-12,292.35
2024-11-13,292.2
2024-11-14,292.1
2024-11-15,291.92
2024-11-18,291.3
2024-11-19,290.9
2024-11-20,290.9
2024-11-21,290.9
2024-11-22,291.0
2024-11-25,290.9
2024-11-26,291.1
2024-11-27,290.9
2024-11-29,290.6
2024-12-02,290.6
2024-12-03,290.45
2024-12-04,290.35
2024-12-05,290.25
2024-12-06,290.25
2024-12-09,290.3
2024-12-10,290.2
2024-12-11,290.15
2024-12-12,290.15
2024-12-13,290.15
2024-12-16,290.7
2024-12-17,291.0
2024-12-18,291.3
2024-12-19,292.8
2024-12-20,293.16
2024-12-23,295.71
2024-12-24,294.5
2024-12-26,293.9
2024-12-27,292.0
2024-12-30,292.35
2024-12-31,293.0
2025-01-02,293.1
2025-01-03,293.34
2025-01-06,295.5
2025-01-07,295.25
2025-01-08,295.8
2025-01-09,294.5
2025-01-10,294.4
2025-01-13,294.42
2025-01-14,294.42
2025-01-15,295.5
2025-01-16,296.2
2025-01-17,296.3
2025-01-21,297.4
2025-01-22,298.5
2025-01-23,298.5
2025-01-24,298.1
2025-01-27,298.4
2025-01-28,296.8
2025-01-29,296.4
2025-01-30,297.4
2025-01-31,297.8
2025-02-03,299.4
2025-02-04,299.22
2025-02-05,298.4
2025-02-06,298.1
2025-02-07,297.1
2025-02-10,296.7
2025-02-11,296.8
2025-02-12,296.6
2025-02-13,295.7
2025-02-14,295.5
2025-02-18,296.0
2025-02-19,296.8
2025-02-20,296.0
2025-02-21,295.7
2025-02-24,295.55
2025-02-25,295.5
2025-02-26,295.47
2025-02-27,295.25
2025-02-28,295.2
2025-03-03,295.2
2025-03-04,295.14
2025-03-05,295.07
2025-03-06,295.5
2025-03-07,295.4
2025-03-10,295.4
2025-03-11,295.4
2025-03-12,295.3
2025-03-13,295.2
2025-03-14,296.3
2025-03-17,296.3
2025-03-18,296.0
2025-03-19,296.3
2025-03-20,296.4
2025-03-21,296.3
2025-03-24,296.59
2025-03-25,296.4
2025-03-26,296.3
2025-03-27,296.2
2025-03-28,296.15
2025-03-31,296.02
2025-04-01,296.05
2025-04-02,296.0
2025-04-03,296.8
2025-04-04,296.6
2025-04-07,297.75
2025-04-08,298.58
2025-04-09,300.75
2025-04-10,297.07
2025-04-11,297.9
2025-04-14,298.01
2025-04-15,297.73
2025-04-16,298.19
2025-04-17,298.85
2025-04-18,298.66
2025-04-21,299.2
2025-04-22,299.8
2025-04-23,299.6
2025-04-24,299.9
2025-04-25,299.55
2025-04-28,299.55
2025-04-29,299.45
2025-04-30,299.45
2025-05-01,299.42
2025-05-02,299.45
2025-05-05,299.45
2025-05-06,299.4
2025-05-07,299.3
2025-05-08,299.05
2025-05-09,298.8
2025-05-12,298.68
2025-05-13,298.63
2025-05-14,298.6
2025-05-15,298.45
2025-05-16,299.1
2025-05-19,299.9
2025-05-20,300.3
2025-05-21,299.5
2025-05-22,299.25
2025-05-23,299.35
2025-05-27,299.55
2025-05-28,299.4
2025-05-29,299.25
2025-05-30,299.4
2025-06-02,299.45
2025-06-03,299.3
2025-06-04,299.25
2025-06-05,299.1
2025-06-06,299.0
2025-06-09,299.0
2025-06-10,298.89
2025-06-11,298.9
2025-06-12,299.0
2025-06-13,299.7
2025-06-16,300.7
2025-06-17,300.33
2025-06-18,300.4
2025-06-20,300.4
2025-06-23,300.57
2025-06-24,300.4
2025-06-25,300.1
2025-06-26,299.9
2025-06-27,299.8
2025-06-30,299.95
2025-07-01,299.9
2025-07-02,299.9
2025-07-03,299.9
2025-07-07,300.82
2025-07-08,300.55
2025-07-09,300.3
2025-07-10,300.15
2025-07-11,300.5
2025-07-14,300.8
2025-07-15,300.8
2025-07-16,300.95
2025-07-17,301.23
2025-07-18,301.5
2025-07-21,301.7
2025-07-22,301.7
2025-07-23,301.65
2025-07-24,301.75
2025-07-25,301.8
2025-07-28,301.9
2025-07-29,302.0
2025-07-30,302.15
2025-07-31,301.89
2025-08-01,301.2
2025-08-04,300.85
2025-08-05,300.7
2025-08-06,300.7
2025-08-07,300.65
2025-08-08,300.44
2025-08-11,300.7
2025-08-12,300.95
2025-08-13,300.8
2025-08-14,301.05
2025-08-15,300.97
2025-08-18,301.0
2025-08-19,301.3
2025-08-20,301.7
2025-08-21,301.85
2025-08-22,301.85
2025-08-25,302.05
2025-08-26,302.2
2025-08-27,302.3
2025-08-28,302.3
2025-08-29,302.0
2025-09-02,302.1
2025-09-03,302.0
2025-09-04,301.9
2025-09-05,301.5
2025-09-08,301.9
2025-09-09,301.8
2025-09-10,301.9
2025-09-11,301.8
2025-09-12,301.75
2025-09-15,302.0
2025-09-16,302.0
2025-09-17,301.9
2025-09-18,302.0
2025-09-19,302.3
2025-09-22,302.4
2025-09-23,302.3
2025-09-24,302.4
2025-09-25,302.45
2025-09-26,302.5
2025-09-29,302.5
2025-09-30,302.5
2025-10-01,302.4
2025-10-02,302.4
2025-10-03,302.35
2025-10-06,302.14
2025-10-07,302.4
2025-10-08,302.55
2025-10-09,302.65
2025-10-10,302.55
2025-10-14,302.8
2025-10-15,302.95
2025-10-16,302.95
2025-10-17,302.75
2025-10-20,302.16
2025-10-21,303.1
2025-10-22,303.3
2025-10-23,303.5
2025-10-24,303.65
2025-10-27,303.65
2025-10-28,304.25
2025-10-29,304.3
2025-10-30,304.2
2025-10-31,304.4
2025-11-03,304.4
2025-11-04,304.6
2025-11-05,303.73
2025-11-06,304.9
2025-11-07,304.75
2025-11-10,304.0
2025-11-12,304.45
2025-11-13,304.45
2025-11-14,306.7
2025-11-17,306.06
2025-11-18,307.75
2025-11-19,307.6
2025-11-20,308.0
2025-11-21,307.75
2025-11-24,307.6
2025-11-25,307.8
2025-11-26,307.9
2025-11-28,308.1
2025-12-01,308.45
2025-12-02,308.75
2025-12-03,308.6
2025-12-04,307.95
2025-12-05,308.4
2025-12-08,308.5
2025-12-09,308.6
2025-12-10,308.7
2025-12-11,309.2
2025-12-12,308.95
2025-12-15,309.1
2025-12-16,309.45
2025-12-17,309.6
2025-12-18,309.3
2025-12-19,309.5
2025-12-22,309.5
2025-12-23,309.5
2025-12-24,309.55
2025-12-26,309.55
2025-12-29,309.75
2025-12-30,310.0
2025-12-31,309.4
2026-01-02,309.7
2026-01-05,309.9
2026-01-06,309.95
2026-01-07,310.0
2026-01-08,309.0
2026-01-09,309.1
2026-01-12,309.05
2026-01-13,309.1
2026-01-14,309.11
2026-01-15,309.14
2026-01-16,309.49
2026-01-20,309.68
2026-01-21,309.5
2026-01-22,309.62
2026-01-23,309.75
2026-01-26,309.41
2026-01-27,309.65
2026-01-28,309.45
2026-01-29,309.35
2026-01-30,309.22
2026-02-02,309.32
2026-02-03,309.45
2026-02-04,309.25
2026-02-05,309.45
2026-02-06,309.35
2026-02-09,309.31
2026-02-10,309.3
2026-02-11,309.3
2026-02-12,309.3
2026-02-13,309.2
2026-02-17,309.23
2026-02-18,309.3
2026-02-19,309.28
2026-02-20,309.27
2026-02-23,309.27
2026-02-24,309.29
2026-02-25,309.25
2026-02-26,309.25
2026-02-27,309.21
2026-03-02,309.2
2026-03-03,309.53
2026-03-04,310.06
2026-03-05,310.57
2026-03-06,310.91
2026-03-09,311.35
2026-03-10,310.86
2026-03-11,310.74
2026-03-12,310.84
2026-03-13,310.97
2026-03-16,311.19
2026-03-17,311.3
2026-03-18,311.17
2026-03-19,311.2
2026-03-20,311.53
2026-03-23,312.32
2026-03-24,313.25
2026-03-25,314.08
2026-03-26,313.65
2026-03-27,314.37
2026-03-30,314.88
2026-03-31,315.16
2026-04-01,315.08
2026-04-02,314.97
2026-04-03,314.71
2026-04-06,315.3
2026-04-07,315.26
2026-04-08,314.99
2026-04-09,315.09
2026-04-10,315.36
2026-04-13,315.34
2026-04-14,315.36
2026-04-15,315.5
2026-04-16,315.57
2026-04-17,315.8
2026-04-20,316.32
2026-04-21,316.42
2026-04-22,316.48
2026-04-23,316.78
2026-04-24,317.68
2026-04-27,318.03
2026-04-28,318.63
2026-04-29,319.22
2026-04-30,319.34
2026-05-01,319.05
2026-05-04,319.17
2026-05-05,319.74
2026-05-06,320.03
2026-05-07,321.2
2026-05-08,321.27
2026-05-11,321.85
2026-05-12,322.42
2026-05-13,324.32
2026-05-14,324.75
2026-05-15,325.77
2026-05-18,332.0
2026-05-19,330.09
2026-05-20,332.74
2026-05-21,341.01
2026-05-22,330.18
2026-05-26,324.16
2026-05-27,326.5
2026-05-28,327.75
2026-05-29,329.4
2026-06-01,329.7
2026-06-02,331.45
2026-06-03,333.8
2026-06-04,335.11
2026-06-05,335.02
2026-06-08,335.97
2026-06-09,336.75
2026-06-10,329.62
2026-06-11,332.99
2026-06-12,334.5
2026-06-15,332.58
2026-06-16,333.22
2026-06-17,333.03
2026-06-18,333.5
2026-06-22,333.91
2026-06-23,334.34
