Date,Exchange Rate
2025-11-14,305.22
2025-11-13,304.52
2025-11-12,304.28
2025-11-11,304.39
2025-11-10,304.95
2025-11-07,304.95
2025-11-06,304.62
2025-11-04,304.54
2025-11-03,304.49
2025-10-31,304.42
2025-10-30,304.34
2025-10-29,304.23
2025-10-28,304.02
2025-10-27,303.77
2025-10-24,303.61
2025-10-23,303.26
2025-10-22,303.11
2025-10-21,303.03
2025-10-17,302.99
2025-10-16,302.97
2025-10-15,302.73
2025-10-14,302.60
2025-10-13,302.68
2025-10-10,302.73
2025-10-09,302.62
2025-10-08,302.49
2025-10-07,302.48
2025-10-03,302.52
2025-10-02,302.52
2025-10-01,302.62
2025-09-30,302.61
2025-09-29,302.60
2025-09-26,302.52
2025-09-25,302.57
2025-09-24,302.53
2025-09-23,302.41
2025-09-22,302.37
2025-09-19,302.07
2025-09-18,301.98
2025-09-17,302.11
2025-09-16,302.12
2025-09-15,301.81
2025-09-12,301.91
2025-09-11,302.02
2025-09-10,301.90
2025-09-09,302.01
2025-09-08,302.02
2025-09-04,302.14
2025-09-03,302.14
2025-09-02,301.97
2025-09-01,302.29
2025-08-29,302.45
2025-08-28,302.33
2025-08-27,302.30
2025-08-26,302.23
2025-08-25,301.98
2025-08-22,301.83
2025-08-21,301.84
2025-08-20,301.54
2025-08-19,301.19
2025-08-18,301.15
2025-08-15,301.03
2025-08-14,300.93
2025-08-13,301.02
2025-08-12,300.67
2025-08-11,300.81
2025-08-07,300.77
2025-08-06,300.91
2025-08-05,301.00
2025-08-04,301.61
2025-08-01,302.19
2025-07-31,302.21
2025-07-30,302.04
2025-07-29,301.95
2025-07-28,301.87
2025-07-25,301.83
2025-07-24,301.77
2025-07-23,301.73
2025-07-22,301.85
2025-07-21,301.60
2025-07-18,301.51
2025-07-17,301.30
2025-07-16,300.96
2025-07-15,300.96
2025-07-14,300.70
2025-07-11,300.71
2025-07-09,300.91
2025-07-08,300.57
2025-07-07,300.22
2025-07-04,300.00
2025-07-03,300.00
2025-07-02,300.03
2025-07-01,299.95
2025-06-30,299.97
2025-06-27,299.97
2025-06-26,300.22
2025-06-25,300.49
2025-06-24,301.12
2025-06-23,300.45
2025-06-20,300.65
2025-06-19,300.71
2025-06-18,300.85
2025-06-17,300.79
2025-06-16,299.44
2025-06-13,299.02
2025-06-12,298.98
2025-06-11,299.11
2025-06-09,299.14
2025-06-06,299.27
2025-06-05,299.36
2025-06-04,299.52
2025-06-03,299.55
2025-06-02,299.42
2025-05-30,299.44
2025-05-29,299.67
2025-05-28,299.69
2025-05-27,299.57
2025-05-26,299.34
2025-05-23,299.41
2025-05-22,299.85
2025-05-21,300.57
2025-05-20,299.55
2025-05-19,298.82
2025-05-16,298.51
2025-05-15,298.69
2025-05-14,298.92
2025-05-09,299.30
2025-05-08,299.49
2025-05-07,299.50
2025-05-06,299.52
2025-05-05,299.48
2025-05-02,299.57
2025-04-30,299.62
2025-04-29,299.66
2025-04-28,299.70
2025-04-25,300.06
2025-04-24,299.83
2025-04-23,299.72
2025-04-22,299.23
2025-04-21,299.08
2025-04-17,298.62
2025-04-16,298.14
2025-04-11,298.87
2025-04-10,301.20
2025-04-09,298.61
2025-04-08,297.52
2025-04-07,296.76
2025-04-04,296.90
2025-04-03,296.06
2025-04-02,296.19
2025-04-01,296.32
2025-03-28,296.35
2025-03-27,296.45
2025-03-26,296.61
2025-03-25,296.72
2025-03-24,296.59
2025-03-21,296.60
2025-03-20,296.21
2025-03-19,296.04
2025-03-18,296.29
2025-03-17,295.81
2025-03-14,295.42
2025-03-12,295.50
2025-03-11,295.47
2025-03-10,295.47
2025-03-07,295.58
2025-03-06,295.23
2025-03-05,295.21
2025-03-04,295.35
2025-03-03,295.37
2025-02-28,295.50
2025-02-27,295.72
2025-02-25,295.75
2025-02-24,295.88
2025-02-21,296.48
2025-02-20,296.63
2025-02-19,295.89
2025-02-18,295.35
2025-02-17,295.52
2025-02-14,296.56
2025-02-13,297.02
2025-02-11,297.52
2025-02-10,297.66
2025-02-07,298.49
2025-02-06,298.93
2025-02-05,299.14
2025-02-03,297.64
2025-01-31,297.58
2025-01-30,296.55
2025-01-29,297.90
2025-01-28,298.47
2025-01-27,298.41
2025-01-24,298.86
2025-01-23,298.66
2025-01-22,297.50
2025-01-21,296.85
2025-01-20,296.66
2025-01-17,296.51
2025-01-16,295.22
2025-01-15,294.60
2025-01-10,295.59
2025-01-09,296.09
2025-01-08,296.15
2025-01-07,294.93
2025-01-06,293.56
2025-01-03,293.27
2025-01-02,293.41
2025-01-01,293.00
2024-12-31,292.58
2024-12-30,292.75
2024-12-27,294.33
2024-12-26,296.48
2024-12-24,295.61
2024-12-23,293.17
2024-12-20,292.68
2024-12-19,291.28
2024-12-18,290.94
2024-12-17,290.76
2024-12-16,290.32
2024-12-13,290.26
2024-12-12,290.30
2024-12-11,290.31
2024-12-10,290.36
2024-12-09,290.34
2024-12-06,290.40
2024-12-05,290.52
2024-12-04,290.54
2024-12-03,290.65
2024-12-02,290.70
2024-11-29,290.92
2024-11-28,291.09
2024-11-27,291.15
2024-11-26,291.06
2024-11-25,290.94
2024-11-22,290.99
2024-11-21,290.98
2024-11-20,290.92
2024-11-19,291.59
2024-11-18,292.19
2024-11-14,292.30
2024-11-13,292.60
2024-11-12,292.59
2024-11-11,292.65
2024-11-08,292.69
2024-11-07,292.94
2024-11-06,293.11
2024-11-05,293.09
2024-11-04,292.98
2024-11-01,293.41
2024-10-30,293.72
2024-10-29,293.54
2024-10-28,293.69
2024-10-25,293.68
2024-10-24,293.28
2024-10-23,293.26
2024-10-22,293.10
2024-10-21,292.87
2024-10-18,293.00
2024-10-16,293.69
2024-10-15,292.89
2024-10-14,292.86
2024-10-11,293.12
2024-10-10,292.92
2024-10-09,293.36
2024-10-08,293.55
2024-10-07,293.78
2024-10-04,295.47
2024-10-03,294.93
2024-10-02,295.62
2024-10-01,297.20
2024-09-30,299.36
2024-09-27,300.22
2024-09-26,301.76
2024-09-25,303.91
2024-09-24,304.42
2024-09-23,304.88
2024-09-20,304.55
2024-09-19,303.92
2024-09-18,301.20
2024-09-13,301.80
2024-09-12,300.77
2024-09-11,300.73
2024-09-10,300.07
2024-09-09,298.69
2024-09-06,298.87
2024-09-05,298.94
2024-09-04,299.17
2024-09-03,299.01
2024-09-02,299.60
2024-08-30,300.33
2024-08-29,300.68
2024-08-28,300.72
2024-08-27,300.60
2024-08-26,300.50
2024-08-23,301.13
2024-08-22,299.99
2024-08-21,299.25
2024-08-20,298.68
2024-08-16,298.90
2024-08-15,299.28
2024-08-14,299.23
2024-08-13,299.66
2024-08-12,300.40
2024-08-09,301.24
2024-08-08,301.85
2024-08-07,302.34
2024-08-06,302.21
2024-08-05,302.09
2024-08-02,302.50
2024-08-01,302.45
2024-07-31,302.37
2024-07-30,302.89
2024-07-29,303.20
2024-07-26,303.62
2024-07-25,303.56
2024-07-24,303.87
2024-07-23,303.73
2024-07-22,303.70
2024-07-19,303.99
2024-07-18,303.84
2024-07-17,303.32
2024-07-16,301.50
2024-07-15,302.19
2024-07-12,303.33
2024-07-11,303.76
2024-07-10,304.21
2024-07-09,304.47
2024-07-08,304.88
2024-07-05,304.54
2024-07-04,304.06
2024-07-03,303.52
2024-07-02,305.82
2024-07-01,306.02
2024-06-28,305.71
2024-06-27,305.34
2024-06-26,305.40
2024-06-25,305.32
2024-06-24,305.43
2024-06-20,305.28
2024-06-19,304.42
2024-06-18,303.95
2024-06-14,303.83
2024-06-13,303.74
2024-06-12,303.45
2024-06-11,303.03
2024-06-10,302.70
2024-06-07,302.71
2024-06-06,302.29
2024-06-05,302.17
2024-06-04,301.95
2024-06-03,301.89
2024-05-31,301.89
2024-05-30,301.51
2024-05-29,301.27
2024-05-28,300.42
2024-05-27,299.99
2024-05-22,299.75
2024-05-21,299.83
2024-05-20,299.88
2024-05-17,301.31
2024-05-16,302.25
2024-05-15,300.83
2024-05-14,299.90
2024-05-13,298.79
2024-05-10,298.63
2024-05-09,298.71
2024-05-08,299.62
2024-05-07,297.75
2024-05-06,297.13
2024-05-03,296.80
2024-05-02,297.60
2024-04-30,296.86
2024-04-29,296.20
2024-04-26,297.16
2024-04-25,298.72
2024-04-24,301.46
2024-04-22,302.00
2024-04-19,301.27
2024-04-18,300.91
2024-04-17,299.83
2024-04-16,298.91
2024-04-15,298.50
2024-04-10,298.68
2024-04-09,298.96
2024-04-08,299.38
2024-04-05,299.82
2024-04-04,299.89
2024-04-03,299.96
2024-04-02,300.14
2024-04-01,300.41
2024-03-28,301.18
2024-03-27,302.03
2024-03-26,302.75
2024-03-25,303.55
2024-03-22,303.94
2024-03-21,304.34
2024-03-20,303.98
2024-03-19,304.64
2024-03-18,305.24
2024-03-15,305.64
2024-03-14,306.26
2024-03-13,306.57
2024-03-12,307.03
2024-03-11,307.56
2024-03-07,307.82
2024-03-06,307.97
2024-03-05,308.11
2024-03-04,309.13
2024-03-01,309.89
2024-02-29,310.15
2024-02-28,310.75
2024-02-27,310.76
2024-02-26,311.12
2024-02-22,311.68
2024-02-21,312.03
2024-02-20,312.26
2024-02-19,312.44
2024-02-16,312.89
2024-02-15,313.17
2024-02-14,313.42
2024-02-13,313.25
2024-02-12,313.03
2024-02-09,313.59
2024-02-08,313.22
2024-02-07,314.03
2024-02-06,312.24
2024-02-05,311.41
2024-02-02,314.02
2024-02-01,316.13
2024-01-31,317.41
2024-01-30,317.94
2024-01-29,317.52
2024-01-26,319.16
2024-01-24,319.94
2024-01-23,320.05
2024-01-22,320.52
2024-01-19,320.88
2024-01-18,321.22
2024-01-17,321.75
2024-01-16,322.20
2024-01-12,322.69
2024-01-11,322.83
2024-01-10,322.64
2024-01-09,322.41
2024-01-08,322.44
2024-01-05,322.43
2024-01-04,322.24
2024-01-03,321.12
2024-01-02,323.19
2024-01-01,323.99
2023-12-29,323.92
2023-12-28,324.23
2023-12-27,325.74
2023-12-22,326.35
2023-12-21,326.97
2023-12-20,326.96
2023-12-19,326.92
2023-12-18,326.99
2023-12-15,326.72
2023-12-14,326.78
2023-12-13,327.10
2023-12-12,327.18
2023-12-11,326.93
2023-12-08,326.59
2023-12-07,327.13
2023-12-06,328.02
2023-12-05,328.03
2023-12-04,327.98
2023-12-01,327.56
2023-11-30,329.04
2023-11-29,329.51
2023-11-28,329.00
2023-11-27,328.75
2023-11-24,328.72
2023-11-23,328.48
2023-11-22,328.39
2023-11-21,328.09
2023-11-20,327.92
2023-11-17,328.07
2023-11-16,328.64
2023-11-15,327.36
2023-11-14,326.89
2023-11-13,327.19
2023-11-10,328.46
2023-11-09,328.41
2023-11-08,327.12
2023-11-07,327.74
2023-11-06,328.98
2023-11-03,329.06
2023-11-02,328.03
2023-11-01,327.62
2023-10-31,327.38
2023-10-30,327.13
2023-10-27,326.50
2023-10-26,326.56
2023-10-25,327.11
2023-10-24,325.90
2023-10-23,325.00
2023-10-20,324.97
2023-10-19,324.38
2023-10-18,324.14
2023-10-17,323.91
2023-10-16,323.86
2023-10-13,323.80
2023-10-12,323.85
2023-10-11,323.81
2023-10-10,323.60
2023-10-09,323.61
2023-10-06,323.69
2023-10-05,323.77
2023-10-04,323.77
2023-10-03,323.80
2023-10-02,323.52
2023-09-27,324.45
2023-09-26,324.60
2023-09-25,324.44
2023-09-22,324.61
2023-09-21,324.70
2023-09-20,324.00
2023-09-19,323.71
2023-09-18,323.38
2023-09-15,323.37
2023-09-14,323.38
2023-09-13,322.38
2023-09-12,322.28
2023-09-11,321.66
2023-09-08,322.39
2023-09-07,322.00
2023-09-06,322.00
2023-09-05,320.38
2023-09-04,319.26
2023-09-01,319.65
2023-08-31,322.66
2023-08-29,323.91
2023-08-28,323.87
2023-08-25,324.05
2023-08-24,323.97
2023-08-23,323.94
2023-08-22,323.94
2023-08-21,323.25
2023-08-18,321.86
2023-08-17,321.09
2023-08-16,321.18
2023-08-15,320.94
2023-08-14,319.98
2023-08-11,320.00
2023-08-10,320.26
2023-08-09,321.08
2023-08-08,321.50
2023-08-07,318.44
2023-08-04,318.44
2023-08-03,314.10
2023-08-02,324.65
2023-07-31,329.36
2023-07-28,329.28
2023-07-27,329.38
2023-07-26,329.42
2023-07-25,329.00
2023-07-24,326.75
2023-07-21,325.22
2023-07-20,324.25
2023-07-19,322.53
2023-07-18,322.81
2023-07-17,319.12
2023-07-14,316.36
2023-07-13,314.59
2023-07-12,313.90
2023-07-11,312.79
2023-07-10,311.51
2023-07-07,308.20
2023-07-06,306.99
2023-07-05,306.26
2023-07-04,308.12
2023-06-28,308.83
2023-06-27,308.12
2023-06-26,307.00
2023-06-23,306.95
2023-06-22,306.91
2023-06-21,306.13
2023-06-20,305.92
2023-06-19,309.20
2023-06-16,313.82
2023-06-15,308.48
2023-06-14,303.21
2023-06-13,300.43
2023-06-12,296.24
2023-06-09,293.21
2023-06-08,290.97
2023-06-07,291.21
2023-06-06,291.54
2023-06-05,292.31
2023-06-02,292.28
2023-06-01,292.46
2023-05-31,295.52
2023-05-30,296.69
2023-05-29,299.11
2023-05-26,303.05
2023-05-25,303.27
2023-05-24,304.71
2023-05-23,305.88
2023-05-22,307.08
2023-05-19,305.78
2023-05-18,307.37
2023-05-17,310.40
2023-05-16,312.64
2023-05-15,313.25
2023-05-12,313.65
2023-05-11,316.68
2023-05-10,318.09
2023-05-09,318.52
2023-05-08,319.44
2023-05-04,319.97
2023-05-03,320.90
2023-05-02,321.44
2023-04-28,321.65
2023-04-27,321.63
2023-04-26,321.76
2023-04-25,321.80
2023-04-24,321.65
2023-04-21,321.14
2023-04-20,320.72
2023-04-19,320.83
2023-04-18,319.93
2023-04-17,319.57
2023-04-12,319.85
2023-04-11,319.83
2023-04-10,319.97
2023-04-06,321.17
2023-04-04,323.78
2023-04-03,327.50
2023-03-31,327.29
2023-03-30,325.63
2023-03-29,322.67
2023-03-28,319.98
2023-03-27,320.60
2023-03-24,318.63
2023-03-23,317.31
2023-03-22,321.89
2023-03-21,335.08
2023-03-20,335.28
2023-03-17,336.80
2023-03-16,337.29
2023-03-15,327.06
2023-03-14,322.96
2023-03-13,319.11
2023-03-10,318.63
2023-03-09,319.56
2023-03-08,326.63
2023-03-07,337.67
2023-03-03,346.17
2023-03-02,353.65
2023-03-01,358.46
2023-02-28,361.63
2023-02-27,362.50
2023-02-24,362.67
2023-02-23,361.66
2023-02-22,361.66
2023-02-21,361.92
2023-02-20,361.92
2023-02-17,361.92
2023-02-16,361.92
2023-02-15,361.92
2023-02-14,361.92
2023-02-13,361.92
2023-02-10,361.92
2023-02-09,361.92
2023-02-08,361.96
2023-02-07,361.96
2023-02-06,361.96
2023-02-03,361.97
2023-02-02,362.14
2023-02-01,362.14
2023-01-31,362.14
2023-01-30,362.14
2023-01-27,362.14
2023-01-26,362.14
2023-01-25,362.16
2023-01-24,362.16
2023-01-23,362.16
2023-01-20,362.17
2023-01-19,362.27
2023-01-18,362.24
2023-01-17,362.24
2023-01-13,362.24
2023-01-12,362.24
2023-01-11,362.24
2023-01-10,362.24
2023-01-09,363.09
2023-01-05,363.11
2023-01-04,363.11
2023-01-03,363.11
2023-01-02,363.11
2022-12-30,363.11
2022-12-29,363.13
2022-12-28,363.13
2022-12-27,363.10
2022-12-23,363.17
2022-12-22,363.16
2022-12-21,363.16
2022-12-20,363.16
2022-12-19,363.18
2022-12-16,363.18
2022-12-15,363.18
2022-12-14,363.18
2022-12-13,363.18
2022-12-12,363.18
2022-12-09,363.18
2022-12-08,363.18
2022-12-06,363.18
2022-12-05,363.18
2022-12-02,363.19
2022-12-01,363.19
2022-11-30,363.19
2022-11-29,363.19
2022-11-28,363.00
2022-11-25,363.00
2022-11-24,363.50
2022-11-23,363.50
2022-11-22,363.50
2022-11-21,363.50
2022-11-18,363.50
2022-11-17,363.50
2022-11-16,363.50
2022-11-15,363.50
2022-11-14,363.50
2022-11-11,363.50
2022-11-10,363.50
2022-11-09,363.50
2022-11-08,363.50
2022-11-04,363.50
2022-11-03,363.30
2022-11-02,363.30
2022-11-01,363.30
2022-10-31,363.30
2022-10-28,363.30
2022-10-27,363.30
2022-10-26,363.30
2022-10-25,363.38
2022-10-21,363.38
2022-10-20,363.38
2022-10-19,363.38
2022-10-18,363.38
2022-10-17,363.38
2022-10-14,363.14
2022-10-13,362.90
2022-10-12,362.90
2022-10-11,362.90
2022-10-07,362.90
2022-10-06,362.90
2022-10-05,362.90
2022-10-04,362.90
2022-10-03,362.90
2022-09-30,362.90
2022-09-29,362.90
2022-09-28,362.90
2022-09-27,362.90
2022-09-26,362.90
2022-09-23,362.90
2022-09-22,362.90
2022-09-21,362.90
2022-09-20,362.90
2022-09-19,362.90
2022-09-16,362.90
2022-09-15,362.45
2022-09-14,362.45
2022-09-13,362.28
2022-09-12,362.20
2022-09-09,362.00
2022-09-08,361.90
2022-09-07,361.81
2022-09-06,361.45
2022-09-05,361.45
2022-09-02,361.45
2022-09-01,361.08
2022-08-31,361.15
2022-08-30,361.29
2022-08-29,361.17
2022-08-26,361.40
2022-08-25,361.00
2022-08-24,361.00
2022-08-23,361.00
2022-08-22,360.95
2022-08-19,361.00
2022-08-18,360.97
2022-08-17,360.96
2022-08-16,360.97
2022-08-15,360.92
2022-08-12,360.85
2022-08-10,360.94
2022-08-09,360.94
2022-08-08,360.80
2022-08-05,360.80
2022-08-04,360.93
2022-08-03,360.93
2022-08-02,361.00
2022-08-01,361.00
2022-07-29,360.80
2022-07-28,361.00
2022-07-27,361.00
2022-07-26,361.00
2022-07-25,361.09
2022-07-22,361.30
2022-07-21,361.67
2022-07-20,361.87
2022-07-19,361.17
2022-07-18,361.03
2022-07-15,361.24
2022-07-14,361.90
2022-07-12,360.90
2022-07-11,361.35
2022-07-08,360.35
2022-07-07,360.82
2022-07-06,359.82
2022-07-05,359.79
2022-07-04,359.79
2022-07-01,359.55
2022-06-30,359.88
2022-06-29,359.72
2022-06-28,359.90
2022-06-27,360.30
2022-06-24,360.30
2022-06-23,360.90
2022-06-22,360.90
2022-06-21,361.75
2022-06-20,360.75
2022-06-17,359.75
2022-06-16,359.85
2022-06-15,359.85
2022-06-13,359.83
2022-06-10,359.80
2022-06-09,360.03
2022-06-08,360.03
2022-06-07,360.28
2022-06-06,360.28
2022-06-03,360.30
2022-06-02,360.60
2022-06-01,360.11
2022-05-31,360.76
2022-05-30,360.76
2022-05-27,359.25
2022-05-26,359.71
2022-05-25,359.38
2022-05-24,359.38
2022-05-23,359.44
2022-05-20,359.48
2022-05-19,359.55
2022-05-18,359.65
2022-05-17,359.75
2022-05-13,360.00
2022-05-12,360.00
2022-05-11,364.76
2022-05-10,364.76
2022-05-09,364.76
2022-05-06,358.57
2022-05-05,349.90
2022-05-04,340.00
2022-04-29,341.85
2022-04-28,341.85
2022-04-27,337.90
2022-04-26,340.47
2022-04-25,334.80
2022-04-22,334.80
2022-04-21,335.00
2022-04-20,310.00
2022-04-19,310.00
2022-04-18,313.67
2022-04-12,313.67
2022-04-11,311.68
2022-04-08,299.00
2022-04-07,299.81
2022-04-06,307.79
2022-04-05,307.79
2022-04-04,310.86
2022-04-01,299.00
2022-03-31,299.00
2022-03-30,306.08
2022-03-29,294.98
2022-03-28,294.98
2022-03-25,290.00
2022-03-24,280.00
2022-03-23,280.42
2022-03-22,280.00
2022-03-21,275.00
2022-03-18,267.88
2022-03-16,267.86
2022-03-15,263.33
2022-03-14,251.97
2022-03-11,251.97
2022-03-10,229.34
2022-03-09,229.50
2022-03-08,202.09
2022-03-07,202.04
2022-03-04,201.63
2022-03-03,202.00
2022-03-02,201.90
2022-02-28,201.06
2022-02-25,202.33
2022-02-24,201.19
2022-02-23,201.19
2022-02-22,202.00
2022-02-21,201.93
2022-02-18,202.11
2022-02-17,202.01
2022-02-15,201.00
2022-02-14,201.01
2022-02-11,202.00
2022-02-10,201.96
2022-02-09,202.07
2022-02-08,202.41
2022-02-07,202.00
2022-02-03,201.58
2022-02-02,201.42
2022-02-01,201.97
2022-01-31,201.19
2022-01-28,201.19
2022-01-27,202.00
2022-01-26,201.59
2022-01-25,202.03
2022-01-24,202.00
2022-01-21,202.75
2022-01-20,201.05
2022-01-19,201.94
2022-01-18,201.94
2022-01-13,201.78
2022-01-12,200.98
2022-01-11,200.95
2022-01-10,201.90
2022-01-07,201.33
2022-01-06,201.05
2022-01-05,201.71
2022-01-04,200.00
2022-01-03,200.43
2021-12-31,200.43
2021-12-30,203.00
2021-12-29,201.00
2021-12-28,201.50
2021-12-27,200.92
2021-12-24,200.92
2021-12-23,200.72
2021-12-22,201.32
2021-12-21,201.51
2021-12-20,203.00
2021-12-17,201.54
2021-12-16,200.67
2021-12-15,201.87
2021-12-14,201.87
2021-12-13,201.33
2021-12-10,201.06
2021-12-09,201.22
2021-12-08,201.59
2021-12-07,200.01
2021-12-06,202.25
2021-12-03,200.45
2021-12-02,201.93
2021-12-01,202.05
2021-11-30,202.05
2021-11-29,201.76
2021-11-26,201.21
2021-11-25,200.97
2021-11-24,200.78
2021-11-23,202.42
2021-11-22,202.20
2021-11-19,202.19
2021-11-17,201.34
2021-11-16,202.05
2021-11-15,202.05
2021-11-12,202.35
2021-11-11,201.41
2021-11-10,202.38
2021-11-09,202.05
2021-11-08,200.31
2021-11-05,202.62
2021-11-03,202.56
2021-11-02,202.50
2021-11-01,201.95
2021-10-29,201.87
2021-10-28,200.03
2021-10-27,202.21
2021-10-26,203.00
2021-10-25,201.98
2021-10-22,201.05
2021-10-21,200.51
2021-10-18,200.09
2021-10-15,201.25
2021-10-14,200.00
2021-10-13,200.00
2021-10-12,202.40
2021-10-11,202.40
2021-10-08,202.98
2021-10-07,200.04
2021-10-06,200.06
2021-10-05,200.00
2021-10-04,200.14
2021-10-01,200.70
2021-09-30,199.99
2021-09-29,199.99
2021-09-28,200.03
2021-09-27,200.00
2021-09-24,200.26
2021-09-23,199.90
2021-09-22,199.63
2021-09-21,199.93
2021-09-17,200.00
2021-09-16,200.01
2021-09-15,200.00
2021-09-14,200.00
2021-09-13,200.00
2021-09-10,200.00
2021-09-09,199.98
2021-09-08,199.95
2021-09-07,207.35
2021-09-06,207.35
2021-09-03,207.35
2021-09-02,210.00
2021-09-01,210.00
2021-08-31,210.00
2021-08-30,202.62
2021-08-27,200.00
2021-08-26,199.95
2021-08-25,199.90
2021-08-24,199.90
2021-08-23,199.90
2021-08-20,199.90
2021-08-19,199.90
2021-08-18,199.90
2021-08-17,199.92
2021-08-16,199.98
2021-08-13,199.92
2021-08-12,199.92
2021-08-11,199.92
2021-08-10,199.90
2021-08-09,199.91
2021-08-06,199.90
2021-08-05,199.90
2021-08-04,199.90
2021-08-03,199.90
2021-08-02,199.90
2021-07-30,199.90
2021-07-29,199.90
2021-07-28,199.90
2021-07-27,199.91
2021-07-26,199.93
2021-07-22,199.90
2021-07-20,199.90
2021-07-19,199.89
2021-07-16,199.90
2021-07-15,199.90
2021-07-14,199.90
2021-07-13,199.90
2021-07-12,199.91
2021-07-09,199.90
2021-07-08,199.90
2021-07-07,199.90
2021-07-06,199.90
2021-07-05,199.91
2021-07-02,200.52
2021-07-01,200.78
2021-06-30,201.14
2021-06-29,199.90
2021-06-28,199.89
2021-06-25,199.87
2021-06-23,199.89
2021-06-22,199.91
2021-06-21,199.87
2021-06-18,199.83
2021-06-17,199.86
2021-06-16,199.72
2021-06-15,199.50
2021-06-14,199.89
2021-06-11,199.76
2021-06-10,199.68
2021-06-09,199.83
2021-06-08,199.70
2021-06-07,199.69
2021-06-04,199.69
2021-06-03,199.53
2021-06-02,199.50
2021-06-01,199.50
2021-05-31,199.50
2021-05-28,199.56
2021-05-25,199.51
2021-05-24,199.67
2021-05-21,199.90
2021-05-20,199.66
2021-05-19,199.67
2021-05-18,199.79
2021-05-17,199.50
2021-05-13,199.50
2021-05-12,199.57
2021-05-11,199.58
2021-05-10,199.51
2021-05-07,199.52
2021-05-06,199.59
2021-05-05,199.59
2021-05-04,199.69
2021-05-03,199.23
2021-04-30,199.54
2021-04-29,199.75
2021-04-28,197.50
2021-04-27,197.50
2021-04-23,191.94
2021-04-22,192.00
2021-04-21,191.88
2021-04-20,191.97
2021-04-19,194.45
2021-04-16,199.93
2021-04-15,200.00
2021-04-12,199.91
2021-04-09,199.87
2021-04-08,200.02
2021-04-07,199.01
2021-04-06,199.75
2021-04-05,199.38
2021-04-01,199.22
2021-03-31,199.04
2021-03-30,199.44
2021-03-29,198.17
2021-03-26,198.45
2021-03-25,198.00
2021-03-24,198.95
2021-03-23,197.77
2021-03-22,197.47
2021-03-19,199.28
2021-03-18,197.45
2021-03-17,198.49
2021-03-16,196.78
2021-03-15,196.04
2021-03-12,196.53
2021-03-10,195.99
2021-03-09,195.50
2021-03-08,195.50
2021-03-05,195.36
2021-03-04,195.27
2021-03-03,195.63
2021-03-02,194.50
2021-03-01,194.01
2021-02-25,194.01
2021-02-24,194.06
2021-02-23,194.21
2021-02-22,194.83
2021-02-19,194.85
2021-02-18,194.85
2021-02-17,194.96
2021-02-16,193.97
2021-02-15,193.97
2021-02-12,194.63
2021-02-11,194.50
2021-02-10,194.31
2021-02-09,194.36
2021-02-08,193.74
2021-02-05,194.41
2021-02-03,194.00
2021-02-02,192.57
2021-02-01,190.98
2021-01-29,194.39
2021-01-27,195.86
2021-01-26,196.15
2021-01-25,196.80
2021-01-22,196.43
2021-01-21,194.80
2021-01-20,194.80
2021-01-19,193.65
2021-01-18,192.74
2021-01-15,191.04
2021-01-13,186.99
2021-01-12,187.00
2021-01-11,187.53
2021-01-08,185.50
2021-01-07,185.00
2021-01-06,185.00
2021-01-05,185.00
2021-01-04,185.28
2021-01-01,185.39
2020-12-31,186.41
2020-12-30,187.97
2020-12-28,190.28
2020-12-24,190.22
2020-12-23,189.28
2020-12-22,187.70
2020-12-21,187.86
2020-12-18,187.88
2020-12-17,188.07
2020-12-16,187.89
2020-12-15,186.73
2020-12-14,186.02
2020-12-11,185.91
2020-12-10,185.92
2020-12-09,186.17
2020-12-08,186.23
2020-12-07,185.48
2020-12-04,186.53
2020-12-03,186.88
2020-12-02,185.60
2020-12-01,185.80
2020-11-30,184.96
2020-11-27,185.22
2020-11-26,185.51
2020-11-25,185.40
2020-11-24,185.48
2020-11-23,185.12
2020-11-20,184.64
2020-11-19,184.93
2020-11-18,184.90
2020-11-17,185.01
2020-11-16,184.61
2020-11-13,184.60
2020-11-12,184.60
2020-11-11,184.52
2020-11-10,184.61
2020-11-09,184.47
2020-11-06,184.44
2020-11-05,184.39
2020-11-04,184.43
2020-11-03,184.43
2020-11-02,184.29
2020-10-29,184.28
2020-10-28,184.30
2020-10-27,184.33
2020-10-26,184.54
2020-10-23,184.30
2020-10-22,184.35
2020-10-21,184.42
2020-10-20,184.31
2020-10-19,184.32
2020-10-16,184.69
2020-10-15,184.60
2020-10-14,184.27
2020-10-13,184.19
2020-10-12,184.19
2020-10-09,184.19
2020-10-08,184.47
2020-10-07,184.71
2020-10-06,184.76
2020-10-05,184.57
2020-10-02,184.95
2020-09-30,185.52
2020-09-29,185.28
2020-09-28,185.20
2020-09-25,185.02
2020-09-24,185.10
2020-09-23,185.38
2020-09-22,185.53
2020-09-21,185.39
2020-09-18,184.96
2020-09-17,184.89
2020-09-16,184.41
2020-09-15,184.21
2020-09-14,184.55
2020-09-11,184.74
2020-09-10,184.35
2020-09-09,184.40
2020-09-08,184.78
2020-09-07,185.21
2020-09-04,185.23
2020-09-03,185.42
2020-09-02,186.10
2020-08-31,186.16
2020-08-28,186.25
2020-08-27,186.33
2020-08-26,186.12
2020-08-25,184.72
2020-08-24,184.12
2020-08-21,186.06
2020-08-20,185.27
2020-08-19,184.08
2020-08-18,183.31
2020-08-17,182.82
2020-08-14,182.65
2020-08-13,183.46
2020-08-12,184.28
2020-08-11,184.81
2020-08-10,185.33
2020-08-07,185.44
2020-08-06,185.50
2020-08-05,185.55
2020-08-04,185.61
2020-07-31,185.68
2020-07-30,185.72
2020-07-29,185.76
2020-07-28,185.75
2020-07-27,185.77
2020-07-24,185.75
2020-07-23,185.79
2020-07-22,185.78
2020-07-21,185.75
2020-07-20,185.78
2020-07-17,185.80
2020-07-16,185.81
2020-07-15,185.84
2020-07-14,185.91
2020-07-13,185.87
2020-07-10,185.71
2020-07-09,185.83
2020-07-08,185.85
2020-07-07,185.87
2020-07-06,185.97
2020-07-03,186.09
2020-07-02,186.25
2020-07-01,186.21
2020-06-30,186.23
2020-06-29,186.12
2020-06-26,186.44
2020-06-25,186.59
2020-06-24,186.67
2020-06-23,186.60
2020-06-22,186.60
2020-06-19,186.56
2020-06-18,186.61
2020-06-17,185.95
2020-06-16,185.66
2020-06-15,185.18
2020-06-12,185.17
2020-06-11,185.11
2020-06-10,185.09
2020-06-09,185.07
2020-06-08,185.48
2020-06-04,185.79
2020-06-03,185.86
2020-06-02,186.11
2020-06-01,186.15
2020-05-29,186.29
2020-05-28,186.12
2020-05-27,186.08
2020-05-26,185.70
2020-05-22,186.91
2020-05-21,187.29
2020-05-20,187.61
2020-05-19,187.59
2020-05-18,187.99
2020-05-15,188.02
2020-05-14,188.20
2020-05-13,188.43
2020-05-12,188.11
2020-05-11,188.35
2020-05-06,188.95
2020-05-05,190.13
2020-05-04,191.97
2020-04-30,192.85
2020-04-29,192.77
2020-04-28,192.50
2020-04-27,192.00
2020-04-24,192.00
2020-04-23,192.72
2020-04-22,192.69
2020-04-21,194.85
2020-04-20,191.72
2020-04-17,192.68
2020-04-16,191.69
2020-04-15,192.94
2020-04-09,199.75
2020-04-08,198.42
2020-04-06,194.80
2020-04-03,191.00
2020-04-02,190.00
2020-04-01,190.16
2020-03-31,188.62
2020-03-30,190.50
2020-03-27,189.25
2020-03-26,189.25
2020-03-25,189.25
2020-03-24,187.00
2020-03-23,187.00
2020-03-20,186.94
2020-03-19,184.93
2020-03-18,185.09
2020-03-17,183.70
2020-03-13,182.82
2020-03-12,182.43
2020-03-11,182.45
2020-03-10,181.83
2020-03-06,181.92
2020-03-05,182.03
2020-03-04,182.11
2020-03-03,182.08
2020-03-02,181.93
2020-02-28,181.81
2020-02-27,181.69
2020-02-26,181.75
2020-02-25,181.78
2020-02-24,181.84
2020-02-20,181.90
2020-02-19,181.62
2020-02-18,181.53
2020-02-17,181.48
2020-02-14,181.46
2020-02-13,181.45
2020-02-12,181.42
2020-02-11,181.42
2020-02-10,181.37
2020-02-07,181.34
2020-02-06,181.40
2020-02-05,181.48
2020-02-03,181.40
2020-01-31,181.59
2020-01-30,181.50
2020-01-29,181.53
2020-01-28,181.53
2020-01-27,181.44
2020-01-24,181.42
2020-01-23,181.47
2020-01-22,181.33
2020-01-21,181.34
2020-01-20,181.31
2020-01-17,181.38
2020-01-16,181.53
2020-01-14,181.30
2020-01-13,181.41
2020-01-09,181.42
2020-01-08,181.31
2020-01-07,181.45
2020-01-06,181.32
2020-01-03,181.37
2020-01-02,181.03
2020-01-01,181.50
2019-12-31,181.63
2019-12-30,181.36
2019-12-27,181.37
2019-12-26,181.40
2019-12-24,181.29
2019-12-23,181.38
2019-12-20,181.33
2019-12-19,181.19
2019-12-18,181.12
2019-12-17,181.28
2019-12-16,181.06
2019-12-13,180.86
2019-12-12,181.19
2019-12-10,181.25
2019-12-09,181.42
2019-12-06,181.28
2019-12-05,181.32
2019-12-04,181.47
2019-12-03,180.97
2019-12-02,180.89
2019-11-29,180.43
2019-11-28,181.00
2019-11-27,181.19
2019-11-26,180.49
2019-11-25,179.97
2019-11-22,179.47
2019-11-21,179.15
2019-11-20,179.27
2019-11-19,179.91
2019-11-18,180.21
2019-11-15,180.25
2019-11-14,180.20
2019-11-13,180.70
2019-11-08,180.91
2019-11-07,180.55
2019-11-06,180.01
2019-11-05,180.76
2019-11-04,181.28
2019-11-01,181.34
2019-10-31,181.60
2019-10-30,181.56
2019-10-29,181.46
2019-10-28,181.31
2019-10-25,181.18
2019-10-24,181.48
2019-10-23,181.63
2019-10-22,181.81
2019-10-21,181.98
2019-10-18,182.03
2019-10-17,181.87
2019-10-16,181.76
2019-10-15,180.75
2019-10-14,180.68
2019-10-11,180.63
2019-10-10,180.45
2019-10-09,180.63
2019-10-08,181.06
2019-10-07,181.46
2019-10-04,181.65
2019-10-03,182.12
2019-10-02,182.33
2019-10-01,181.94
2019-09-30,181.93
2019-09-27,181.75
2019-09-26,181.48
2019-09-25,181.44
2019-09-24,181.28
2019-09-23,181.10
2019-09-20,180.98
2019-09-19,180.81
2019-09-18,180.63
2019-09-17,180.48
2019-09-16,180.35
2019-09-12,180.35
2019-09-11,180.40
2019-09-10,180.57
2019-09-09,180.85
2019-09-06,180.66
2019-09-05,180.54
2019-09-04,180.21
2019-09-03,179.68
2019-09-02,180.02
2019-08-30,180.72
2019-08-29,180.07
2019-08-28,179.68
2019-08-27,179.83
2019-08-26,179.98
2019-08-23,179.47
2019-08-22,178.38
2019-08-21,177.75
2019-08-20,177.36
2019-08-19,177.01
2019-08-16,177.04
2019-08-15,176.90
2019-08-13,176.85
2019-08-09,177.31
2019-08-08,177.57
2019-08-07,177.30
2019-08-06,176.82
2019-08-05,176.59
2019-08-02,176.41
2019-08-01,176.35
2019-07-31,176.24
2019-07-30,176.19
2019-07-29,176.17
2019-07-26,176.16
2019-07-25,176.17
2019-07-24,176.08
2019-07-23,175.86
2019-07-22,175.82
2019-07-19,175.68
2019-07-18,175.69
2019-07-17,175.61
2019-07-15,175.51
2019-07-12,175.46
2019-07-11,175.52
2019-07-10,175.91
2019-07-09,176.17
2019-07-08,176.16
2019-07-05,176.08
2019-07-04,176.10
2019-07-03,176.34
2019-07-02,176.33
2019-07-01,176.52
2019-06-28,176.54
2019-06-27,176.58
2019-06-26,176.41
2019-06-25,176.68
2019-06-24,176.78
2019-06-21,176.68
2019-06-20,176.77
2019-06-19,176.82
2019-06-18,176.88
2019-06-17,176.74
2019-06-14,176.61
2019-06-13,176.50
2019-06-12,176.45
2019-06-11,176.48
2019-06-10,176.43
2019-06-07,176.41
2019-06-06,176.42
2019-06-04,176.52
2019-06-03,176.49
2019-05-31,176.41
2019-05-30,176.23
2019-05-29,176.32
2019-05-28,176.12
2019-05-27,176.49
2019-05-24,176.68
2019-05-23,176.66
2019-05-22,176.18
2019-05-21,175.89
2019-05-17,176.28
2019-05-16,176.41
2019-05-15,176.80
2019-05-14,176.54
2019-05-13,176.16
2019-05-10,175.53
2019-05-09,176.10
2019-05-08,177.22
2019-05-07,177.62
2019-05-06,176.94
2019-05-03,176.80
2019-05-02,175.94
2019-04-30,175.46
2019-04-29,175.24
2019-04-26,175.02
2019-04-25,174.75
2019-04-24,174.59
2019-04-23,174.76
2019-04-22,174.43
2019-04-18,174.67
2019-04-17,174.65
2019-04-16,174.62
2019-04-12,174.66
2019-04-11,174.72
2019-04-10,174.73
2019-04-09,174.72
2019-04-08,174.84
2019-04-05,174.74
2019-04-04,174.62
2019-04-03,174.50
2019-04-02,174.75
2019-04-01,175.56
2019-03-29,176.13
2019-03-28,176.43
2019-03-27,177.82
2019-03-26,178.16
2019-03-25,178.10
2019-03-22,178.13
2019-03-21,178.46
2019-03-19,178.41
2019-03-18,178.75
2019-03-15,178.88
2019-03-14,178.93
2019-03-13,178.77
2019-03-12,178.51
2019-03-11,178.38
2019-03-08,178.45
2019-03-07,178.50
2019-03-06,179.59
2019-03-05,179.68
2019-03-01,180.10
2019-02-28,179.80
2019-02-27,179.84
2019-02-26,179.71
2019-02-25,179.48
2019-02-22,179.56
2019-02-21,179.60
2019-02-20,179.68
2019-02-18,178.70
2019-02-15,178.63
2019-02-14,178.52
2019-02-13,178.22
2019-02-12,177.78
2019-02-11,177.95
2019-02-08,177.58
2019-02-07,178.05
2019-02-06,177.82
2019-02-05,177.55
2019-02-01,178.72
2019-01-31,179.88
2019-01-30,181.53
2019-01-29,181.63
2019-01-28,181.63
2019-01-25,181.90
2019-01-24,182.26
2019-01-23,181.85
2019-01-22,181.75
2019-01-21,181.74
2019-01-18,182.31
2019-01-17,182.39
2019-01-16,182.22
2019-01-14,181.82
2019-01-11,182.29
2019-01-10,182.63
2019-01-09,182.47
2019-01-08,182.51
2019-01-07,182.83
2019-01-04,182.88
2019-01-03,182.86
2019-01-02,182.55
2019-01-01,182.91
2018-12-31,182.75
2018-12-28,182.28
2018-12-27,181.72
2018-12-26,181.47
2018-12-24,181.22
2018-12-21,180.80
2018-12-20,180.40
2018-12-19,180.03
2018-12-18,179.85
2018-12-17,179.87
2018-12-14,179.66
2018-12-13,179.47
2018-12-12,179.15
2018-12-11,178.90
2018-12-10,178.82
2018-12-07,179.11
2018-12-06,179.10
2018-12-05,178.93
2018-12-04,178.82
2018-12-03,179.62
2018-11-30,179.67
2018-11-29,180.05
2018-11-28,180.39
2018-11-27,180.11
2018-11-26,179.46
2018-11-23,178.40
2018-11-21,177.17
2018-11-19,176.60
2018-11-16,176.48
2018-11-15,176.23
2018-11-14,176.05
2018-11-13,175.59
2018-11-12,175.26
2018-11-09,175.14
2018-11-08,174.82
2018-11-07,174.53
2018-11-05,174.34
2018-11-02,174.49
2018-11-01,175.36
2018-10-31,174.38
2018-10-30,173.97
2018-10-29,172.96
2018-10-26,172.83
2018-10-25,172.73
2018-10-23,172.16
2018-10-22,171.67
2018-10-19,171.24
2018-10-18,170.93
2018-10-17,170.92
2018-10-16,170.35
2018-10-15,170.91
2018-10-12,171.35
2018-10-11,171.30
2018-10-10,170.95
2018-10-09,170.69
2018-10-08,170.29
2018-10-05,170.01
2018-10-04,169.60
2018-10-03,169.24
2018-10-02,169.20
2018-10-01,169.28
2018-09-28,169.24
2018-09-27,168.87
2018-09-26,168.80
2018-09-25,168.64
2018-09-21,168.03
2018-09-20,166.47
2018-09-19,165.63
2018-09-18,164.41
2018-09-17,163.13
2018-09-14,162.81
2018-09-13,162.50
2018-09-12,162.29
2018-09-11,162.36
2018-09-10,161.77
2018-09-07,161.98
2018-09-06,162.04
2018-09-05,161.87
2018-09-04,161.57
2018-09-03,161.49
2018-08-31,161.47
2018-08-30,161.36
2018-08-29,161.26
2018-08-28,161.09
2018-08-27,160.87
2018-08-24,160.80
2018-08-23,160.62
2018-08-21,160.60
2018-08-20,160.47
2018-08-17,160.44
2018-08-16,160.18
2018-08-15,160.11
2018-08-14,160.09
2018-08-13,160.04
2018-08-10,160.04
2018-08-09,159.87
2018-08-08,159.80
2018-08-07,159.86
2018-08-06,159.81
2018-08-03,159.66
2018-08-02,159.59
2018-08-01,159.75
2018-07-31,159.71
2018-07-30,159.61
2018-07-26,159.54
2018-07-25,159.48
2018-07-24,159.52
2018-07-23,160.03
2018-07-20,159.99
2018-07-19,160.01
2018-07-18,159.90
2018-07-17,159.82
2018-07-16,159.46
2018-07-13,159.37
2018-07-12,159.37
2018-07-11,159.33
2018-07-10,159.23
2018-07-09,159.08
2018-07-06,158.81
2018-07-05,158.59
2018-07-04,158.44
2018-07-03,158.44
2018-07-02,158.36
2018-06-29,158.26
2018-06-28,158.67
2018-06-26,158.64
2018-06-25,158.99
2018-06-22,159.61
2018-06-21,160.03
2018-06-20,159.89
2018-06-19,159.82
2018-06-18,159.88
2018-06-14,159.60
2018-06-13,159.66
2018-06-12,159.11
2018-06-11,158.91
2018-06-08,158.83
2018-06-07,158.64
2018-06-06,158.57
2018-06-05,158.51
2018-06-04,158.59
2018-06-01,158.13
2018-05-31,158.09
2018-05-30,158.00
2018-05-28,158.04
2018-05-25,158.06
2018-05-24,157.97
2018-05-23,157.89
2018-05-22,157.84
2018-05-21,157.81
2018-05-18,158.07
2018-05-17,158.51
2018-05-16,158.04
2018-05-15,157.92
2018-05-14,157.88
2018-05-11,157.88
2018-05-10,157.79
2018-05-09,157.53
2018-05-08,157.73
2018-05-04,157.83
2018-05-03,157.78
2018-05-02,157.76
2018-05-01,157.47
2018-04-27,157.65
2018-04-26,157.46
2018-04-25,157.14
2018-04-24,156.77
2018-04-23,156.34
2018-04-20,156.25
2018-04-19,156.42
2018-04-18,156.33
2018-04-17,155.93
2018-04-16,155.75
2018-04-12,155.71
2018-04-11,155.57
2018-04-10,155.51
2018-04-09,155.53
2018-04-06,155.52
2018-04-05,156.05
2018-04-04,155.49
2018-04-03,155.32
2018-04-02,155.83
2018-03-29,155.97
2018-03-28,156.06
2018-03-27,156.13
2018-03-26,156.14
2018-03-23,156.05
2018-03-22,155.95
2018-03-21,156.16
2018-03-20,156.15
2018-03-19,156.08
2018-03-16,155.98
2018-03-15,155.82
2018-03-14,155.76
2018-03-13,155.61
2018-03-12,155.48
2018-03-09,155.54
2018-03-08,155.27
2018-03-07,155.08
2018-03-06,155.15
2018-03-05,155.23
2018-03-02,154.98
2018-02-28,154.87
2018-02-27,155.01
2018-02-26,155.25
2018-02-23,155.23
2018-02-22,155.39
2018-02-21,155.38
2018-02-20,155.29
2018-02-19,155.08
2018-02-16,155.32
2018-02-15,155.60
2018-02-14,154.74
2018-02-12,154.31
2018-02-09,154.49
2018-02-08,154.59
2018-02-07,154.55
2018-02-06,154.26
2018-02-02,154.15
2018-02-01,153.94
2018-01-30,153.77
2018-01-29,153.73
2018-01-26,153.74
2018-01-25,153.94
2018-01-24,154.07
2018-01-23,154.01
2018-01-22,153.94
2018-01-19,153.88
2018-01-18,153.86
2018-01-17,153.92
2018-01-16,153.91
2018-01-12,153.78
2018-01-11,153.77
2018-01-10,153.82
2018-01-09,153.81
2018-01-08,153.56
2018-01-05,153.65
2018-01-04,153.77
2018-01-03,153.64
2018-01-02,153.47
2017-12-29,152.85
2017-12-28,152.62
2017-12-27,152.78
2017-12-26,152.94
2017-12-22,152.95
2017-12-21,153.06
2017-12-20,153.15
2017-12-19,153.16
2017-12-18,153.23
2017-12-15,153.34
2017-12-14,153.15
2017-12-13,153.01
2017-12-12,153.06
2017-12-11,153.17
2017-12-08,153.36
2017-12-07,153.33
2017-12-06,153.39
2017-12-05,153.62
2017-12-04,153.69
2017-11-30,153.77
2017-11-29,153.74
2017-11-28,153.62
2017-11-27,153.75
2017-11-24,153.68
2017-11-23,153.78
2017-11-22,153.82
2017-11-21,153.76
2017-11-20,153.65
2017-11-17,153.79
2017-11-16,153.78
2017-11-15,153.61
2017-11-14,153.62
2017-11-13,153.63
2017-11-10,153.51
2017-11-09,153.36
2017-11-08,153.44
2017-11-07,153.63
2017-11-06,153.66
2017-11-02,153.70
2017-11-01,153.59
2017-10-31,153.59
2017-10-30,153.56
2017-10-27,153.80
2017-10-26,153.86
2017-10-25,153.78
2017-10-24,153.75
2017-10-23,153.65
2017-10-20,153.70
2017-10-19,153.62
2017-10-17,153.65
2017-10-16,153.75
2017-10-13,153.63
2017-10-12,153.47
2017-10-11,153.39
2017-10-10,153.29
2017-10-09,153.26
2017-10-06,153.33
2017-10-04,153.21
2017-10-03,153.14
2017-10-02,153.11
2017-09-29,153.10
2017-09-28,153.10
2017-09-27,153.02
2017-09-26,152.94
2017-09-25,152.81
2017-09-22,152.83
2017-09-21,153.05
2017-09-20,153.20
2017-09-19,152.97
2017-09-18,152.97
2017-09-15,153.13
2017-09-14,152.91
2017-09-13,152.84
2017-09-12,152.85
2017-09-11,152.80
2017-09-08,152.71
2017-09-07,152.56
2017-09-06,152.50
2017-09-04,152.77
2017-08-31,152.84
2017-08-30,152.76
2017-08-29,152.92
2017-08-28,152.96
2017-08-25,152.94
2017-08-24,152.91
2017-08-23,153.15
2017-08-22,153.30
2017-08-21,153.35
2017-08-18,153.32
2017-08-17,153.20
2017-08-16,153.21
2017-08-15,153.12
2017-08-14,153.07
2017-08-11,153.19
2017-08-10,153.23
2017-08-09,153.33
2017-08-08,153.36
2017-08-04,153.49
2017-08-03,153.49
2017-08-02,153.51
2017-08-01,153.61
2017-07-31,153.73
2017-07-28,153.74
2017-07-27,153.57
2017-07-26,153.52
2017-07-25,153.58
2017-07-24,153.71
2017-07-21,153.68
2017-07-20,153.75
2017-07-19,153.71
2017-07-18,153.70
2017-07-17,153.73
2017-07-14,153.71
2017-07-13,153.70
2017-07-12,153.67
2017-07-11,153.72
2017-07-10,153.66
2017-07-07,153.71
2017-07-06,153.72
2017-07-05,153.62
2017-07-04,153.54
2017-07-03,153.51
2017-06-30,153.51
2017-06-29,153.31
2017-06-28,153.27
2017-06-27,153.23
2017-06-23,153.35
2017-06-22,153.33
2017-06-21,153.27
2017-06-20,153.02
2017-06-19,152.85
2017-06-16,152.50
2017-06-15,152.50
2017-06-14,152.50
2017-06-13,152.50
2017-06-12,152.50
2017-06-09,152.50
2017-06-07,152.48
2017-06-06,152.50
2017-06-05,152.50
2017-06-02,152.50
2017-06-01,152.50
2017-05-31,152.50
2017-05-30,152.50
2017-05-29,152.50
2017-05-26,152.50
2017-05-25,152.50
2017-05-24,152.50
2017-05-23,152.50
2017-05-22,152.50
2017-05-19,152.50
2017-05-18,152.33
2017-05-17,152.37
2017-05-16,152.30
2017-05-15,152.38
2017-05-12,152.30
2017-05-09,152.32
2017-05-08,152.32
2017-05-05,152.05
2017-05-04,152.04
2017-05-03,151.90
2017-05-02,151.90
2017-04-28,151.90
2017-04-27,151.90
2017-04-26,151.90
2017-04-25,151.90
2017-04-24,151.90
2017-04-21,151.90
2017-04-20,151.90
2017-04-19,151.90
2017-04-18,151.90
2017-04-17,151.60
2017-04-12,151.61
2017-04-11,151.60
2017-04-07,151.60
2017-04-06,151.60
2017-04-05,151.60
2017-04-04,151.60
2017-04-03,151.60
2017-03-31,151.74
2017-03-30,151.70
2017-03-29,151.69
2017-03-28,151.69
2017-03-27,151.60
2017-03-24,151.60
2017-03-23,151.60
2017-03-22,151.61
2017-03-21,151.39
2017-03-20,151.31
2017-03-17,151.31
2017-03-16,151.35
2017-03-15,151.35
2017-03-14,151.35
2017-03-13,151.35
2017-03-10,151.35
2017-03-09,151.35
2017-03-08,151.25
2017-03-07,151.24
2017-03-06,151.25
2017-03-03,151.25
2017-03-02,151.25
2017-03-01,151.25
2017-02-28,151.25
2017-02-27,151.25
2017-02-23,151.24
2017-02-22,151.24
2017-02-21,151.12
2017-02-20,150.82
2017-02-17,150.75
2017-02-16,150.74
2017-02-15,150.75
2017-02-14,150.73
2017-02-13,150.75
2017-02-09,150.75
2017-02-08,150.75
2017-02-07,150.75
2017-02-06,150.50
2017-02-03,150.50
2017-02-02,150.50
2017-02-01,150.32
2017-01-31,150.24
2017-01-30,150.25
2017-01-27,150.25
2017-01-26,150.25
2017-01-25,150.15
2017-01-24,150.15
2017-01-23,150.15
2017-01-20,150.14
2017-01-19,150.15
2017-01-18,150.14
2017-01-17,150.12
2017-01-16,150.04
2017-01-13,150.00
2017-01-11,149.98
2017-01-10,150.00
2017-01-09,150.00
2017-01-06,150.00
2017-01-05,150.00
2017-01-04,150.00
2017-01-03,150.00
2017-01-02,149.97
2016-12-30,149.80
2016-12-29,149.80
2016-12-28,149.50
2016-12-27,149.42
2016-12-23,149.30
2016-12-22,149.30
2016-12-21,149.04
2016-12-20,149.08
2016-12-19,149.09
2016-12-16,149.10
2016-12-15,148.69
2016-12-14,148.69
2016-12-09,148.69
2016-12-08,148.65
2016-12-07,148.30
2016-12-06,148.30
2016-12-05,148.10
2016-12-02,147.96
2016-12-01,147.95
2016-11-30,147.95
2016-11-29,147.95
2016-11-28,147.95
2016-11-25,147.95
2016-11-24,147.95
2016-11-23,147.95
2016-11-22,147.95
2016-11-21,147.95
2016-11-18,147.75
2016-11-17,147.75
2016-11-16,147.75
2016-11-15,147.75
2016-11-11,147.75
2016-11-10,147.75
2016-11-09,147.75
2016-11-08,147.71
2016-11-07,147.73
2016-11-04,147.73
2016-11-03,147.40
2016-11-02,147.40
2016-11-01,147.40
2016-10-31,147.11
2016-10-28,146.97
2016-10-27,146.90
2016-10-26,146.90
2016-10-25,146.90
2016-10-24,146.90
2016-10-21,146.90
2016-10-20,146.90
2016-10-19,146.90
2016-10-18,146.88
2016-10-17,146.90
2016-10-14,146.90
2016-10-13,146.90
2016-10-12,146.90
2016-10-11,146.85
2016-10-10,146.85
2016-10-07,146.74
2016-10-06,146.75
2016-10-05,146.67
2016-10-04,146.73
2016-10-03,146.88
2016-09-30,146.72
2016-09-29,146.48
2016-09-28,146.34
2016-09-27,146.33
2016-09-26,146.27
2016-09-23,145.90
2016-09-22,146.02
2016-09-21,145.77
2016-09-20,145.75
2016-09-19,145.81
2016-09-15,145.60
2016-09-14,145.30
2016-09-13,145.16
2016-09-09,145.42
2016-09-08,145.43
2016-09-07,145.42
2016-09-06,145.42
2016-09-05,145.49
2016-09-02,145.51
2016-09-01,145.56
2016-08-31,145.62
2016-08-30,145.63
2016-08-29,145.60
2016-08-26,145.85
2016-08-25,145.51
2016-08-24,145.50
2016-08-23,145.50
2016-08-22,145.50
2016-08-19,145.50
2016-08-18,145.50
2016-08-16,145.50
2016-08-15,145.50
2016-08-12,145.50
2016-08-11,145.60
2016-08-10,145.60
2016-08-09,145.60
2016-08-08,145.60
2016-08-05,145.62
2016-08-04,145.75
2016-08-03,145.75
2016-08-02,145.75
2016-08-01,145.75
2016-07-29,145.75
2016-07-28,145.75
2016-07-27,145.75
2016-07-26,145.75
2016-07-25,145.75
2016-07-22,145.75
2016-07-21,145.25
2016-07-20,145.25
2016-07-18,145.25
2016-07-15,145.25
2016-07-14,145.25
2016-07-13,145.25
2016-07-12,145.25
2016-07-11,145.25
2016-07-08,145.25
2016-07-07,145.25
2016-07-05,145.25
2016-07-04,145.25
2016-07-01,145.25
2016-06-30,145.25
2016-06-29,145.25
2016-06-28,145.25
2016-06-27,145.25
2016-06-24,145.25
2016-06-23,145.25
2016-06-22,145.19
2016-06-21,144.54
2016-06-20,144.50
2016-06-17,144.59
2016-06-16,144.75
2016-06-15,144.73
2016-06-14,144.75
2016-06-13,145.01
2016-06-10,145.55
2016-06-09,145.75
2016-06-08,145.75
2016-06-07,145.90
2016-06-06,145.93
2016-06-03,145.95
2016-06-02,145.91
2016-06-01,145.96
2016-05-31,145.75
2016-05-30,145.75
2016-05-27,145.75
2016-05-26,145.75
2016-05-25,145.75
2016-05-24,145.75
2016-05-20,145.75
2016-05-19,145.75
2016-05-18,145.73
2016-05-17,145.74
2016-05-16,145.74
2016-05-13,145.75
2016-05-12,145.75
2016-05-11,145.73
2016-05-10,145.72
2016-05-09,145.76
2016-05-06,145.73
2016-05-05,145.73
2016-05-04,145.73
2016-05-03,143.90
2016-04-29,143.90
2016-04-28,143.90
2016-04-27,143.90
2016-04-26,143.90
2016-04-25,143.90
2016-04-22,143.90
2016-04-20,143.90
2016-04-19,143.90
2016-04-18,143.90
2016-04-15,143.90
2016-04-12,143.90
2016-04-11,143.90
2016-04-08,143.90
2016-04-07,143.90
2016-04-06,143.90
2016-04-05,143.90
2016-04-04,143.90
2016-04-01,143.90
2016-03-31,143.90
2016-03-30,143.89
2016-03-29,143.90
2016-03-28,143.90
2016-03-24,143.90
2016-03-23,143.93
2016-03-21,143.90
2016-03-18,143.90
2016-03-17,143.90
2016-03-16,143.90
2016-03-15,143.90
2016-03-14,143.90
2016-03-11,144.36
2016-03-10,144.01
2016-03-09,143.91
2016-03-08,143.90
2016-03-04,144.12
2016-03-03,144.26
2016-03-02,143.91
2016-03-01,143.92
2016-02-29,144.35
2016-02-26,143.90
2016-02-25,143.88
2016-02-24,143.89
2016-02-23,143.92
2016-02-19,143.93
2016-02-18,143.90
2016-02-17,143.90
2016-02-16,143.92
2016-02-15,143.90
2016-02-12,143.90
2016-02-11,143.90
2016-02-10,143.90
2016-02-09,143.91
2016-02-08,143.90
2016-02-05,143.93
2016-02-03,143.90
2016-02-02,143.91
2016-02-01,143.90
2016-01-29,143.92
2016-01-28,143.90
2016-01-27,143.89
2016-01-26,143.91
2016-01-25,143.90
2016-01-22,143.90
2016-01-21,143.89
2016-01-20,143.92
2016-01-19,143.93
2016-01-18,143.82
2016-01-14,143.80
2016-01-13,143.75
2016-01-12,143.80
2016-01-11,143.82
2016-01-08,143.94
2016-01-07,144.01
2016-01-06,144.23
2016-01-05,144.18
2016-01-04,144.23
2016-01-01,144.07
2015-12-31,144.06
2015-12-30,143.85
2015-12-29,143.69
2015-12-28,143.63
2015-12-23,143.59
2015-12-22,143.54
2015-12-21,143.54
2015-12-18,143.56
2015-12-17,143.56
2015-12-16,143.46
2015-12-15,143.49
2015-12-14,143.28
2015-12-11,143.22
2015-12-10,143.18
2015-12-09,143.22
2015-12-08,143.24
2015-12-07,143.25
2015-12-04,143.25
2015-12-03,143.23
2015-12-02,143.23
2015-12-01,143.24
2015-11-30,143.21
2015-11-27,143.07
2015-11-26,142.89
2015-11-24,142.63
2015-11-23,142.47
2015-11-20,142.31
2015-11-19,142.28
2015-11-18,142.29
2015-11-17,142.14
2015-11-16,142.06
2015-11-13,141.96
2015-11-12,141.93
2015-11-11,141.90
2015-11-09,141.52
2015-11-06,141.56
2015-11-05,141.27
2015-11-04,141.05
2015-11-03,140.98
2015-11-02,140.97
2015-10-30,140.85
2015-10-29,140.88
2015-10-28,141.11
2015-10-26,141.05
2015-10-23,141.06
2015-10-22,141.01
2015-10-21,140.99
2015-10-20,140.97
2015-10-19,140.96
2015-10-16,140.93
2015-10-15,140.68
2015-10-14,140.48
2015-10-13,140.32
2015-10-12,140.34
2015-10-09,140.55
2015-10-08,140.60
2015-10-07,141.03
2015-10-06,141.22
2015-10-05,141.26
2015-10-02,141.26
2015-10-01,141.23
2015-09-30,141.23
2015-09-29,141.24
2015-09-28,140.96
2015-09-25,140.96
2015-09-23,140.95
2015-09-22,140.83
2015-09-21,140.52
2015-09-18,140.79
2015-09-17,140.64
2015-09-16,139.99
2015-09-15,139.77
2015-09-14,139.03
2015-09-11,138.94
2015-09-10,138.78
2015-09-09,138.17
2015-09-08,137.50
2015-09-07,137.88
2015-09-04,134.75
2015-09-03,134.50
2015-09-02,134.50
2015-09-01,134.50
2015-08-31,134.30
2015-08-28,134.15
2015-08-27,134.15
2015-08-26,134.25
2015-08-25,134.10
2015-08-24,134.00
2015-08-21,133.90
2015-08-20,133.90
2015-08-19,134.00
2015-08-18,134.00
2015-08-17,133.90
2015-08-14,133.90
2015-08-13,133.80
2015-08-12,133.75
2015-08-11,133.75
2015-08-10,133.75
2015-08-07,133.75
2015-08-06,133.49
2015-08-05,133.50
2015-08-04,133.50
2015-08-03,133.60
2015-07-30,133.60
2015-07-29,133.60
2015-07-28,133.70
2015-07-27,133.70
2015-07-24,133.70
2015-07-23,133.70
2015-07-22,133.70
2015-07-21,133.80
2015-07-20,133.80
2015-07-17,133.80
2015-07-16,133.80
2015-07-15,133.80
2015-07-14,133.80
2015-07-13,133.60
2015-07-10,133.60
2015-07-09,133.60
2015-07-08,133.60
2015-07-07,133.60
2015-07-06,133.60
2015-07-03,133.60
2015-07-02,133.70
2015-06-30,133.70
2015-06-29,133.70
2015-06-26,133.71
2015-06-25,133.80
2015-06-24,133.90
2015-06-23,133.90
2015-06-22,134.10
2015-06-19,134.20
2015-06-18,134.00
2015-06-17,134.00
2015-06-16,134.00
2015-06-15,134.00
2015-06-12,133.80
2015-06-11,133.80
2015-06-10,133.80
2015-06-09,133.90
2015-06-08,133.90
2015-06-05,133.90
2015-06-04,133.90
2015-06-03,133.90
2015-06-01,133.90
2015-05-29,133.90
2015-05-28,133.90
2015-05-27,133.90
2015-05-26,133.70
2015-05-25,133.70
2015-05-22,133.70
2015-05-21,133.70
2015-05-20,133.50
2015-05-19,133.30
2015-05-18,133.31
2015-05-15,133.40
2015-05-14,133.40
2015-05-13,133.50
2015-05-12,133.44
2015-05-11,133.30
2015-05-08,133.30
2015-05-07,133.30
2015-05-06,133.10
2015-05-05,133.07
2015-04-30,132.90
2015-04-29,132.90
2015-04-28,132.90
2015-04-27,132.90
2015-04-24,132.90
2015-04-23,132.90
2015-04-22,132.90
2015-04-21,132.90
2015-04-20,132.90
2015-04-17,132.90
2015-04-16,132.90
2015-04-15,132.90
2015-04-10,132.90
2015-04-09,132.90
2015-04-08,132.90
2015-04-07,132.90
2015-04-06,132.90
2015-04-02,132.90
2015-04-01,132.90
2015-03-31,132.90
2015-03-30,132.88
2015-03-27,132.90
2015-03-26,132.90
2015-03-25,132.90
2015-03-24,132.90
2015-03-23,132.90
2015-03-20,132.90
2015-03-19,132.90
2015-03-18,132.90
2015-03-17,132.90
2015-03-16,132.90
2015-03-13,132.90
2015-03-12,132.90
2015-03-11,132.90
2015-03-10,132.90
2015-03-09,132.90
2015-03-06,132.90
2015-03-04,132.90
2015-03-03,132.90
2015-03-02,132.90
2015-02-27,132.90
2015-02-26,132.90
2015-02-25,132.90
2015-02-24,132.90
2015-02-23,132.90
2015-02-20,132.90
2015-02-19,132.80
2015-02-18,132.80
2015-02-16,132.80
2015-02-13,132.80
2015-02-12,132.80
2015-02-11,132.80
2015-02-10,132.80
2015-02-09,132.80
2015-02-06,132.20
2015-02-05,132.20
2015-02-02,132.20
2015-01-30,132.20
2015-01-29,132.19
2015-01-28,132.10
2015-01-27,132.08
2015-01-26,132.00
2015-01-23,131.85
2015-01-22,131.90
2015-01-21,131.74
2015-01-20,131.71
2015-01-19,131.50
2015-01-16,131.09
2015-01-13,131.22
2015-01-12,131.25
2015-01-09,131.25
2015-01-08,131.25
2015-01-07,131.02
2015-01-06,131.02
2015-01-02,131.01
2015-01-01,131.09
2014-12-31,131.05
2014-12-30,131.08
2014-12-29,131.07
2014-12-26,131.01
2014-12-24,131.00
2014-12-23,131.00
2014-12-22,131.03
2014-12-19,131.01
2014-12-18,131.02
2014-12-17,131.04
2014-12-16,130.99
2014-12-15,131.00
2014-12-12,131.02
2014-12-11,131.01
2014-12-10,131.01
2014-12-09,131.00
2014-12-08,131.02
2014-12-05,131.02
2014-12-04,131.00
2014-12-03,131.00
2014-12-02,131.05
2014-12-01,131.05
2014-11-28,131.01
2014-11-27,131.01
2014-11-26,131.00
2014-11-25,131.00
2014-11-24,131.00
2014-11-21,131.00
2014-11-20,131.00
2014-11-19,130.99
2014-11-18,130.99
2014-11-17,130.95
2014-11-14,130.95
2014-11-13,130.89
2014-11-12,130.90
2014-11-11,130.87
2014-11-10,130.87
2014-11-07,130.85
2014-11-05,130.85
2014-11-04,130.85
2014-11-03,130.84
2014-10-31,130.84
2014-10-30,130.85
2014-10-29,130.82
2014-10-28,130.83
2014-10-27,130.82
2014-10-24,130.77
2014-10-23,130.75
2014-10-21,130.63
2014-10-20,130.60
2014-10-17,130.60
2014-10-16,130.57
2014-10-15,130.55
2014-10-14,130.55
2014-10-13,130.38
2014-10-10,130.35
2014-10-09,130.31
2014-10-07,130.35
2014-10-03,130.49
2014-10-02,130.50
2014-10-01,130.43
2014-09-30,130.37
2014-09-29,130.35
2014-09-26,130.31
2014-09-25,130.31
2014-09-24,130.29
2014-09-23,130.27
2014-09-22,130.28
2014-09-19,130.28
2014-09-18,130.28
2014-09-17,130.28
2014-09-16,130.28
2014-09-15,130.28
2014-09-12,130.27
2014-09-11,130.23
2014-09-10,130.20
2014-09-09,130.20
2014-09-05,130.20
2014-09-04,130.20
2014-09-03,130.21
2014-09-02,130.19
2014-09-01,130.20
2014-08-29,130.20
2014-08-28,130.19
2014-08-27,130.18
2014-08-26,130.19
2014-08-25,130.18
2014-08-22,130.20
2014-08-21,130.21
2014-08-20,130.13
2014-08-19,130.15
2014-08-18,130.16
2014-08-15,130.16
2014-08-14,130.23
2014-08-13,130.19
2014-08-12,130.16
2014-08-11,130.17
2014-08-08,130.19
2014-08-07,130.19
2014-08-06,130.21
2014-08-05,130.23
2014-08-04,130.23
2014-08-01,130.21
2014-07-31,130.21
2014-07-30,130.21
2014-07-28,130.23
2014-07-25,130.23
2014-07-24,130.26
2014-07-23,130.27
2014-07-22,130.29
2014-07-21,130.25
2014-07-18,130.20
2014-07-17,130.19
2014-07-16,130.18
2014-07-15,130.20
2014-07-14,130.20
2014-07-11,130.22
2014-07-10,130.22
2014-07-09,130.25
2014-07-08,130.26
2014-07-07,130.26
2014-07-04,130.27
2014-07-03,130.28
2014-07-02,130.30
2014-07-01,130.33
2014-06-30,130.30
2014-06-27,130.34
2014-06-26,130.31
2014-06-25,130.29
2014-06-24,130.27
2014-06-23,130.29
2014-06-20,130.27
2014-06-19,130.24
2014-06-18,130.23
2014-06-17,130.24
2014-06-16,130.25
2014-06-13,130.25
2014-06-11,130.26
2014-06-10,130.26
2014-06-09,130.26
2014-06-06,130.28
2014-06-05,130.32
2014-06-04,130.35
2014-06-03,130.35
2014-06-02,130.39
2014-05-30,130.46
2014-05-29,130.44
2014-05-28,130.39
2014-05-27,130.42
2014-05-26,130.37
2014-05-23,130.35
2014-05-22,130.37
2014-05-21,130.37
2014-05-20,130.35
2014-05-19,130.36
2014-05-16,130.36
2014-05-13,130.36
2014-05-12,130.48
2014-05-09,130.54
2014-05-08,130.60
2014-05-07,130.60
2014-05-06,130.60
2014-05-05,130.60
2014-05-02,130.63
2014-04-30,130.60
2014-04-29,130.60
2014-04-28,130.60
2014-04-25,130.62
2014-04-24,130.62
2014-04-23,130.60
2014-04-22,130.61
2014-04-21,130.60
2014-04-17,130.61
2014-04-16,130.60
2014-04-11,130.57
2014-04-10,130.59
2014-04-09,130.59
2014-04-08,130.70
2014-04-07,130.56
2014-04-04,130.68
2014-04-03,130.69
2014-04-02,130.69
2014-04-01,130.70
2014-03-31,130.69
2014-03-28,130.69
2014-03-27,130.69
2014-03-26,130.69
2014-03-25,130.65
2014-03-24,130.65
2014-03-21,130.65
2014-03-20,130.59
2014-03-19,130.57
2014-03-18,130.58
2014-03-17,130.61
2014-03-14,130.64
2014-03-13,130.57
2014-03-12,130.50
2014-03-11,130.55
2014-03-10,130.55
2014-03-07,130.56
2014-03-06,130.60
2014-03-05,130.61
2014-03-04,130.63
2014-03-03,130.92
2014-02-28,131.00
2014-02-26,131.02
2014-02-25,131.02
2014-02-24,130.94
2014-02-21,130.85
2014-02-20,130.85
2014-02-19,130.80
2014-02-18,130.82
2014-02-17,130.84
2014-02-13,130.84
2014-02-12,130.80
2014-02-11,130.71
2014-02-10,130.68
2014-02-07,130.65
2014-02-06,130.65
2014-02-05,130.73
2014-02-03,130.76
2014-01-31,130.70
2014-01-30,130.73
2014-01-29,130.78
2014-01-28,130.75
2014-01-27,130.66
2014-01-24,130.82
2014-01-23,130.78
2014-01-22,130.75
2014-01-21,130.74
2014-01-20,130.72
2014-01-17,130.66
2014-01-16,130.71
2014-01-13,130.70
2014-01-10,130.73
2014-01-09,130.81
2014-01-08,130.74
2014-01-07,130.70
2014-01-06,130.68
2014-01-03,130.70
2014-01-02,130.71
2014-01-01,130.75
2013-12-31,130.75
2013-12-30,130.75
2013-12-27,130.70
2013-12-26,130.71
2013-12-24,130.72
2013-12-23,130.74
2013-12-20,130.76
2013-12-19,130.77
2013-12-18,130.80
2013-12-17,130.85
2013-12-13,130.85
2013-12-12,130.84
2013-12-11,130.82
2013-12-10,130.79
2013-12-09,130.80
2013-12-06,130.83
2013-12-05,130.84
2013-12-04,130.88
2013-12-03,131.15
2013-12-02,131.20
2013-11-29,131.20
2013-11-28,131.15
2013-11-27,131.15
2013-11-26,131.11
2013-11-25,131.10
2013-11-22,131.10
2013-11-21,131.10
2013-11-20,131.10
2013-11-19,131.07
2013-11-18,131.10
2013-11-15,131.10
2013-11-14,131.06
2013-11-13,131.08
2013-11-12,131.08
2013-11-11,131.10
2013-11-08,131.10
2013-11-07,131.07
2013-11-06,131.10
2013-11-05,131.09
2013-11-04,130.90
2013-11-01,130.86
2013-10-31,131.01
2013-10-30,131.08
2013-10-29,130.88
2013-10-28,130.49
2013-10-25,130.59
2013-10-24,130.76
2013-10-23,130.95
2013-10-22,130.96
2013-10-21,131.05
2013-10-17,130.96
2013-10-15,130.90
2013-10-14,131.04
2013-10-11,131.17
2013-10-10,131.14
2013-10-09,131.18
2013-10-08,131.12
2013-10-07,131.25
2013-10-04,131.32
2013-10-03,131.41
2013-10-02,131.79
2013-10-01,132.00
2013-09-30,131.98
2013-09-27,131.96
2013-09-26,131.98
2013-09-25,132.16
2013-09-24,132.06
2013-09-23,132.14
2013-09-20,132.25
2013-09-18,132.25
2013-09-17,132.22
2013-09-16,132.10
2013-09-13,132.26
2013-09-12,132.42
2013-09-11,132.88
2013-09-10,132.90
2013-09-09,132.97
2013-09-06,132.96
2013-09-05,133.00
2013-09-04,133.00
2013-09-03,133.00
2013-09-02,132.90
2013-08-30,133.06
2013-08-29,133.00
2013-08-28,132.50
2013-08-27,132.00
2013-08-26,131.93
2013-08-23,131.86
2013-08-22,131.75
2013-08-21,131.60
2013-08-19,131.52
2013-08-16,131.44
2013-08-15,131.54
2013-08-14,131.60
2013-08-13,131.60
2013-08-12,131.59
2013-08-08,131.60
2013-08-07,131.60
2013-08-06,131.59
2013-08-05,131.60
2013-08-02,131.60
2013-08-01,131.59
2013-07-31,131.60
2013-07-30,131.57
2013-07-29,131.60
2013-07-26,131.50
2013-07-04,130.59
2013-06-25,128.83
2013-06-21,128.44
2013-06-12,127.33
2013-06-07,126.46
2013-06-06,126.46
2013-05-20,126.18
2013-05-13,126.00
2013-05-10,126.00
2013-05-08,126.37
2013-05-06,126.29
2013-04-05,125.98
2013-03-08,127.30
2013-02-01,126.45
2013-01-31,126.45
2013-01-30,126.70
2013-01-28,127.01
2013-01-24,126.96
2013-01-16,126.34
2013-01-15,126.07
2013-01-11,126.04
2013-01-10,126.29
2013-01-09,127.22
2013-01-08,127.38
2013-01-07,127.39
2013-01-03,127.35
2013-01-02,127.65
2013-01-01,127.30
2012-11-20,130.14
2012-11-19,129.98
2012-11-16,130.05
2012-11-15,130.31
2012-11-14,130.56
2012-11-12,130.75
2012-11-09,130.97
2012-11-07,130.45
2012-11-06,130.34
2012-11-05,130.29
2012-11-02,130.34
2012-11-01,130.10
2012-10-31,130.03
2012-10-30,129.95
2012-10-26,130.16
2012-10-25,130.02
2012-10-24,129.93
2012-10-23,129.62
2012-10-22,128.99
2012-10-19,128.91
2012-10-18,128.70
2012-10-16,128.43
2012-10-15,128.50
2012-10-12,128.58
2012-10-11,128.36
2012-10-10,128.31
2012-10-09,128.21
2012-10-08,128.48
2012-10-05,129.70
2012-10-04,129.30
2012-10-03,129.14
2012-10-02,129.11
2012-10-01,129.26
2012-09-28,129.79
2012-09-27,130.97
2012-09-26,130.97
2012-09-25,131.15
2012-09-24,131.41
2012-09-21,131.48
2012-09-20,131.59
2012-09-19,132.04
2012-09-18,132.00
2012-09-17,132.14
2012-09-14,131.79
2012-09-13,131.95
2012-09-12,132.25
2012-09-11,132.29
2012-09-07,132.36
2012-09-06,132.30
2012-07-10,133.47
2012-07-06,133.69
2012-07-02,133.75
2012-06-29,133.30
2012-06-27,133.13
2012-06-25,132.87
2012-06-22,132.86
2012-06-20,132.48
2012-06-18,131.79
2012-06-15,132.05
2012-06-13,132.33
2012-06-11,130.39
2012-06-08,130.15
2012-04-04,126.70
2012-03-02,122.08
2012-03-01,121.91
2012-02-29,121.12
2012-02-28,120.59
2012-02-27,119.80
2012-02-24,119.14
2012-02-23,118.68
2012-02-22,118.47
2012-02-21,118.57
2012-02-17,119.37
2012-02-16,119.89
2012-02-15,119.15
2012-02-14,116.11
2012-02-13,114.94
2012-02-08,114.29
2012-02-06,114.06
2012-02-03,113.90
2012-02-02,113.90
2012-02-01,113.90
2012-01-31,113.90
2012-01-30,113.90
2012-01-27,113.90
2012-01-26,113.90
2012-01-24,113.90
2012-01-23,113.90
2012-01-20,113.90
2012-01-19,113.90
2012-01-18,113.90
2012-01-17,113.90
2012-01-13,113.90
2012-01-12,113.90
2012-01-11,113.90
2012-01-10,113.90
2012-01-09,113.90
2012-01-06,113.90
2012-01-05,113.90
2012-01-04,113.90
2012-01-03,113.90
2012-01-02,113.90
2011-12-16,113.90
2011-12-15,113.90
2011-12-14,113.90
2011-12-13,113.90
2011-12-12,113.90
2011-12-09,113.90
2011-12-08,113.90
2011-12-07,113.90
2011-12-06,113.90
2011-12-05,113.90
2011-12-02,113.90
2011-12-01,113.90
2011-11-24,114.05
2011-11-14,110.20
2011-11-09,110.20
2011-10-21,110.20
2011-10-20,110.20
2011-10-19,110.20
2011-10-18,110.20
2011-10-17,110.20
2011-10-13,110.20
2011-10-12,110.19
2011-10-05,110.20
2011-10-04,110.20
2011-10-03,110.19
2011-09-30,110.19
2011-09-29,110.20
2011-09-28,110.30
2011-09-26,110.30
2011-09-23,110.30
2011-09-22,110.19
2011-09-20,110.10
2011-09-19,110.09
2011-09-16,110.09
2011-09-15,110.08
2011-09-14,110.10
2011-09-13,110.09
2011-09-12,110.11
2011-09-08,110.19
2011-09-07,110.10
2011-09-06,110.09
2011-09-05,109.99
2011-09-01,109.90
2011-08-30,109.89
2011-08-29,109.99
2011-08-24,109.98
2011-08-23,109.97
2011-08-22,109.97
2011-08-19,109.93
2011-08-18,109.90
2011-08-16,109.81
2011-08-15,109.68
2011-08-12,109.71
2011-08-11,109.74
2011-08-10,109.79
2011-08-09,109.77
2011-08-08,109.71
2011-08-05,109.66
2011-08-04,109.67
2011-08-03,109.58
2011-08-02,109.49
2011-08-01,109.48
2011-07-29,109.49
2011-07-28,109.47
2011-07-27,109.49
2011-07-26,109.49
2011-07-25,109.46
2011-07-22,109.49
2011-07-21,109.50
2011-07-20,109.50
2011-07-19,109.50
2011-07-18,109.50
2011-07-15,109.60
2011-07-13,109.57
2011-07-12,109.50
2011-07-11,109.50
2011-07-08,109.50
2011-07-07,109.50
2011-07-06,109.50
2011-07-05,109.50
2011-07-04,109.50
2011-07-01,109.50
2011-06-30,109.61
2011-06-29,109.70
2011-06-27,109.59
2011-06-24,109.60
2011-06-23,109.57
2011-06-21,109.57
2011-06-17,109.57
2011-06-16,109.53
2011-06-14,109.46
2011-06-13,109.49
2011-06-09,109.49
2011-06-08,109.60
2011-06-07,109.61
2011-06-06,109.72
2011-06-03,109.75
2011-06-02,109.68
2011-06-01,109.66
2011-05-31,109.76
2011-05-30,109.88
2011-05-24,109.90
2011-05-23,109.79
2011-05-20,109.79
2011-05-19,109.79
2011-05-16,109.78
2011-05-13,109.75
2011-05-12,109.72
2011-05-11,109.78
2011-05-10,109.78
2011-05-09,109.80
2011-05-06,109.71
2011-05-05,109.74
2011-05-04,109.78
2011-05-03,109.91
2011-04-29,109.85
2011-04-28,110.16
2011-04-26,110.20
2011-04-25,110.20
2011-04-21,110.30
2011-04-20,110.39
2011-04-19,110.38
2011-04-18,110.37
2011-04-12,110.31
2011-04-11,110.38
2011-04-06,110.36
2011-04-05,110.40
2011-04-04,110.28
2011-04-01,110.40
2011-03-31,110.39
2011-03-30,110.40
2011-03-29,110.39
2011-03-28,110.36
2011-03-25,110.39
2011-03-24,110.39
2011-03-23,110.37
2011-03-22,110.39
2011-03-21,110.36
2011-03-18,110.34
2011-03-17,110.33
2011-03-16,110.39
2011-03-15,110.18
2011-03-11,110.00
2011-03-10,110.01
2011-03-07,110.51
2011-02-28,110.79
2011-02-18,111.00
2011-02-15,111.09
2011-02-14,111.04
2011-02-11,110.98
2011-02-10,110.97
2011-02-09,111.00
2011-02-08,110.98
2011-02-07,110.89
2011-01-31,111.10
2011-01-28,111.05
2011-01-27,111.05
2011-01-26,110.91
2011-01-25,110.92
2011-01-24,111.01
2011-01-21,110.96
2011-01-20,110.81
2010-11-25,111.24
2010-11-24,111.36
2010-11-16,111.70
2010-11-15,111.69
2010-11-12,111.60
2010-11-11,111.68
2010-11-10,111.58
2010-11-09,111.52
2010-10-13,111.93
2010-09-27,112.31
2010-09-21,112.54
2010-09-15,112.54
2010-09-14,112.61
2010-08-31,112.69
2010-08-27,112.61
2010-08-13,112.39
2010-07-30,112.56
2010-07-19,112.73
2010-07-14,113.13
2010-07-01,113.59
2010-06-22,113.46
2010-06-15,113.57
2010-06-14,113.54
2010-06-02,113.76
2010-06-01,113.83
2010-05-14,113.66
2010-05-13,113.70
2010-05-12,113.69
2010-05-11,113.63
2010-05-07,113.70