filepath,folder,filename,extension,size_bytes,modified_at,classification,is_analytics,is_finance,is_test
config/monte_carlo_defaults.yaml,config,monte_carlo_defaults.yaml,.yaml,5394,2025-12-07T21:52:28.070464,other,False,False,False
config/monte_carlo_regression_toy.yaml,config,monte_carlo_regression_toy.yaml,.yaml,4833,2025-12-08T05:59:13.231582,other,False,False,False
config/__init__.py,config,__init__.py,.py,0,2025-11-24T13:23:57.545815,other,False,False,False
config/sensitivity_defaults.yaml,config,sensitivity_defaults.yaml,.yaml,3616,2025-12-09T20:42:40.258933,sensitivity,False,False,False
config/sensitivity_parameters.yaml,config,sensitivity_parameters.yaml,.yaml,5041,2025-12-12T01:33:55.842765,sensitivity,False,False,False
tests/conftest.py,tests,conftest.py,.py,10141,2025-12-09T19:13:28.496817,test,False,False,True
tests/test_scenario_analytics_smoke.py,tests,test_scenario_analytics_smoke.py,.py,3370,2025-11-27T16:40:24.018354,test,True,False,True
tests/test_metrics_integration.py,tests,test_metrics_integration.py,.py,1990,2025-11-27T11:05:30.621073,test,False,False,True
tests/test_cli_v14_smoke.py,tests,test_cli_v14_smoke.py,.py,863,2025-12-02T21:33:07.909488,test,False,False,True
tests/test_schema_guard_fx.py,tests,test_schema_guard_fx.py,.py,20630,2025-12-12T08:21:08.038867,test,False,False,True
tests/test_v14_pipeline_smoke.py,tests,test_v14_pipeline_smoke.py,.py,7652,2025-12-03T04:01:35.447458,test,False,False,True
tests/test_fx_config_strictness.py,tests,test_fx_config_strictness.py,.py,3108,2025-11-25T10:01:16.368035,test,False,False,True
tests/test_export_smoke.py,tests,test_export_smoke.py,.py,2197,2025-11-27T16:40:24.017672,test,False,False,True
tests/test_scenario_analytics_cli_v14_smoke.py,tests,test_scenario_analytics_cli_v14_smoke.py,.py,3349,2025-12-02T21:33:07.909625,test,True,False,True
tests/lint/test_wacc_fence_v14.py,tests,test_wacc_fence_v14.py,.py,904,2025-12-04T06:10:32.061518,test,False,False,True
tests/lint/test_sensitivity_v14_imports.py,tests,test_sensitivity_v14_imports.py,.py,3646,2025-12-12T07:25:42.337862,test,False,False,True
tests/lint/test_no_argparse_v14.py,tests,test_no_argparse_v14.py,.py,2662,2025-11-29T22:44:07.364833,test,False,False,True
tests/lint/test_equity_fence_v14.py,tests,test_equity_fence_v14.py,.py,2329,2025-12-04T05:58:37.489621,test,False,False,True
tests/lint/test_irr_location_v14.py,tests,test_irr_location_v14.py,.py,3283,2025-12-02T16:50:19.701551,test,False,False,True
tests/lint/test_no_typer_v14.py,tests,test_no_typer_v14.py,.py,2279,2025-11-29T23:30:40.607770,test,False,False,True
tests/contracts/test_sensitivity_contracts.py,tests,test_sensitivity_contracts.py,.py,2910,2025-12-05T08:53:42.812130,contract,False,False,True
tests/analytics_layer/test_sensitivity_breakeven_contract.py,tests,test_sensitivity_breakeven_contract.py,.py,3386,2025-12-11T16:47:35.910407,contract,True,False,True
tests/analytics_layer/test_sensitivity_regression.py,tests,test_sensitivity_regression.py,.py,2796,2025-12-05T08:53:42.494740,test,True,False,True
tests/analytics_layer/test_sensitivity_v14_api.py,tests,test_sensitivity_v14_api.py,.py,1419,2025-12-10T18:19:54.467498,test,True,False,True
tests/analytics_layer/test_evaluation_casper_tail_risk.py,tests,test_evaluation_casper_tail_risk.py,.py,3637,2025-12-10T15:36:32.697055,test,True,False,True
tests/analytics_layer/test_contracts_casper_v14.py,tests,test_contracts_casper_v14.py,.py,1000,2025-12-10T18:32:58.497133,contract,True,False,True
tests/analytics_layer/test_monte_carlo_three_scenarios_debug.py,tests,test_monte_carlo_three_scenarios_debug.py,.py,14951,2025-12-11T04:41:39.364038,test,True,False,True
tests/analytics_layer/test_casper_payload.py,tests,test_casper_payload.py,.py,12215,2025-12-10T18:30:13.309140,test,True,False,True
tests/analytics_layer/test_sensitivity_v14_contracts.py,tests,test_sensitivity_v14_contracts.py,.py,7383,2025-12-11T17:33:12.356011,contract,True,False,True
tests/analytics_layer/_casper_fakes.py,tests,_casper_fakes.py,.py,3443,2025-12-11T04:41:39.143127,test,True,False,True
tests/analytics_layer/test_generation_contracts_v14.py,tests,test_generation_contracts_v14.py,.py,744,2025-12-09T21:38:43.266983,contract,True,False,True
tests/analytics_layer/__init__.py,tests,__init__.py,.py,0,2025-11-27T11:05:30.639132,test,True,False,True
tests/analytics_layer/test_schema_guard_fx.py,tests,test_schema_guard_fx.py,.py,19337,2025-12-12T07:25:41.909577,test,True,False,True
tests/analytics_layer/test_sensitivity_v14_behavioral_imports.py,tests,test_sensitivity_v14_behavioral_imports.py,.py,6025,2025-12-09T19:13:28.496204,test,True,False,True
tests/analytics_layer/test_evaluation_v14.py,tests,test_evaluation_v14.py,.py,4703,2025-12-09T19:13:28.494683,test,True,False,True
tests/analytics_layer/test_sensitivity_v14.py,tests,test_sensitivity_v14.py,.py,9361,2025-12-09T19:13:28.495242,test,True,False,True
tests/analytics_layer/test_sensitivity_tail_risk_api.py,tests,test_sensitivity_tail_risk_api.py,.py,3992,2025-12-10T15:36:31.997231,test,True,False,True
tests/analytics_layer/test_casper_tail_risk_payload.py,tests,test_casper_tail_risk_payload.py,.py,4105,2025-12-10T15:36:32.694630,test,True,False,True
tests/analytics_layer/test_sensitivity_v14_all.py,tests,test_sensitivity_v14_all.py,.py,10976,2025-12-09T19:13:28.495744,test,True,False,True
tests/analytics_layer/test_sensitivity_tail_risk.py,tests,test_sensitivity_tail_risk.py,.py,6001,2025-12-10T06:33:28.432896,test,True,False,True
tests/analytics_layer/test_monte_carlo_three_scenarios.py,tests,test_monte_carlo_three_scenarios.py,.py,9942,2025-12-11T04:41:39.282124,test,True,False,True
tests/analytics_layer/test_casper_tail_risk_summary.py,tests,test_casper_tail_risk_summary.py,.py,3051,2025-12-10T15:36:32.695507,test,True,False,True
tests/analytics_layer/test_sensitivity_run_contract.py,tests,test_sensitivity_run_contract.py,.py,5147,2025-12-11T17:00:29.338685,contract,True,False,True
tests/analytics_layer/test_monte_carlo_v14.py,tests,test_monte_carlo_v14.py,.py,27918,2025-12-08T11:16:44.391351,test,True,False,True
tests/api/test_evaluate_scenario_v14.py,tests,test_evaluate_scenario_v14.py,.py,5622,2025-12-08T11:08:59.352710,test,False,False,True
tests/api/test_scenario_analytics_unit_scenario_name_refactored.py,tests,test_scenario_analytics_unit_scenario_name_refactored.py,.py,5118,2025-12-02T11:20:34.539915,test,True,False,True
tests/api/test_executive_workbook_import.py,tests,test_executive_workbook_import.py,.py,388,2025-11-27T11:05:30.654579,test,False,False,True
tests/api/test_casper_v14_smoke_iteration1.py,tests,test_casper_v14_smoke_iteration1.py,.py,1695,2025-12-11T04:41:39.202780,test,False,False,True
tests/api/test_cashflow_v14_regression.py,tests,test_cashflow_v14_regression.py,.py,2854,2025-12-07T14:00:13.571808,test,False,False,True
tests/api/test_irr_is_singleton_refactored.py,tests,test_irr_is_singleton_refactored.py,.py,3527,2025-11-29T23:30:40.527108,test,False,False,True
tests/api/test_fx_resolver_unit.py,tests,test_fx_resolver_unit.py,.py,2593,2025-11-25T07:54:36.813668,test,False,False,True
tests/api/test_wacc_module.py,tests,test_wacc_module.py,.py,5429,2025-12-05T08:53:42.815050,test,False,False,True
tests/api/test_debt_construction_idc_regression_v14.py,tests,test_debt_construction_idc_regression_v14.py,.py,7340,2025-12-02T21:33:07.909119,test,False,False,True
tests/api/test_scenario_analytics_unit_scenario_name.py,tests,test_scenario_analytics_unit_scenario_name.py,.py,3947,2025-12-02T11:12:47.103876,test,True,False,True
tests/api/test_irr_core.py,tests,test_irr_core.py,.py,2574,2025-12-02T16:44:55.885725,test,False,False,True
tests/api/test_scenario_analytics_unit.py,tests,test_scenario_analytics_unit.py,.py,1054,2025-11-27T15:48:35.533379,test,True,False,True
tests/api/test_executive_workbook_smoke.py,tests,test_executive_workbook_smoke.py,.py,4883,2025-11-27T11:05:30.668976,test,False,False,True
tests/api/test_cashflow_v14_rows2.py,tests,test_cashflow_v14_rows2.py,.py,1152,2025-12-05T08:38:27.255763,test,False,False,True
tests/api/test_finance_utils.py,tests,test_finance_utils.py,.py,1138,2025-11-27T11:05:30.671556,test,False,True,True
tests/api/test_casper_v14_unit.py,tests,test_casper_v14_unit.py,.py,3673,2025-12-10T19:06:01.035762,test,False,False,True
tests/api/test_scenario_manager_smoke.py,tests,test_scenario_manager_smoke.py,.py,2143,2025-11-27T11:05:30.674254,test,False,False,True
tests/api/test_tax_calculator_v14.py,tests,test_tax_calculator_v14.py,.py,3302,2025-11-27T15:48:35.534096,test,False,False,True
tests/api/test_debt_v14_construction.py,tests,test_debt_v14_construction.py,.py,4992,2025-11-29T20:21:11.161105,test,False,False,True
tests/api/test_covenants_lendercase_2025Q4.py,tests,test_covenants_lendercase_2025Q4.py,.py,2168,2025-11-29T22:49:11.543152,test,False,False,True
tests/api/test_schema_guard_fx_validation.py,tests,test_schema_guard_fx_validation.py,.py,3694,2025-12-12T07:25:42.337693,test,False,False,True
tests/api/test_cashflow_tax_and_life.py,tests,test_cashflow_tax_and_life.py,.py,5643,2025-11-27T15:55:35.086155,test,False,False,True
tests/api/test_cashflow_v14.py,tests,test_cashflow_v14.py,.py,2884,2025-12-06T10:40:34.019361,test,False,False,True
tests/api/test_risk_haircut.py,tests,test_risk_haircut.py,.py,3345,2025-12-07T14:00:13.576838,test,False,False,True
tests/api/test_tax_v14_lender_golden.py,tests,test_tax_v14_lender_golden.py,.py,637,2025-12-11T13:00:19.353639,test,False,False,True
tests/api/test_monte_carlo_regression_toy.py,tests,test_monte_carlo_regression_toy.py,.py,5602,2025-12-08T05:59:12.790939,test,False,False,True
tests/api/test_irr_module.py,tests,test_irr_module.py,.py,5455,2025-12-02T16:44:55.887031,test,False,False,True
tests/api/test_casper_contract_freeze.py,tests,test_casper_contract_freeze.py,.py,1898,2025-12-10T18:30:13.309408,contract,False,False,True
tests/api/test_kpi_normalizer.py,tests,test_kpi_normalizer.py,.py,4982,2025-12-05T08:53:42.787537,test,False,False,True
tests/api/test_debt_construction_idc_regression.py,tests,test_debt_construction_idc_regression.py,.py,464,2025-12-02T21:05:41.772759,test,False,False,True
tests/api/test_covenants_v14.py,tests,test_covenants_v14.py,.py,7624,2025-11-29T21:02:48.135286,test,False,False,True
tests/api/test_cashflow_risk_haircut_v14.py,tests,test_cashflow_risk_haircut_v14.py,.py,1985,2025-12-07T14:00:13.857992,test,False,False,True
tests/api/test_epc_helper_v14.py,tests,test_epc_helper_v14.py,.py,3191,2025-11-27T11:05:30.703187,test,False,False,True
tests/api/test_cashflow_module.py,tests,test_cashflow_module.py,.py,3375,2025-11-27T15:55:35.085700,test,False,False,True
tests/api/test_metrics_core_stats.py,tests,test_metrics_core_stats.py,.py,4156,2025-11-27T15:48:35.532232,test,False,False,True
tests/api/test_scenario_analytics_schema_guard_integration.py,tests,test_scenario_analytics_schema_guard_integration.py,.py,3895,2025-12-02T11:23:30.939487,test,True,False,True
tests/api/test_covenants_ring_fence_smoke_v14.py,tests,test_covenants_ring_fence_smoke_v14.py,.py,4718,2025-12-04T07:55:17.816960,test,False,False,True
tests/api/test_casper_v14_smoke.py,tests,test_casper_v14_smoke.py,.py,2041,2025-12-10T19:05:12.913945,test,False,False,True
tests/api/test_v14_lender_suite.py,tests,test_v14_lender_suite.py,.py,7357,2025-11-27T15:48:35.534595,test,False,False,True
tests/api/test_config_schema_guard.py,tests,test_config_schema_guard.py,.py,3089,2025-12-05T08:53:42.692805,test,False,False,True
tests/api/test_cashflow_v14_rows.py,tests,test_cashflow_v14_rows.py,.py,1431,2025-12-05T08:32:50.663983,test,False,False,True
tests/api/test_bad_missing_tax_schema_guard.py,tests,test_bad_missing_tax_schema_guard.py,.py,1039,2025-12-05T08:53:42.588844,test,False,False,True
tests/api/test_export_helpers_v14.py,tests,test_export_helpers_v14.py,.py,3898,2025-11-27T11:05:30.721732,test,False,False,True
tests/api/test_metrics_module.py,tests,test_metrics_module.py,.py,4910,2025-11-27T15:48:35.532629,test,False,False,True
tests/api/test_casper_v14_smoke_iteration2.py,tests,test_casper_v14_smoke_iteration2.py,.py,2630,2025-12-11T04:41:39.222782,test,False,False,True
tests/api/test_edgecases.py,tests,test_edgecases.py,.py,8195,2025-12-05T08:53:42.783120,test,False,False,True
tests/api/test_equity_v14.py,tests,test_equity_v14.py,.py,4705,2025-12-05T08:53:42.763814,test,False,False,True
tests/finance/test_contracts.py,tests,test_contracts.py,.py,13740,2025-11-27T11:05:30.727806,contract,False,True,True
tests/finance/test_wacc_v14.py,tests,test_wacc_v14.py,.py,4945,2025-12-08T18:05:33.547614,test,False,True,True
tests/finance/test_fx_v14.py,tests,test_fx_v14.py,.py,9921,2025-12-12T07:25:41.912173,test,False,True,True
tests/finance/test_cashflow_v14_tax_refactored.py,tests,test_cashflow_v14_tax_refactored.py,.py,20198,2025-12-09T19:13:28.497138,test,False,True,True
api/sensitivity_api.py,api,sensitivity_api.py,.py,2356,2025-12-05T08:53:43.370616,sensitivity,False,False,False
finance/wacc_v14.py,finance,wacc_v14.py,.py,19971,2025-12-04T06:07:03.972310,other,False,True,False
finance/scenario_config.py,finance,scenario_config.py,.py,3011,2025-11-29T08:55:33.991108,other,False,True,False
finance/equity_v14.py,finance,equity_v14.py,.py,12683,2025-12-04T17:01:33.229633,equity,False,True,False
finance/cashflow_v14.py,finance,cashflow_v14.py,.py,19507,2025-12-09T19:13:28.487754,cashflow,False,True,False
finance/debt_v14.py,finance,debt_v14.py,.py,16596,2025-12-04T10:37:07.170502,debt,False,True,False
finance/__init__.py,finance,__init__.py,.py,4007,2025-11-29T09:01:09.709288,other,False,True,False
finance/cashflow_v14_tax.py,finance,cashflow_v14_tax.py,.py,14701,2025-12-09T19:13:28.488618,cashflow,False,True,False
finance/cashflow_v14_fx.py,finance,cashflow_v14_fx.py,.py,4655,2025-12-12T08:16:26.768445,cashflow,False,True,False
finance/epc_helper_v14.py,finance,epc_helper_v14.py,.py,15378,2025-12-05T08:53:42.320368,other,False,True,False
finance/cashflow_v14_params.py,finance,cashflow_v14_params.py,.py,18667,2025-12-08T18:05:33.547427,cashflow,False,True,False
finance/cashflow_v14_contracts.py,finance,cashflow_v14_contracts.py,.py,1528,2025-12-08T12:29:56.079804,contract,False,True,False
finance/irr_config.py,finance,irr_config.py,.py,4641,2025-11-29T08:55:33.991572,other,False,True,False
finance/utils.py,finance,utils.py,.py,1000,2025-11-27T11:05:30.607127,other,False,True,False
finance/cashflow_v14_production.py,finance,cashflow_v14_production.py,.py,2328,2025-12-08T12:22:42.571588,cashflow,False,True,False
finance/cashflow_v14_utils.py,finance,cashflow_v14_utils.py,.py,6209,2025-12-09T19:13:28.489248,cashflow,False,True,False
finance/tax_v14.py,finance,tax_v14.py,.py,3430,2025-11-27T11:05:30.609672,other,False,True,False
finance/fx_v14.py,finance,fx_v14.py,.py,8266,2025-12-12T07:25:41.361276,fx,False,True,False
finance/irr.py,finance,irr.py,.py,12255,2025-12-02T21:36:48.050847,other,False,True,False
analytics/schema_guard.py,analytics,schema_guard.py,.py,18837,2025-12-12T02:17:13.490305,validation,True,False,False
analytics/sensitivity_tail_risk.py,analytics,sensitivity_tail_risk.py,.py,13777,2025-12-11T12:55:31.562399,sensitivity,True,False,False
analytics/sensitivity_v14.py,analytics,sensitivity_v14.py,.py,67809,2025-12-12T07:25:42.335544,sensitivity,True,False,False
analytics/sensitivity_visualization.py,analytics,sensitivity_visualization.py,.py,4091,2025-12-08T07:51:59.218541,sensitivity,True,False,False
analytics/evaluation_v14.py,analytics,evaluation_v14.py,.py,40999,2025-12-12T08:27:01.967174,gateway,True,False,False
analytics/contracts_v14.py,analytics,contracts_v14.py,.py,42539,2025-12-10T18:30:13.308805,contract,True,False,False
analytics/config_schema.py,analytics,config_schema.py,.py,3738,2025-12-05T08:53:41.953163,validation,True,False,False
analytics/monte_carlo_v14.py,analytics,monte_carlo_v14.py,.py,41107,2025-12-11T13:00:19.126393,other,True,False,False
analytics/sensitivity_export.py,analytics,sensitivity_export.py,.py,5894,2025-12-08T05:59:12.784629,sensitivity,True,False,False
analytics/sensitivity_pareto.py,analytics,sensitivity_pareto.py,.py,4493,2025-12-08T07:51:59.208142,sensitivity,True,False,False
analytics/export_helpers.py,analytics,export_helpers.py,.py,26170,2025-12-05T08:53:42.572124,other,True,False,False
analytics/__init__.py,analytics,__init__.py,.py,1993,2025-12-07T19:08:03.503196,other,True,False,False
analytics/kpi_normalizer.py,analytics,kpi_normalizer.py,.py,4737,2025-11-27T11:05:30.555448,other,True,False,False
analytics/README.md,analytics,README.md,.md,5999,2025-11-28T18:26:14.294424,other,True,False,False
analytics/scenario_manager.py,analytics,scenario_manager.py,.py,2358,2025-12-08T18:05:33.546976,other,True,False,False
analytics/scenario_analytics.py,analytics,scenario_analytics.py,.py,20615,2025-12-02T19:58:50.302296,other,True,False,False
analytics/evaluate_scenario.py,analytics,evaluate_scenario.py,.py,7954,2025-12-08T05:59:11.984632,other,True,False,False
analytics/casper_payload.py,analytics,casper_payload.py,.py,10345,2025-12-11T04:41:39.297315,other,True,False,False
analytics/scenario_loader.py,analytics,scenario_loader.py,.py,6050,2025-11-27T11:05:30.570805,other,True,False,False
analytics/pipeline_v14.py,analytics,pipeline_v14.py,.py,14491,2025-12-07T20:26:15.113217,pipeline,True,False,False
analytics/parameter_solvers.py,analytics,parameter_solvers.py,.py,10860,2025-12-08T03:31:07.573291,other,True,False,False
analytics/sensitivity_heatmap.py,analytics,sensitivity_heatmap.py,.py,3777,2025-12-08T07:51:59.193714,sensitivity,True,False,False
analytics/evaluationv14.py,analytics,evaluationv14.py,.py,1135,2025-12-11T13:00:18.677729,gateway,True,False,False
analytics/casper_v14.py,analytics,casper_v14.py,.py,3645,2025-12-11T04:41:39.079140,other,True,False,False
analytics/executive_workbook.py,analytics,executive_workbook.py,.py,2764,2025-12-03T16:47:07.845237,other,True,False,False
analytics/scenarioloader.py,analytics,scenarioloader.py,.py,1318,2025-12-11T13:00:19.346908,other,True,False,False
analytics/core/metrics.py,analytics,metrics.py,.py,21877,2025-12-04T05:00:18.993813,other,True,False,False
analytics/core/__init__.py,analytics,__init__.py,.py,117,2025-11-27T11:05:30.475302,other,True,False,False
analytics/core/epc_helper.py,analytics,epc_helper.py,.py,155,2025-12-05T08:53:41.889041,other,True,False,False
analytics/fx/__init__.py,analytics,__init__.py,.py,1397,2025-11-27T11:05:30.484125,fx,True,False,False
analytics/fx/processor.py,analytics,processor.py,.py,14883,2025-12-08T05:59:12.770741,fx,True,False,False
analytics/fx/returns.py,analytics,returns.py,.py,13473,2025-12-04T20:32:02.324675,fx,True,False,False
analytics/fx/fx_contracts.py,analytics,fx_contracts.py,.py,2631,2025-11-27T11:05:30.496432,contract,True,False,False
analytics/fx/README.md,analytics,README.md,.md,1513,2025-11-25T09:00:54.092528,fx,True,False,False
analytics/fx/risk.py,analytics,risk.py,.py,9693,2025-11-27T21:53:43.940011,fx,True,False,False
analytics/fx/correlation.py,analytics,correlation.py,.py,15696,2025-12-08T07:51:59.725971,fx,True,False,False
analytics/fx/fx_loader.py,analytics,fx_loader.py,.py,2662,2025-11-27T21:10:20.213257,fx,True,False,False
analytics/sensitivity/dashboard_demo.py,analytics,dashboard_demo.py,.py,670,2025-12-05T08:53:41.928205,sensitivity,True,False,False
analytics/sensitivity/sensitivity_usage_readme.md,analytics,sensitivity_usage_readme.md,.md,3941,2025-11-24T13:23:57.542402,sensitivity,True,False,False
analytics/sensitivity/tools.py,analytics,tools.py,.py,2275,2025-12-08T04:10:49.567074,sensitivity,True,False,False
analytics/sensitivity/batch.py,analytics,batch.py,.py,1855,2025-12-08T12:31:37.278492,sensitivity,True,False,False
analytics/sensitivity/stochastic.py,analytics,stochastic.py,.py,5415,2025-12-08T07:51:59.175282,sensitivity,True,False,False
analytics/sensitivity/__init__.py,analytics,__init__.py,.py,1558,2025-12-05T08:53:41.915975,sensitivity,True,False,False
analytics/sensitivity/docstrings.py,analytics,docstrings.py,.py,1248,2025-11-27T21:53:43.850243,sensitivity,True,False,False
analytics/sensitivity/report.py,analytics,report.py,.py,2256,2025-12-08T12:31:37.278647,sensitivity,True,False,False
analytics/sensitivity/validation.py,analytics,validation.py,.py,2006,2025-12-10T15:36:32.578135,sensitivity,True,False,False
analytics/pysam_sandbox/__init__.py,analytics,__init__.py,.py,3101,2025-12-05T08:51:18.437271,other,True,False,False
analytics/pysam_sandbox/pysam_runner.py,analytics,pysam_runner.py,.py,3864,2025-12-08T12:31:37.278091,other,True,False,False
analytics/pysam_sandbox/README.md,analytics,README.md,.md,4168,2025-12-05T08:34:00.598654,other,True,False,False
analytics/dashboard/streamlit_app.py,analytics,streamlit_app.py,.py,1722,2025-12-05T08:53:41.905392,other,True,False,False
