Category,Rule,Detail,Sprint,Status
Architecture,YAML/config-driven first,All scenarios parameters and pipelines are driven by YAML configs with environment overlays; no hardcoded values.,Original,Active
Architecture,Defensive programming,Validate configs and parameter ranges before compute; fail fast with clear errors.,Original,Active
Architecture,Batch/CLI friendly,No hardcoded paths or state; all inputs/outputs via args or env vars to support headless/batch use.,Original,Active
Architecture,Stateless APIs,Analytics must be stateless and reproducible; same inputs yield same outputs suitable for REST and scripts.,Original,Active
Quality,Test-first design,Every analytic has contract tests and edge/fuzz coverage; tests live in tests/ with clear contracts.,Original,Active
Quality,Type hints + mypy clean,Full type annotations with mypy-clean code; no unchecked Any without justification. Use Python 3.11+ syntax.,Original,Active
Quality,Lint/format clean,flake8 black isort must all pass; code style is automated and enforced.,Original,Active
Design,Mutation-averse,Prefer immutable data structures and pure functions; minimize shared mutable state.,Original,Active
Design,Frozen dataclasses,Use frozen=True for immutable configuration objects; no shared mutable state by default.,Sprint Day 5,New
I/O,Explicit exports,All reports/exports go to explicit target folders with unique names; no silent overwrites.,Original,Active
I/O,No magic paths,Never rely on implicit current working directory or hardcoded user-specific paths.,Original,Active
Refactoring,LibCST for code transforms,Use LibCST for all non-trivial code rewrites to preserve formatting comments and semantics.,Original,Active
Refactoring,No ast/astunparse,Avoid AST + astunparse for refactors due to formatting and comment loss; use LibCST/Bowler/Rope instead.,Original,Active
Refactoring,Bowler for bulk refactors,Use Bowler (Meta/Facebook) for large-scale declarative refactoring with AST safety.,Sprint Day 5,New
Refactoring,Rope optional,Rope for project-aware refactoring and IDE integration when needed; optional.,Sprint Day 5,New
Dependencies,Stdlib detection via hardcoded list,Maintain a complete versioned stdlib module list (3.10-3.14); do not rely solely on pkgutil.iter_modules().,Original,Active
Dependencies,Exclude internal modules from requirements,Never write internal packages (analytics finance api config scenarios legacy etc.) into requirements.txt/pyproject.,Original,Active
Dependencies,Permanent blacklist,Permanently blacklist: pyarrow legacy redis bare yaml. Use pyyaml and vetted versions instead.,Sprint Day 5,Enhanced
Dependencies,No git+ URLs,Do not use git+https URLs in requirements or pyproject dependencies to avoid resolver and deployment issues.,Original,Active
Layout,Src/ layout preferred,Use a src/ package layout for new libraries; keep code under src/package_name with tests scripts docs at top level.,Original,Active
Layout,Auto-generate __init__.py,Ensure every package has an __init__.py ideally generated to re-export public APIs using LibCST-based symbol extraction.,Original,Active
Layout,Module version suffix,Use v14 suffix for DutchBay modules: cashflow_v14.py debt_v14.py tax_v14.py (not v15 not no suffix).,Sprint Day 5,New
Imports,Absolute imports only,No relative imports. Use: from analytics.fx.processor import FXProcessor (not from ..fx.processor),Sprint Day 5,New
Imports,LibCST-based import rewriting,Rewrite imports with LibCST transformer that preserves formatting and only alters targeted import nodes.,Original,Active
Imports,Import organization,Use isort: stdlib - third-party - local. All imports alphabetized within groups.,Sprint Day 5,New
Git,Comprehensive .gitignore,Maintain modern Python .gitignore: venvs caches build artifacts IDE files logs project-specific noise.,Original,Active
Git,Checkpoint commits,Before and after major refactors create git checkpoints for easy rollback.,Original,Active
Git,Heredoc for multi-line commits,Use heredoc for multi-line commit messages: git commit -F- <<'EOF' ... EOF (avoids quote/emoji issues).,Sprint Day 5,New
Git,NO EMOJIS in commits,Never include emojis in git commit messages or shell commands. Use plain ASCII only. Emojis cause dquote>/parse errors.,Sprint Day 5,New
Git,EOF markers on scripts,All Python scripts must end with: # EOF (Go with the Flow standard).,Sprint Day 5,New
CLI,typer library RECOMMENDED,Use typer for CLI scripts (type-hint native). Use @app.callback(invoke_without_command=True) for default command pattern.,Sprint Day 5,New
CLI,Banned: argparse,NEVER use argparse. Too verbose too much boilerplate. Use typer or simple sys.argv instead.,Sprint Day 5,New
CLI,sys.argv for simple cases,For scripts with <5 flags simple sys.argv parsing acceptable: fast = '--fast' in sys.argv[1:],Sprint Day 5,New
CLI,click acceptable,click is acceptable (typer is built on it) but typer preferred for new code.,Sprint Day 5,New
Formatting,black mandatory,Run black on all Python code: black analytics/ finance/ scripts/,Sprint Day 5,New
Formatting,isort mandatory,Run isort on all Python code: isort analytics/ finance/ scripts/,Sprint Day 5,New
Formatting,mypy strict mode,Type check with mypy in strict mode; all function signatures fully typed.,Sprint Day 5,New
Formatting,pytest runner,Use pytest for all tests. Fail fast on first error.,Sprint Day 5,New
CI/CD,Go-with-the-Flow CI script,Location: scripts/go_with_the_flow_ci.py. Orchestrates: black - isort - compileall - pytest - mypy (in order fail-fast).,Sprint Day 5,New
CI/CD,Fast mode option,python scripts/go_with_the_flow_ci.py --fast (targeted smoke tests),Sprint Day 5,New
CI/CD,Skip flags available,--no-black --no-isort --no-pytest --no-mypy for selective skipping.,Sprint Day 5,New
CI/CD,File-scoped mode,"python scripts/go_with_the_flow_ci.py --files 'path1,path2' to restrict CI to specific files.",Sprint Day 5,New
CI/CD,Subcommands,info (show config) fire-warning (show emergency tools) main (default pipeline).,Sprint Day 5,New
CI,Go-with-the-Flow CI is canonical gate,scripts/go_with_the_flow_ci.py is the single source of truth for local quality gates (black isort compileall pytest mypy) and must stay in sync with repo rules.,Sprint Day 5,New
CI,Pre-commit Go-with-the-Flow,Before committing to main or v14 branches run: python scripts/go_with_the_flow_ci.py; do not commit if any stage fails.,Sprint Day 5,CRITICAL
CI,File-scoped fast lane on save/refactor,"After editing or refactoring specific modules run: python scripts/go_with_the_flow_ci.py --files path1.py,path2.py --fast to format sort imports compile and run targeted tests for those files.",Sprint Day 6,New
CI,Inner-loop fast mode,During active development prefer: python scripts/go_with_the_flow_ci.py --fast to run smoke tests (Monte Carlo v14 sensitivity_v14 v14 pipeline) while still applying black isort and compileall.,Sprint Day 5,Active
CI,Go-with-the-Flow as AI refactor contract,All AI-assisted refactors must assume go_with_the_flow_ci.py will be run immediately; generated code must be black+isort compliant mypy-safe and avoid argparse in favor of typer.,Sprint Day 6,CRITICAL
Emergency Tools,Bowler standing by,Bowler + LibCST ready for large-scale refactoring battles. Deploy when migrations needed.,Sprint Day 5,New
Emergency Tools,Fire migration scripts,python scripts/fire_migration.py <migration_name> for bulk refactoring ops.,Sprint Day 5,New
Validation,Import/compile validation,After refactors py_compile or compileall should succeed for all modules; run tests and mypy as part of validation.,Original,Active
Validation,Contract-first design,Define API contract (inputs/outputs/types) before implementation; tests encode the contract.,Sprint Day 5,New
Workflow,Refactor sequence,Always: checkpoint - clean deps - move modules - generate __init__ - rewrite imports - install -e - validate - checkpoint - push.,Original,Active
Workflow,Pre-commit checklist,Type hints present no relative imports docstrings complete EOF marker no TODOs black+isort applied tests pass mypy clean no emojis.,Sprint Day 5,New
Workflow,Daily workflow,1. Make changes 2. python scripts/go_with_the_flow_ci.py --fast 3. git add + commit 4. git push,Sprint Day 5,New
Workflow,Checkpoint before merge/release,Before merging branches or tagging a release run full Go-with-the-Flow CI (no --fast no skips) and require a green run across analytics finance and run_full_pipeline_v14.py.,Sprint Day 6,CRITICAL
Workflow,Checkpoint before external exports,Before packaging zips workbooks or reports for lenders or external reviewers run Go-with-the-Flow CI (fast or full depending on scope) and fix any failures.,Sprint Day 6,CRITICAL
Rollback,Git-based rollback,On failure prefer git reset --hard HEAD~1 or stash-based rollback rather than manual file surgery.,Original,Active
DutchBay,analytics/ + finance/ are v14 truth,These two folders contain authoritative v14 implementation; everything else defers to them.,Original,Active
DutchBay,Quarantine dutchbay_v14chat/,dutchbay_v14chat/ is legacy; no new code should depend on it. Move to legacy/ as soon as imports cleaned.,Original,Active
DutchBay,No dutchbay_v14* imports,All imports must target analytics.* and finance.* directly. Remove any from dutchbay_v14* or dutchbay_v14chat.*,Original,Active
DutchBay,Test conftest enforcement,tests/conftest.py ensures repo root's analytics package is used not nested tests/analytics or legacy.,Original,Active
DutchBay,Backups before cleanup,Before moving/deleting many files (e.g. v14 cleanup) take timestamped backup or git checkpoint.,Original,Active
Mindset,Config-driven not code-driven,No sneaky hardcoded knobs in analytics or finance; everything goes through YAML configs with explicit validation.,Original,Active
Mindset,Stateless = safe for any interface,Same config in - same KPIs out. Must work identically in REST CLI batch without hidden state.,Original,Active
Mindset,Explicit paths only,Anything touching files takes explicit path args; never assumes CWD or user-specific paths. No magic.,Original,Active
Mindset,Build Once Build Right,Production-grade code from day one. No placeholders no TODOs no 'fix later'. Copy-paste ready.,Sprint Day 5,New
Mindset,Type hints non-negotiable,Full type annotations + mypy-clean is the bar not 'nice-to-have'. Every function signature typed.,Sprint Day 5,Enhanced
Documentation,Module docstrings complete,Include features/capabilities examples and purpose. No placeholder docstrings.,Sprint Day 5,New
Documentation,Function docstrings with examples,Args Returns Raises and Example sections required. Example should be copy-pasteable.,Sprint Day 5,New
Documentation,EOF markers on scripts,All scripts end with: # EOF (enforced standard).,Sprint Day 5,New
Tooling,Typer-only CLIs,All new CLI scripts (including those invoked by Go-with-the-Flow) must use typer instead of argparse with fully typed options and testable entry points.,Sprint Day 5,Active
Tooling,Emergency refactor tools on standby,Bowler and LibCST are reserved for large-scale migrations; go_with_the_flow_ci.py fire-warning should list active migrations and be consulted before running bulk refactors.,Sprint Day 5,Active
Sprint Day 5,FX Subpackage created,analytics/fx/ module with processor correlation risk returns fx_contracts fx_loader (independent or core-integrated).,Sprint Day 5,New
Sprint Day 5,Tax Calculator extracted,finance/tax_v14.py created as canonical location with validate_parameters() and BOI tax holiday support.,Sprint Day 5,New
Sprint Day 5,Legacy Quarantine,dutchbay_v14chat - legacy/v14chat/; clear deprecation policy; zero legacy imports in production.,Sprint Day 5,New
Sprint Day 5,Test Import Migration,13 test files updated; 18 forbidden imports removed; 100% mapping verification completed.,Sprint Day 5,New
Sprint Day 5,Repo Hygiene Complete,Enhanced .gitignore CI Structure Check housekeeping script EOF guard implementation all deployed.,Sprint Day 5,New
Sprint Day 5,Pre-existing fixes,test_config_schema_guard + test_debt_construction now passing; all pre-existing failures resolved.,Sprint Day 5,New
Governance,Frozen v14 surface,Do not change signatures of run_v14_pipeline; calculate_scenario_kpis; TornadoResult; MultiMetricTornadoResult or the run_full_pipeline CLI mode without an explicit versioned decision and lender impact assessment.,v2.2,Active
Governance,Schema guard first,Any script that runs the v14 engine must call validate_config_for_v14 with validation_mode=strict before run_v14_pipeline; no silent defaults behind the guard.,v2.2,Active
Governance,CLI contract,run_full_pipeline.py must support the contract python run_full_pipeline.py --mode base --config <path>; this is the frozen lender CLI surface.,v2.2,Active
Governance,Contract driven analytics,New analytics outputs must conform to or extend analytics/contracts_v14 dataclasses such as TornadoResult and MultiMetricTornadoResult; no ad hoc result shapes.,v2.2,Active
Governance,Use v14 types,Use existing v14 analytics and finance contracts and types instead of inventing new ones; keep KPI and cashflow interfaces aligned with those contracts.,v2.2,Active
CodeStyle,Keyword KPI calls,calculate_scenario_kpis must always be called with keyword arguments; annual_rows; debt_result; config; discount_rate to keep the interface explicit and stable.,v2.2,Active
CodeStyle,No top level side effects,Modules must be import safe; side effects are only allowed under if __name__ == '__main__' and tests must be able to import any module without triggering work.,v2.2,Active
CodeStyle,CLI defaults without B008,For Typer and other CLIs; never call functions in default argument values; use module level constants for defaults so flake8 bugbear B008 does not trigger.,v2.2,Active
CodeStyle,No ghost features,Do not leave undefined feature hooks or unused public functions; future hooks must be stubs that raise NotImplementedError or be removed until needed.,v2.2,Active
Formatting,88 char line limit,All new code; docstrings and logging must respect a hard target of 88 characters per line; long prose must be reflowed or split rather than deferred to cleanup.,v2.2,Active
Formatting,Docstring discipline,Docstrings should be concise summary lines plus wrapped detail lines; avoid single monster lines that will trigger E501 or B950.,v2.2,Active
Formatting,Logging discipline,Logging and error messages must be split or concatenated so they fit within the line length rule; no ultra long f strings on a single line.,v2.2,Active
Lint,Avoid unused imports,New code must not introduce unused imports or unused local variables; flake8 F401 and F841 are treated as author time bugs; not cleanup work.,v2.2,Active
Lint,Ban F541,No f strings without placeholders; where there is no interpolation use plain string literals rather than f prefix.,v2.2,Active
Lint,Ban F821 in new code,New code may not reference undefined names; if a deliberate forward reference is required it must be covered either by a stub implementation or an explicit noqa and registry entry.,v2.2,Active
Lint,Ban B008 in new code,New code must not use function calls in default argument values; especially in Typer options and arguments; use constants or factories instead.,v2.2,Active
Lint,Line length errors upstream,E501 and B950 must be prevented at author time; especially in docstrings; comments and logging; long lines are a design smell; not a later cleanup task.,v2.2,Active
Types,Mypy clean new code,New or heavily modified modules must be written to pass mypy under the current project configuration; type ignore comments require justification.,v2.2,Active
Types,Fully typed public surface,Public functions; methods and dataclasses in analytics and finance must carry full type hints on parameters and return types; not partial or omitted.,v2.2,Active
Tests,Tests gate changes,Core test files such as v14 pipeline smoke; CLI smoke; metrics integration; export smoke and v14 lender suite must remain green; they define whether lender facing behaviour is safe.,v2.2,Active
Tests,Export column contracts,ScenarioAnalytics.run must return summary_df and timeseries_df whose columns include scenario_name; project_irr; equity_irr; project_npv; equity_npv; min_dscr; dscr_min for summary and scenario_name; dscr for timeseries; tests lock these names.,v2.2,Active
Tests,JSON KPI contract,v14 JSON kpis payload must expose project_npv; project_irr; equity_irr; equity_npv; min_dscr and dscr_min; dscr_min must numerically match min_dscr within tolerance.,v2.2,Active
CI,Pure Python local pipeline,The primary local pipeline runs black; isort; compileall; pytest; mypy and JSON export; Go with the Flow helpers orchestrate these steps without shell hacks.,v2.2,Active
CI,Pre commit as gate,Pre commit must run black; isort; flake8 and mypy on staged files; failing hooks block commits; new code is expected to be emit clean with respect to these tools.,v2.2,Active
CI,Fast dev lane,Go with the Flow CI helper supports a fast mode that runs formatting; targeted tests and mypy on a specified set of files; developers are expected to use this before review.,v2.2,Active
MultiFile,Rule 80 multi file ops,For multi file changes; use gather scripts to collect violations into context files; generate explicit Python fix scripts; run them; then run flake8 and pytest before committing; no blind sed based surgery.,v2.2,Active
MultiFile,Context first fixes,Bulk lint fixes operate on generated context such as violations_context or E501 context files; fixes are applied only where the context explicitly indicates; keeping edits auditable.,v2.2,Active
MultiFile,Deferred violations registry,Some violations are intentionally deferred and tracked in a registry; automated fix passes must respect this registry and avoid changing lines that are marked as deferred.,v2.2,Active
AI,AI emission contract,When prompts say Go with the Flow; AI generated code must target passing black; isort; flake8 including bugbear and mypy on first generation; within the 88 char line rule.,v2.2,Active
AI,AI lint awareness,AI must avoid unused imports; B008; F541 and F821 in new code; and must assume the v14 contracts are the canonical types for analytics and finance; lint or type failures are treated as defects to fix; not work for the human team.,v2.2,Active
AI,AI uses v14 templates,For CLIs; analytics modules and tests; AI should default to the established project templates such as Typer based CLI pattern and ScenarioAnalytics patterns rather than ad hoc structures.,v2.2,Active
Governance,Experimental vs supported,Core lender facing modules must be kept lint clean and type safe; experimental or research modules may carry limited deferred debt but must be clearly identified and isolated from critical CI paths.,v2.2,Active
Governance,No surprise schema changes,Changes to scenario schema or validation rules must go through validate_config_for_v14 and associated tests; no silent widening or narrowing of required fields without schema guard updates and test revisions.,v2.2,Active
Process,No shell cowboy surgery,Multi file or multi line edits must be implemented via Python tooling and Go with the Flow scripts; direct ad hoc sed or awk edits against the repo are discouraged and should be followed only by black and full tests if ever used.,v2.2,Active
Process,Emit clean definition of done,For a new or changed module the definition of done is: black clean; isort clean; flake8 clean for configured codes; mypy clean on target packages; tests green; and no entries added to the deferred violations registry unless explicitly agreed.,v2.2,Active
