pointer_id,family,area,code_location,risk_claim,assigned_phase,source_anchor,disposition,confidence,verification_level,evidence_refs,reproduction_refs,validation_dependencies,finding_ids,notes,adjudicated_at
RS-A1,A,Cashflow waterfall ordering and the EBITDA≡EBIT identity,`finance/cashflow_v14.py:441-540` and the mirror at `:810-936`,"The waterfall is implemented **twice** (per-year and batch) and must stay bit-identical. Order: net kWh × tariff (+BESS capacity charge) − statutory − opex(LKR, escalated, VAT-inclusive) − senior fee = EBITDA = EBIT; tax on EBIT − interest − depreciation; then risk haircut; then BESS augmentation capex; then LKR→USD. Depreciation deliberately not in EBIT; the senior fee is deducted pre-tax so it is automatically deductible. Any drift between builders, or any re-order of haircut vs augmentation capex, moves canon",P2,01_architecture_map.md:474,not_a_defect,high,finder_plus_refuter,"[""/Users/aruna/Downloads/DutchBay_Comprehensive_Audit_2026-08/01_architecture_map.md:474"", ""/Users/aruna/Downloads/DutchBay_Comprehensive_Audit_2026-08/02_finance_correctness_findings.md:88-97"", ""/Users/aruna/Downloads/DutchBay_Comprehensive_Audit_2026-08/raw/P2_f3_waterfall.json:75-82"", ""/Users/aruna/Downloads/dutchbay-wt-audit-corrigendum/finance/cashflow_v14.py:373-600"", ""/Users/aruna/Downloads/dutchbay-wt-audit-corrigendum/finance/cashflow_v14.py:768-983"", ""/Users/aruna/Downloads/DutchBay_Comprehensive_Audit_2026-08/raw/diff_builders.py""]",[],[],[],"Five differential runs, including loss vintages, a tax holiday, an active FX hedge and a senior-fee series, produced exact row/key equality between the two builders. This closes a present functional-divergence allegation, not the residual maintenance risk created by duplicate implementations.",2026-08-12T10:00:54+05:30
RS-A2,A,DSCR sculpt math and the fee-inside-the-sculpt convention,"`finance/debt_v14.py:620-671`, esp. `:649-653`, `:664-666`","`target_svc = max(0,(CFADS−fee)/dscr_target)`; principal = target_svc − Σinterest; allocation pro-rata by opening balance. The fee base inside the sculpt and the reported fee (`:822`) diverge when `interest_only_years == 0` — conceded in-code at `:645-648`. Verify the sculpt reproduces the reported DSCR exactly on every committed scenario",P2,01_architecture_map.md:475,partially_confirmed,medium,finder_only,"[""/Users/aruna/Downloads/DutchBay_Comprehensive_Audit_2026-08/01_architecture_map.md:475"", ""/Users/aruna/Downloads/DutchBay_Comprehensive_Audit_2026-08/raw/P2_f2_debt.json:104-114"", ""/Users/aruna/Downloads/DutchBay_Comprehensive_Audit_2026-08/raw/P2_f2_debt.json:127-134"", ""/Users/aruna/Downloads/dutchbay-wt-audit-corrigendum/finance/debt_v14.py:620-671"", ""/Users/aruna/Downloads/dutchbay-wt-audit-corrigendum/finance/debt_v14.py:822"", ""/Users/aruna/Downloads/DutchBay_Comprehensive_Audit_2026-08/raw/f2_feebase.py""]",[],[],[],"The interest-only-zero fee-base divergence exists in code, but no committed scenario combines interest_only_years equal to zero with a non-zero senior fee. Within the live canonical debt engine, sculpt and reported DSCR use the same fee rate, opening balance and period mask. Latent scope is confirmed; current committed-scenario impact is not.",2026-08-12T10:00:54+05:30
RS-A3,A,Gearing solve: monotonicity assumption and the linear downward scan,`finance/debt_v14.py:1004-1066`; driver `:1092-1189`,"The solver **assumes** min DSCR is non-increasing in gearing and scans down from max_ratio in 0.0025 steps. IDC capitalisation, the balloon and the fee all move with gearing, so monotonicity can fail. `bind_downside` runs the scan twice and takes min(P50,P90). **Gearing is a canonical KPI (0.41) — this function decides it**",P2,01_architecture_map.md:476,partially_confirmed,high,finder_plus_refuter,"[""/Users/aruna/Downloads/DutchBay_Comprehensive_Audit_2026-08/01_architecture_map.md:476"", ""/Users/aruna/Downloads/DutchBay_Comprehensive_Audit_2026-08/02_finance_correctness_findings.md:43-45"", ""/Users/aruna/Downloads/DutchBay_Comprehensive_Audit_2026-08/02_finance_correctness_findings.md:84-86"", ""/Users/aruna/Downloads/dutchbay-wt-audit-corrigendum/finance/debt_v14.py:1004-1066"", ""/Users/aruna/Downloads/dutchbay-wt-audit-corrigendum/finance/debt_v14.py:1092-1189"", ""/Users/aruna/Downloads/DutchBay_Comprehensive_Audit_2026-08/raw/f2_mono.py"", ""/Users/aruna/Downloads/DutchBay_Comprehensive_Audit_2026-08/raw/f2_resize.py""]",[],[],"[""P2-F2-07""]","A 279-point canonical scan found no monotonicity violation, so the hypothesised live non-monotonicity did not reproduce. The linear 0.0025 scan is nevertheless confirmed to stop below the bisected plateau edge: 0.4100 versus approximately 0.41062, about USD 104,000 of unsized debt capacity. The pointer is therefore only partly sustained.",2026-08-12T10:00:54+05:30
RS-A4,A,Coverage ratios: LLCR/PLCR window and discount basis,`finance/debt_v14.py:897-956`,"LLCR discounts `project_cfads[:tenor]` at `avg_debt_rate` over periods 1..N via the local `_npv`, **not** over the actual service-bearing periods — the in-code note quantifies ~1.7% divergence (1.243 → ~1.222). Load-bearing for canonical LLCR 1.268 / PLCR 1.307",P3,01_architecture_map.md:477,partially_confirmed,high,finder_plus_refuter,"[""/Users/aruna/Downloads/DutchBay_Comprehensive_Audit_2026-08/01_architecture_map.md:477"", ""/Users/aruna/Downloads/DutchBay_Comprehensive_Audit_2026-08/02_finance_correctness_findings.md:38"", ""/Users/aruna/Downloads/DutchBay_Comprehensive_Audit_2026-08/02_finance_correctness_findings.md:84-86"", ""/Users/aruna/Downloads/DutchBay_Comprehensive_Audit_2026-08/raw/P2_f2_debt.json:116-120"", ""/Users/aruna/Downloads/dutchbay-wt-audit-corrigendum/finance/debt_v14.py:897-956"", ""/Users/aruna/Downloads/DutchBay_Comprehensive_Audit_2026-08/raw/f2_resize.py""]",[],"[{""dependency_id"": ""DEP-RS-A4-01"", ""kind"": ""validation"", ""target"": ""P5-REPRO-LLCR-001"", ""owner_role"": ""project_finance_model_owner"", ""status"": ""required_not_started"", ""blocking"": true, ""requirement"": ""Complete and independently review the transaction-bounded LLCR reproduction before upgrading this pointer.""}]","[""P2-F2-04"", ""P5-FIN-004""]","The close-date denominator, weighted average debt-rate discount basis and t=1 discount offset were verified as coherent. The LLCR numerator window is one operating year longer than the service-bearing loan life because of the bridge convention, increasing reported LLCR by about 1.11 percent. Transaction-specific loan-life, DSRA and discount-curve conventions remain deferred.",2026-08-12T10:00:54+05:30
RS-A5,A,"Tax: loss vintages, holiday interaction, depreciation base","`finance/cashflow_v14_tax.py:495-530`, `:533-594`; base at `finance/cashflow_v14.py:184-341`","Two carry-forward implementations coexist (scalar legacy vs vintage FIFO with expiry) and the live path threads vintages through a **mutated** params dict. The depreciable base is a four-rung fallback ladder plus additive levy uplift and optional IDC, each rung translated at year-0 FX, with an enhancement multiplier applied before any plant/civil split",P2,01_architecture_map.md:478,partially_confirmed,high,finder_plus_refuter,"[""/Users/aruna/Downloads/DutchBay_Comprehensive_Audit_2026-08/01_architecture_map.md:478"", ""/Users/aruna/Downloads/DutchBay_Comprehensive_Audit_2026-08/02_finance_correctness_findings.md:41"", ""/Users/aruna/Downloads/DutchBay_Comprehensive_Audit_2026-08/02_finance_correctness_findings.md:88-101"", ""/Users/aruna/Downloads/DutchBay_Comprehensive_Audit_2026-08/raw/P2_f3_waterfall.json:54-60"", ""/Users/aruna/Downloads/dutchbay-wt-audit-corrigendum/finance/cashflow_v14_tax.py:495-594"", ""/Users/aruna/Downloads/DutchBay_Comprehensive_Audit_2026-08/raw/P2_r3_waterfall_verdicts.json""]",[],[],"[""P2-F3-05""]","The loss-vintage path has a confirmed semantic contradiction: loss_carryforward_years equal to zero is documented as unlimited carry in one layer but disables carry-forward in the live config-resolution path. Canon declares six years and is unaffected. The broader fallback-ladder, mutated-params and depreciation-base concerns were not fully adjudicated, so the row remains partial.",2026-08-12T10:00:54+05:30
RS-A6,A,"FX: spot curve, CIP forward, hedge blend","`finance/cashflow_v14_fx.py:12-171`, `:215-243`, `:281-308`","Where unindexed-LKR erosion risk lives. Spot compounds (1+depr) from year 0; the CIP forward compounds (1+r_lkr)/(1+r_usd) from the **same** spot_0, so the drifts must be consistent by construction. Hedged conversion is `(1−h)/spot + h/(forward×(1+spread))`. The forward is anchored on tranche rates via a lazy cross-module import, so a change to `Financing_Terms.rates` silently re-prices the hedge",P2,01_architecture_map.md:479,partially_confirmed,high,finder_plus_refuter,"[""/Users/aruna/Downloads/DutchBay_Comprehensive_Audit_2026-08/01_architecture_map.md:479"", ""/Users/aruna/Downloads/DutchBay_Comprehensive_Audit_2026-08/02_finance_correctness_findings.md:23-24"", ""/Users/aruna/Downloads/DutchBay_Comprehensive_Audit_2026-08/02_finance_correctness_findings.md:103-105"", ""/Users/aruna/Downloads/DutchBay_Comprehensive_Audit_2026-08/raw/P2_r5_fx_verdicts.json"", ""/Users/aruna/Downloads/dutchbay-wt-audit-corrigendum/finance/cashflow_v14_fx.py:12-171"", ""/Users/aruna/Downloads/dutchbay-wt-audit-corrigendum/finance/cashflow_v14_fx.py:215-308"", ""/Users/aruna/Downloads/DutchBay_Comprehensive_Audit_2026-08/raw/fx_probe4.py"", ""/Users/aruna/Downloads/DutchBay_Comprehensive_Audit_2026-08/raw/fx_probe5.py""]",[],[],"[""P2-F5-01""]","CIP-forward construction and hedge-blend arithmetic were independently checked and found clean. The spot curve is nevertheless indexed to operating rows without construction-lag alignment, so first operating cash is translated two to three periods earlier than it is discounted and sculpted. The timing defect is confirmed; the rest of this composite pointer is not defective on the evidence reviewed.",2026-08-12T10:00:54+05:30
RS-A7,A,"Project NPV/IRR time alignment (capex at t=0, construction lag, first CFADS at t=lag+1)","`finance/irr.py:375-416`, `:419-542`; `construction_years` resolution `analytics/core/metrics.py:376-390`","The function whose earlier mis-alignment turned a real negative NPV into a reported +$2.03M. `construction_years` reads from `debt_result` first, then a top-level key, **defaulting to 0** — a zero lag pulls the whole operating stream forward one construction period. Canonical NPV −79.27M and projIRR 0.0146 both depend on this vector",P2,01_architecture_map.md:480,partially_confirmed,high,finder_plus_refuter,"[""/Users/aruna/Downloads/DutchBay_Comprehensive_Audit_2026-08/01_architecture_map.md:480"", ""/Users/aruna/Downloads/DutchBay_Comprehensive_Audit_2026-08/02_finance_correctness_findings.md:29"", ""/Users/aruna/Downloads/DutchBay_Comprehensive_Audit_2026-08/02_finance_correctness_findings.md:75-82"", ""/Users/aruna/Downloads/DutchBay_Comprehensive_Audit_2026-08/raw/P2_r1_irr_verdicts.json:20-30"", ""/Users/aruna/Downloads/dutchbay-wt-audit-corrigendum/finance/irr.py:375-542"", ""/Users/aruna/Downloads/dutchbay-wt-audit-corrigendum/analytics/core/metrics.py:376-390"", ""/Users/aruna/Downloads/DutchBay_Comprehensive_Audit_2026-08/raw/f1_check1.py"", ""/Users/aruna/Downloads/DutchBay_Comprehensive_Audit_2026-08/raw/f1_check3.py""]",[],[],"[""P2-F1-03""]","The signed vector itself was reproduced to exact float equality: capex at t=0, the declared lag count, then first CFADS at lag plus one. The configuration resolution is wrong: timeline.construction_years is never read, and a hardcoded two-period debt default silently overrides two committed CEB scenarios that declare one year. Canon happens to declare two and is neutral.",2026-08-12T10:00:54+05:30
RS-A8,A,"Debt sized on pre-fee unlevered rows, reported on rebuilt rows","`analytics/pipeline_v14_enhanced.py:704-767`, `:834-880`","`plan_debt` runs **once**, on rows with interest=0 and no senior fee. Rows are then rebuilt with the fee pre-tax (which changes tax, hence CFADS) and again with real interest for the equity pass — the debt is never re-sized. Reported DSCR/LLCR/PLCR are computed against a CFADS series that is not the one the sculpt sized on",P2,01_architecture_map.md:481,confirmed,high,finder_plus_refuter,"[""/Users/aruna/Downloads/DutchBay_Comprehensive_Audit_2026-08/01_architecture_map.md:481"", ""/Users/aruna/Downloads/DutchBay_Comprehensive_Audit_2026-08/02_finance_correctness_findings.md:25-26"", ""/Users/aruna/Downloads/DutchBay_Comprehensive_Audit_2026-08/02_finance_correctness_findings.md:84-86"", ""/Users/aruna/Downloads/DutchBay_Comprehensive_Audit_2026-08/02_finance_correctness_findings.md:99-101"", ""/Users/aruna/Downloads/DutchBay_Comprehensive_Audit_2026-08/raw/P2_r4_tax_verdicts.json:1-12"", ""/Users/aruna/Downloads/dutchbay-wt-audit-corrigendum/analytics/pipeline_v14_enhanced.py:704-880"", ""/Users/aruna/Downloads/DutchBay_Comprehensive_Audit_2026-08/raw/f2_feebase.py"", ""/Users/aruna/Downloads/DutchBay_Comprehensive_Audit_2026-08/raw/f2_resize.py"", ""/Users/aruna/Downloads/DutchBay_Comprehensive_Audit_2026-08/raw/f4_levered_tax.py""]",[],[],"[""P2-F2-01"", ""P2-F4-01""]","Confirmed at both seams. Debt is sized from pre-fee, unlevered-tax rows, while reported coverage is measured after fee rebuilding and the equity pass alone receives levered tax. Published CFADS and debt service cannot reproduce reported coverage; the fee basis differs by USD 6.03 million and levered-tax CFADS by USD 17.32 million on the canonical case.",2026-08-12T10:00:54+05:30
RS-A9,A,Equity waterfall ordering,`finance/equity_distribution_v14_hydra.py:509-655`,Cash clamped at zero after debt service (:537); DSRA both funds and releases (:542-554); balloon subtracted **before** the lockup test (:560-561); lockup carries an epsilon (:573); a terminal release folds all residual balances into the **final** distribution net of dividend WHT (:639-653). **Canonical eqIRR (−0.0584) is entirely determined by this ordering**,P2,01_architecture_map.md:482,partially_confirmed,high,finder_plus_refuter,"[""/Users/aruna/Downloads/DutchBay_Comprehensive_Audit_2026-08/01_architecture_map.md:482"", ""/Users/aruna/Downloads/DutchBay_Comprehensive_Audit_2026-08/02_finance_correctness_findings.md:31"", ""/Users/aruna/Downloads/DutchBay_Comprehensive_Audit_2026-08/02_finance_correctness_findings.md:39-40"", ""/Users/aruna/Downloads/DutchBay_Comprehensive_Audit_2026-08/02_finance_correctness_findings.md:49-56"", ""/Users/aruna/Downloads/DutchBay_Comprehensive_Audit_2026-08/02_finance_correctness_findings.md:88-97"", ""/Users/aruna/Downloads/dutchbay-wt-audit-corrigendum/finance/equity_distribution_v14_hydra.py:509-655"", ""/Users/aruna/Downloads/DutchBay_Comprehensive_Audit_2026-08/raw/r3_wf_run.py"", ""/Users/aruna/Downloads/DutchBay_Comprehensive_Audit_2026-08/raw/r3_wf_run2.py"", ""/Users/aruna/Downloads/DutchBay_Comprehensive_Audit_2026-08/raw/r3_wf_run3.py""]",[],[],"[""P2-F3-01"", ""P2-F3-02"", ""P2-F3-03""]","The post-debt cash clamp is a confirmed sponsor-support omission and is live on edge_extreme_stress, absorbing USD 19.17 million across eight years and flattering equity IRR by 4.56 percentage points. The lockup's alternate DSCR is real but canon-neutral. The claimed dividend-WHT return-of-capital defect was refuted, and the canonical terminal release is zero. Only part of the composite ordering risk survives.",2026-08-12T10:00:54+05:30
RS-A10,A,Dual-DSCR closed-form sizing beside the real gearing solve,`finance/debt_v14.py:1610-1721`; caller `:1154-1176`,"A PV-of-(CFADS/target) closed form that ignores the interest-only period, IDC and the tranche mix; the in-code note at `:1148-1151` states its rate input does **not** change the achieved schedule. It sits beside the real `solved_gearing` in the same dict — an easy place for a report template to quote the wrong number as the sized debt",P3,01_architecture_map.md:483,partially_confirmed,high,finder_plus_refuter,"[""/Users/aruna/Downloads/DutchBay_Comprehensive_Audit_2026-08/01_architecture_map.md:483"", ""/Users/aruna/Downloads/DutchBay_Comprehensive_Audit_2026-08/02_finance_correctness_findings.md:35"", ""/Users/aruna/Downloads/DutchBay_Comprehensive_Audit_2026-08/02_finance_correctness_findings.md:84-86"", ""/Users/aruna/Downloads/dutchbay-wt-audit-corrigendum/finance/debt_v14.py:1148-1176"", ""/Users/aruna/Downloads/dutchbay-wt-audit-corrigendum/finance/debt_v14.py:1610-1721"", ""/Users/aruna/Downloads/DutchBay_Comprehensive_Audit_2026-08/raw/f2_dual.py""]",[],[],"[""P2-F2-05""]","The dual-DSCR closed-form block is tautological by construction and its P99 leg cannot bind under committed parameterisations. It is KPI-neutral, but debt_sized is reported 33.6 percent above the actual solved facility beside solved_gearing, making it materially misquotable. This confirms the reporting risk without establishing a current canonical calculation error.",2026-08-12T10:00:54+05:30
RS-A11,A,Toy fallbacks reachable in production configs,"`finance/debt_v14.py:156-179`, `:310-315` (CAPEX=100.0), `:752-760`","Both fallbacks are opt-in via a config flag, and the run-mode ceiling (`forbid_toy_fallback`) is applied only when a run mode is declared (`pipeline_v14_enhanced.py:721-729`). An **undeclared mode leaves the config's own opt-in authoritative** — a scenario can self-authorise a CAPEX of 100.0 or zero-rate debt",P3,01_architecture_map.md:484,not_examined,unknown,none,[],[],[],[],Pointer preserved; no dedicated adjudication has been recorded.,
RS-A12,A,Duplicated waterfall implementations and duplicated util surfaces,`finance/cashflow_v14.py:373-600` vs `:768-983`; `finance/utils.py` vs `finance/cashflow_v14_utils.py`; `finance/debt_v14.py:108-134` local helpers,"Three parallel coercion/lookup surfaces and two full waterfall builders. The comments repeatedly say ""mirrors calculate_single_year_cfads so the two builders stay identical"" — a **maintenance contract, not an enforced one**",P4,01_architecture_map.md:485,not_examined,unknown,none,[],[],[],[],Pointer preserved; no dedicated adjudication has been recorded.,
RS-A13,A,"Private cross-package imports (`_extract_capex_usd`, `_extract_financing_terms`, `_rate_decimal`, `_fx_curve`)","`pipeline_v14_enhanced.py:54`, `core/metrics.py:177`, `three_statement.py:354`, `irr_bridge.py:297`, `cost/mc_capex.py:111`, `portfolio/tech_wbs.py:147`, `fx/fx_builder.py:352`, `cashflow_v14_fx.py:201`",Underscore-prefixed finance internals are load-bearing public API for eight analytics call sites. CASPER (clear API surfaces) and CCCDIR (explicit import relationships) are both compromised; refactoring any of these is a silent breaking change across the package boundary,P4,01_architecture_map.md:486,not_examined,unknown,none,[],[],[],[],Pointer preserved; no dedicated adjudication has been recorded.,
RS-A14,A,Sculpt allocation convention (pari-passu pro-rata) vs cost-optimal amortisation,`finance/debt_v14.py:655-669`,Principal shared pro-rata by outstanding balance across LKR/USD/DFI. The in-code note acknowledges cost-weighted allocation would lower total interest but is non-standard inter-creditor terms. Benchmark against current market sculpting practice,P5,01_architecture_map.md:487,deferred,high,single_reader,"[""/Users/aruna/Downloads/DutchBay_Comprehensive_Audit_2026-08/01_architecture_map.md:487"", ""/Users/aruna/Downloads/dutchbay-wt-audit-corrigendum/finance/debt_v14.py:620-671"", ""/Users/aruna/Downloads/dutchbay-wt-audit-corrigendum/finance/debt_v14.py:655-669""]",[],"[{""dependency_id"": ""DEP-RS-A14-01"", ""kind"": ""validation"", ""target"": ""P5-REPRO-A14-001"", ""owner_role"": ""project_finance_model_owner"", ""status"": ""required_not_started"", ""blocking"": true, ""requirement"": ""Complete and independently review the facility-allocation reproduction after transaction documents are available.""}]","[""P5-FIN-001"", ""P5-COV-001""]","Pro-rata allocation by opening balance is confirmed as the implemented assumption. Whether it matches the facility and intercreditor terms, or is preferable to cost-aware allocation, cannot be adjudicated without transaction documents and comparative schedules.",2026-08-12T10:00:54+05:30
RS-A15,A,IRR solver design: bisection with absolute tolerance vs Brent/Newton with relative convergence,"`finance/irr.py:205-244`, `:419-542`",Two bisection implementations with hardcoded **absolute** tolerances on a quantity (NPV) whose scale is the project's capex. `_is_npv_root` (:175-202) already uses a **relative** test — the solvers do not,P5,01_architecture_map.md:488,confirmed,high,finder_plus_refuter,"[""/Users/aruna/Downloads/DutchBay_Comprehensive_Audit_2026-08/01_architecture_map.md:488"", ""/Users/aruna/Downloads/DutchBay_Comprehensive_Audit_2026-08/02_finance_correctness_findings.md:34"", ""/Users/aruna/Downloads/DutchBay_Comprehensive_Audit_2026-08/02_finance_correctness_findings.md:75-82"", ""/Users/aruna/Downloads/DutchBay_Comprehensive_Audit_2026-08/raw/P2_f1_irr.json:6-13"", ""/Users/aruna/Downloads/DutchBay_Comprehensive_Audit_2026-08/raw/P2_f1_irr.json:73-83"", ""/Users/aruna/Downloads/dutchbay-wt-audit-corrigendum/finance/irr.py:175-244"", ""/Users/aruna/Downloads/dutchbay-wt-audit-corrigendum/finance/irr.py:419-542"", ""https://docs.scipy.org/doc/scipy/reference/generated/scipy.optimize.bisect.html"", ""/Users/aruna/Downloads/DutchBay_Comprehensive_Audit_2026-08/raw/f1_check2.py"", ""/Users/aruna/Downloads/DutchBay_Comprehensive_Audit_2026-08/raw/f1_check4.py"", ""/Users/aruna/Downloads/DutchBay_Comprehensive_Audit_2026-08/raw/f1_check5.py"", ""/Users/aruna/Downloads/DutchBay_Comprehensive_Audit_Remediation_2026-08/reproductions/p5_a15_irr_scale_reproduction_v1_0_1.json""]","[""P5-REPRO-A15-001""]","[{""dependency_id"": ""DEP-RS-A15-01"", ""kind"": ""validation"", ""target"": ""P5-REPRO-A15-001"", ""owner_role"": ""project_finance_model_owner"", ""status"": ""completed"", ""blocking"": false, ""requirement"": ""The governed same-agent A15 scale and convergence reproduction is complete and hash-controlled; independent successor review remains a separate finding-level release gate.""}]","[""P2-F1-01"", ""P5-FIN-002"", ""P5-HDL-001"", ""P5-HDL-003""]","The governed A15 reproduction confirms the scale-sensitive convergence gap in approx_project_irr, not bisection itself and not the separate date-aware xirr implementation. The exact current deterministic vector converges at 0.014551597740253388, while a pure 10x monetary rescaling returns None and both comparator solvers preserve the root. The authored 18,000-case grid records 7,897 such failures with zero comparator failures; this is grid coverage, not a probability estimate. Independent successor review remains open at finding level.",2026-08-16T14:24:23+05:30
RS-B1,B,Gateway bypass via `raw_config` (in-memory) evaluation,`analytics/evaluation_v14.py:334-340`; `pipeline_v14_enhanced.py:117-127`; exploited `app/jobs/analysis_runner.py:159-172`,"The gateway's own documented escape hatch from every load-time guard. **All MC/sensitivity/Morris/optimizer evaluation runs through it.** Whether those numbers are bankable depends on guards that by construction did not run, and the only compensating controls are two hand-placed re-applications",P3,01_architecture_map.md:489,not_examined,unknown,none,[],[],[],[],Pointer preserved; no dedicated adjudication has been recorded.,
RS-B2,B,Silent-default surface of the CESSPIT gatekeeper,"`analytics/schema_guard.py:407`, `:435-436`, `:443-447`; `finance/epc_helper_v14.py:472-491`; `pipeline_v14_enhanced.py:76-77`","Presented as strict-by-default but has **three quiet no-op paths** and a warning channel with no consumer. Actual coverage is far narrower than the documentation implies, so ""schema validation passed"" (logged at `:683`) is weak evidence",P2,01_architecture_map.md:490,not_examined,unknown,none,[],[],[],[],Pointer preserved; no dedicated adjudication has been recorded.,
RS-B3,B,Exception-type erasure at the pipeline boundary,"`pipeline_v14_enhanced.py:1019-1031` vs `app/api/main.py:305-317`, `app/services/pipeline_service.py:84-86`","The blanket re-wrap converts a documented `ConfigValidationError` into `PipelineValidationError`, breaking the API's 400-vs-500 mapping and the service docstring's stated Raises contract. A CASPER ""predictable error responses"" violation **at the exact seam where predictability was claimed**",P2,01_architecture_map.md:491,not_examined,unknown,none,[],[],[],[],Pointer preserved; no dedicated adjudication has been recorded.,
RS-B4,B,Contract rehydration without type coercion,`analytics/evaluation_v14.py:451-459`; `pipeline_v14_enhanced.py:989`; `contracts_v14.py:119-144`,`asdict` flattens typed sub-contracts; `ScenarioResult(**sr_dict)` reconstructs them as plain dicts while annotations still say `WaccResult` etc. Consumers must defensively handle both shapes; any that do not will fail or read the wrong field. mypy cannot see it,P4,01_architecture_map.md:492,not_examined,unknown,none,[],[],[],[],Pointer preserved; no dedicated adjudication has been recorded.,
RS-B5,B,Duplicate legacy gateway,`analytics/evaluate_scenario.py:49-137`; allowlisted `tests/lint/test_no_direct_finance_pipeline_imports.py:173-177`,"Two functions with the same name and overlapping purpose, one on a TODO-delete allowlist. Divergent defaults and divergent KPI normalisation; only one behavioural equivalence test exists, and only for dotted keys",P4,01_architecture_map.md:493,not_examined,unknown,none,[],[],[],[],Pointer preserved; no dedicated adjudication has been recorded.,
RS-B6,B,Process-global mutable schema registry with import-order sensitivity,"`analytics/config_schema.py:47`, `:65-67`; `schema_guard.py:74-101`","Registration is an import side effect into a module-global dict that **extends**. Correctness depends on `_MODULE_IMPORTS` listing every registering module (a real past miss documented at `:47-52`) and on the reload-only-when-empty precondition holding, or specs duplicate",P4,01_architecture_map.md:494,not_examined,unknown,none,[],[],[],[],Pointer preserved; no dedicated adjudication has been recorded.,
RS-B7,B,AEP tolerance is a config-widenable override on a bankability-critical invariant,"`analytics/aep_reconciliation.py:90-106`, `:307-313`","A scenario can set its own `aep_reconciliation.tolerance_pct` and relax the single check tying billed generation to bankable AEP. The only control is a WARNING log; **nothing propagates the override into the run manifest, the `ScenarioResult`, or the report surface**",P3,01_architecture_map.md:495,not_examined,unknown,none,[],[],[],[],Pointer preserved; no dedicated adjudication has been recorded.,
RS-B8,B,Soft-by-default lender registers on the load path,`analytics/scenario_loader.py:279-297`,"Four of the seven load-time lender-grade validators warn rather than block, and are no-ops when the block is absent. A scenario with no evidence/CP/readiness declarations passes every gate while carrying zero assumption provenance — the pass is **silent, not merely lenient**",P3,01_architecture_map.md:496,not_examined,unknown,none,[],[],[],[],Pointer preserved; no dedicated adjudication has been recorded.,
RS-B9,B,"Unbounded contract module (1,948 LOC, ~59 exported types)","`analytics/contracts_v14.py`, `__all__` at `:1888`","One file spanning finance, sensitivity, MC, CASPER, multi-tech, grid, IRR-bridge and capital-structure contracts with **one** runtime invariant in the whole file. `MonteCarloResult` carries two overlapping shapes (named fields **and** generic mean/std/p10/p50/p90), so the same result can be populated two ways",P5,01_architecture_map.md:497,not_examined,high,none,"[""/Users/aruna/Downloads/DutchBay_Comprehensive_Audit_2026-08/01_architecture_map.md:497"", ""/Users/aruna/Downloads/dutchbay-wt-audit-corrigendum/analytics/contracts_v14.py:1888""]",[],[],"[""P5-COV-001""]","The P5 coverage refuter confirmed that the assigned pack performed no dedicated contract-surface, invariant or overlapping-shape review. This row is included to preserve the full ten-pointer P5 crosswalk and remains not examined.",2026-08-12T10:00:54+05:30
RS-C1,C,"Sampling design: LHS default, Sobol opt-in and effectively disabled whenever correlation is on; no randomized-QMC replication, no scrambled-net error estimate, no antithetic/control variates","`analytics/mc/samplers.py:19-164`; `engine.py:357`, `:791-834`",Benchmark actual estimator efficiency against SOTA practice. The code's own docstring argues QMC buys little on kinked KPIs (`samplers.py:112-121`) — that argument should be tested empirically rather than assumed,P5,01_architecture_map.md:498,deferred,high,single_reader,"[""/Users/aruna/Downloads/DutchBay_Comprehensive_Audit_2026-08/01_architecture_map.md:498"", ""/Users/aruna/Downloads/DutchBay_Comprehensive_Audit_2026-08/05_sota_benchmarking.md:22-24"", ""/Users/aruna/Downloads/dutchbay-wt-audit-corrigendum/analytics/mc/samplers.py:19-164"", ""/Users/aruna/Downloads/dutchbay-wt-audit-corrigendum/analytics/mc/engine.py:791-834"", ""https://docs.scipy.org/doc/scipy-1.15.0/reference/generated/scipy.stats.qmc.Sobol.html"", ""https://doi.org/10.1137/S0036142994277468""]",[],"[{""dependency_id"": ""DEP-RS-C1-01"", ""kind"": ""validation"", ""target"": ""P5-REPRO-C1-001"", ""owner_role"": ""quantitative_risk_lead"", ""status"": ""required_not_started"", ""blocking"": true, ""requirement"": ""Complete replicated LHS-versus-RQMC convergence and error-estimation work before upgrading this pointer.""}]","[""P5-MC-002"", ""P5-HDL-001""]","LHS mechanics and the locked-version scrambled-Sobol random_base2 call are confirmed. Estimator efficiency, post-correlation net quality and error estimation remain unresolved because the implementation uses one scramble and the audit contains no replicated LHS-versus-RQMC convergence study.",2026-08-12T10:00:54+05:30
RS-C2,C,"Correlation/dependence: Iman-Conover default, opt-in Gaussian copula with latent-scale distortion, zero tail dependence, seed shared with the sampler","`analytics/mc/correlation.py:107-225`, `:119-143`","Two checks: (P2) whether achieved rank correlation matches the authored matrix on the live lender scenario and whether the shared seed induces sampler/score dependence; (P5) whether a t-copula or vine copula is warranted for FX-crisis × curtailment co-movement, which the module names as an explicit non-goal",P5 (P2 sub-check),01_architecture_map.md:499,deferred,high,single_reader,"[""/Users/aruna/Downloads/DutchBay_Comprehensive_Audit_2026-08/01_architecture_map.md:499"", ""/Users/aruna/Downloads/DutchBay_Comprehensive_Audit_2026-08/05_sota_benchmarking.md:21"", ""/Users/aruna/Downloads/dutchbay-wt-audit-corrigendum/analytics/mc/correlation.py:67-225"", ""https://doi.org/10.1080/03610918208812265""]",[],"[{""dependency_id"": ""DEP-RS-C2-01"", ""kind"": ""validation"", ""target"": ""P5-REPRO-C2-001"", ""owner_role"": ""quantitative_risk_lead"", ""status"": ""required_not_started"", ""blocking"": true, ""requirement"": ""Complete correlation-method conformance and calibrated tail-dependence validation before upgrading this pointer.""}]","[""P5-MC-001"", ""P5-MC-003"", ""P5-HDL-001""]","The default method-label mismatch is confirmed, and the Gaussian-copula path's latent-scale and zero-tail-dependence limitations are disclosed in code. Whether a t-copula or vine is warranted for DutchBay joint downside risk requires calibration data or an approved stress design.",2026-08-12T10:00:54+05:30
RS-C3,C,Estimator arithmetic: **three different quantile conventions on the same trial arrays** across four surfaces,`mc/aggregate.py:23-37`; `mc/exports.py:88-110`; `mc/engine.py:204-207`; `core/risk_metrics.py:266-274`,"`np.percentile` (linear interpolation) in the aggregator and exports, `np.quantile` in `_tail_risk`, integer indexing in `TailRiskAnalyzer` — which additionally has an off-by-one between the VaR point and the ES tail set. Reconcile numerically on a real trial array",P2,01_architecture_map.md:500,not_examined,unknown,none,[],[],[],[],Pointer preserved; no dedicated adjudication has been recorded.,
RS-C4,C,Lender-facing exceedance convention coexists with raw percentiles in one payload,`mc/exports.py:156-176`; `mc/aggregate.py:40-51`; `capital_risk_layer_v14.py:172-179`,"`result.summary` percentiles are **raw**; `mc_risk` table columns are **exceedance** (P90 = 10th pct, P95 = 5th pct for higher-is-better metrics). A consumer joining both, or a report author reading ""P90"" from the wrong block, inverts the tail. Bankability-critical labelling",P3,01_architecture_map.md:501,not_examined,unknown,none,[],[],[],[],Pointer preserved; no dedicated adjudication has been recorded.,
RS-C5,C,Covenant breach probability is **structurally 0.0** under dual-DSCR sculpting; the pin is disclosed but the headline row is still emitted,"`mc/exports.py:186-209`, `:254-263`; `core/covenant_breach.py:30-79`; alternative `engine.py:211-232`, `:838-856`","The only informative covenant statistic is the **opt-in** `fixed_debt_stress` block (default False, `engine.py:360-364`) — the lender-grade number is off by default while an uninformative structural 0.0 is on by default",P3,01_architecture_map.md:502,not_examined,unknown,none,[],[],[],[],Pointer preserved; no dedicated adjudication has been recorded.,
RS-C6,C,Trial-count sufficiency: no minimum n in the engine; the lender floor lives only in the report emitter,`app/reports/capital_risk_emit.py:118-123`; `capital_risk_layer_v14.py:119-153`; `mc/convergence.py:14-18`,A CASPER-path MC (`evaluation_v14.py:517-521`) can produce lender-quoted tail numbers with **no minimum-n gate at all**,P3,01_architecture_map.md:503,not_examined,unknown,none,[],[],[],[],Pointer preserved; no dedicated adjudication has been recorded.,
RS-C7,C,FX risk modelled twice and inconsistently,"`analytics/fx/fx_calibration.py:1-35`, `:279-327` vs `fx_builder.py:566-579`","A calibrated two-regime log-normal mixture for the MC driver vs a fixed 5% shock with a hardcoded CVaR = 1.5 × VaR. The multiplier and the point shock have **no empirical provenance**, in a codebase whose FX calibration module was built specifically to remove provenance-free FX assumptions. Directly lender-visible via `FXRiskProfile`",P3,01_architecture_map.md:504,not_examined,unknown,none,[],[],[],[],Pointer preserved; no dedicated adjudication has been recorded.,
RS-C8,C,Global SA estimator configuration,"`global_sa.py:501-536`, `:606-624`, `:629-658`, `:759-806`","Sobol default n=256, Morris 16 trajectories, PAWN n=256/s=10 with a documented ~0.15 median-KS noise floor. SALib `S1_conf`/`ST_conf` are surfaced but **no acceptance criterion is applied**. Benchmark whether these defaults resolve S1/ST within their own CIs, and whether `INTERACTION_TOL=0.05` survives estimator noise at n=256",P5,01_architecture_map.md:505,deferred,high,single_reader,"[""/Users/aruna/Downloads/DutchBay_Comprehensive_Audit_2026-08/01_architecture_map.md:505"", ""/Users/aruna/Downloads/DutchBay_Comprehensive_Audit_2026-08/05_sota_benchmarking.md:34-44"", ""/Users/aruna/Downloads/dutchbay-wt-audit-corrigendum/analytics/sensitivity/global_sa.py:501-900"", ""/Users/aruna/Downloads/dutchbay-wt-audit-corrigendum/tests/analytics/test_global_sa.py:293-321"", ""https://github.com/SALib/SALib/blob/v1.5.2/src/SALib/analyze/sobol.py"", ""https://github.com/SALib/SALib/blob/v1.5.2/src/SALib/analyze/pawn.py"", ""https://doi.org/10.1016/j.envsoft.2015.01.004""]",[],"[{""dependency_id"": ""DEP-RS-C8-01"", ""kind"": ""validation"", ""target"": ""P5-REPRO-C8-001"", ""owner_role"": ""quantitative_risk_lead"", ""status"": ""required_not_started"", ""blocking"": true, ""requirement"": ""Complete sample-adequacy, convergence, and heuristic-sensitivity reproductions before upgrading this pointer.""}]","[""P5-SA-001"", ""P5-SA-002"", ""P5-HDL-001""]","Core SALib wrapper conformance is confirmed, but the n=256, Morris-16 and PAWN-s=10 defaults, the 0.05 interaction heuristic, finite-only masking and the claimed PAWN 0.15 noise floor lack a documented acceptance or convergence reproduction.",2026-08-12T10:00:54+05:30
RS-C9,C,Non-uniform distribution shapes reinterpret the authored band and rewrite bounds after diagnostics,"`mc/engine.py:243-271`, `:538-570`",Sampled support can exceed the authored band and the recorded provenance no longer matches the sampled distribution. Verify on any scenario declaring a non-uniform distribution,P2,01_architecture_map.md:506,not_examined,unknown,none,[],[],[],[],Pointer preserved; no dedicated adjudication has been recorded.,
RS-C10,C,Sample-matrix mutation during the trial loop,"`mc/engine.py:504-506`, `:566-569`, `:858-862`, `:968-973`","`_apply_distribution_shapes` and `_apply_fx_calibration` write realised values back into the same `samples` array later handed to `aggregate_trials`. Documented as deliberate; verify no consumer expects the **pre-mapping** design (e.g. PAWN given-data reuse, which expects columns in `problem.names` order over the authored bounds)",P2,01_architecture_map.md:507,not_examined,unknown,none,[],[],[],[],Pointer preserved; no dedicated adjudication has been recorded.,
RS-C11,C,Optional-dependency degradation surfaces,"`global_sa.py:265-276`; `mc/exports.py:33-36`, `:135-136`; `samplers.py:144-150`; `casper_payload.py:439-448`; `sensitivity/optimizer.py:14-16`","CASPER compliance is good, but the payload's **silent-omission** path means an environment difference changes the lender deliverable's content with no visible marker",P4,01_architecture_map.md:508,not_examined,unknown,none,[],[],[],[],Pointer preserved; no dedicated adjudication has been recorded.,
RS-C12,C,Legacy shims and duplicate surfaces still importable,"`analytics/monte_carlo_v14.py`, `analytics/sensitivity_v14.py`, `analytics/dscr_sensitivity.py`, `analytics/fx_sensitivity_real.py`, `analytics/sensitivity_pareto.py`, `analytics/wacc_sensitivity.py`, `scripts/FINAL_CORRECTED_sensitivity_v14.py`, `scripts/FIX_SENSITIVITY_LINE_489.py`",Multiple import surfaces for the same analytics increase the chance a caller reaches a non-canonical path. The `FINAL_CORRECTED` / `FIX_..._LINE_489` scripts are prima facie stale duplicates **that were not read in this pass**,P4,01_architecture_map.md:509,not_examined,unknown,none,[],[],[],[],Pointer preserved; no dedicated adjudication has been recorded.,
RS-D1,D,"**Single-cell ERA5 as the sole wind resource basis — no on-site measurement, MCP unwired**","`wind_resource/era5_retrieval.py:268-277` (a single `{longitude, latitude}` CDS point); `wind_resource/mcp.py` (no production importer); disclosed `config/report_defaults.yaml:145-156`, `app/jobs/runner.py:370-371`","MEASNET v3.1 / IEC 61400-15-1:2025 require ≥12 concurrent months of on-site measurement long-term-adjusted against the reanalysis before a yield is bankable. The model has **zero** on-site data and the correction module that would consume it is dead code. Reanalysis reproduces temporal variability but not spatial detail and is known to over-state coastal yield — exactly the Kalpitiya setting. Every AEP-driven KPI inherits this. The disclosure is honest but is **prose in a YAML defaults file, not a machine-enforced gate**",P3,01_architecture_map.md:510,partially_confirmed,high,primary_source_plus_refuter,"[""/Users/aruna/Downloads/DutchBay_Comprehensive_Audit_2026-08/01_architecture_map.md:510"", ""/Users/aruna/Downloads/DutchBay_Comprehensive_Audit_2026-08/03_bankability_methodology.md:69-84"", ""/Users/aruna/Downloads/DutchBay_Comprehensive_Audit_2026-08/raw/P3_a_wind_aep.json"", ""/Users/aruna/Downloads/dutchbay-wt-audit-corrigendum/wind_resource/era5_retrieval.py:303-359"", ""/Users/aruna/Downloads/dutchbay-wt-audit-corrigendum/wind_resource/era5_retrieval.py:523-540"", ""/Users/aruna/Downloads/dutchbay-wt-audit-corrigendum/wind_resource/mcp.py:1-26"", ""/Users/aruna/Downloads/DutchBay_Comprehensive_Audit_Remediation_2026-08/registers/primary_source_register.v2.json#PSR-0001"", ""/Users/aruna/Downloads/DutchBay_Comprehensive_Audit_Remediation_2026-08/registers/primary_source_register.v2.json#PSR-0005"", ""/Users/aruna/Downloads/DutchBay_Comprehensive_Audit_Remediation_2026-08/refuters/01_WIND_STANDARDS_REFUTER.md#L26-L50"", ""https://measnet.com/wp-content/uploads/2026/06/ce599b8a-639f-4b48-992e-a099e1b14956.pdf""]",[],[],"[""P3-G1""]","No on-site dataset and no wired MCP path were found; the production retrieval uses a single nearest 0.25-degree ERA5 output point. The architecture map's approximately 31 km cell wording is technically corrected, and MEASNET treats an incomplete campaign as a disclosed deviation with quantified uncertainty rather than proving a universal hard lender refusal. The core pre-measurement limitation survives; the absolute standard and credit-policy wording does not.",2026-08-12T10:00:54+05:30
RS-D2,D,150 m hub-height extrapolation from ERA5's 100 m level with an unvalidated shear exponent,`wind_resource/era5_retrieval.py:338-359`,"α derived from a 10 m/100 m ratio within the same coarse cell, clipped to [0.05, 0.40], NaN-filled with 0.143, and **replaceable wholesale by a caller-supplied constant**. AEP responds roughly cubically to hub wind speed, so this is a first-order bankability driver with no measurement anchor and no uncertainty term of its own beyond the generic `vertical_extrapolation_pct = 3.0`",P3,01_architecture_map.md:511,not_examined,unknown,none,[],[],[],[],Pointer preserved; no dedicated adjudication has been recorded.,
RS-D3,D,"The uncertainty budget is entirely **assumed**, and its most checkable term is checked in validate-mode only","`wind_resource/bankable_aep.py:415-421`, `:526-553`; only caller `wind_pipeline.py:408-409`","`wind_measurement_pct = 4.5` is the default for a project **with** a measurement campaign; here there is none, so 4.5% understates true measurement uncertainty. P90 = P50×(1−1.2816σ/100), so an understated σ **directly overstates the P90 that sizes the debt**. The one data-derived term (IAV) is compared and reported but never adopted",P3,01_architecture_map.md:512,partially_confirmed,high,primary_source_plus_refuter,"[""/Users/aruna/Downloads/DutchBay_Comprehensive_Audit_2026-08/01_architecture_map.md:512"", ""/Users/aruna/Downloads/DutchBay_Comprehensive_Audit_2026-08/03_bankability_methodology.md:75-84"", ""/Users/aruna/Downloads/DutchBay_Comprehensive_Audit_2026-08/raw/P3_a_wind_aep.json"", ""/Users/aruna/Downloads/dutchbay-wt-audit-corrigendum/wind_resource/bankable_aep.py:393-523"", ""/Users/aruna/Downloads/dutchbay-wt-audit-corrigendum/analytics/wind/aep_summary_builder.py:115-147"", ""/Users/aruna/Downloads/DutchBay_Comprehensive_Audit_Remediation_2026-08/registers/primary_source_register.v2.json#PSR-0001"", ""/Users/aruna/Downloads/DutchBay_Comprehensive_Audit_Remediation_2026-08/registers/primary_source_register.v2.json#PSR-0003"", ""/Users/aruna/Downloads/DutchBay_Comprehensive_Audit_Remediation_2026-08/refuters/01_WIND_STANDARDS_REFUTER.md#L20"", ""https://measnet.com/wp-content/uploads/2026/06/ce599b8a-639f-4b48-992e-a099e1b14956.pdf""]",[],[],"[""P3-G3""]","The 4.5 percent wind_measurement uncertainty is confirmed as an assumed class default on a project with no measurement campaign. Attribution of that value as an IEC default is not supported by the primary source. Whether 4.5 percent materially understates the correct project uncertainty, and the resulting P90/debt impact, remains deferred pending an independent resource assessment.",2026-08-12T10:00:54+05:30
RS-D4,D,Normal (not lognormal) exceedance model with a symmetric linear haircut,"`analytics/core/exceedance.py:14-18`, `:38-49`; `bankable_aep.py:603-604`","`P_x = P50×(1−z·σ/100)` is a linear normal quantile. At the combined σ this stack produces (systematic RSS of 4.5/4.0/3.0/2.5/5.0/3.0 plus IAV) the 1-year σ is roughly 9-10%, so a P99 would be ~P50×0.77 — the linear form can approach implausible territory at high z and understates the left tail relative to a lognormal",P5,01_architecture_map.md:513,deferred,high,single_reader,"[""/Users/aruna/Downloads/DutchBay_Comprehensive_Audit_2026-08/01_architecture_map.md:513"", ""/Users/aruna/Downloads/DutchBay_Comprehensive_Audit_2026-08/05_sota_benchmarking.md:54-60"", ""/Users/aruna/Downloads/dutchbay-wt-audit-corrigendum/analytics/core/exceedance.py:14-49"", ""/Users/aruna/Downloads/dutchbay-wt-audit-corrigendum/wind_resource/bankable_aep.py:585-614"", ""https://wes.copernicus.org/articles/6/311/2021/"", ""https://www.bipm.org/en/committees/jc/jcgm/publications""]",[],"[{""dependency_id"": ""DEP-RS-D4-01"", ""kind"": ""validation"", ""target"": ""P5-REPRO-D4-001"", ""owner_role"": ""wind_resource_methodology_owner"", ""status"": ""required_not_started"", ""blocking"": true, ""requirement"": ""Complete distribution-choice and P90/P95/P99 impact reproduction before upgrading this pointer.""}]","[""P5-WIND-003"", ""P5-HDL-003""]","The z-values and linear Pxx arithmetic are confirmed conditional on a Gaussian relative-error model. The normal-versus-lognormal or other positive/skew distribution decision and its P90, P95, P99 and covenant effects remain unresolved.",2026-08-12T10:00:54+05:30
RS-D5,D,**Two divergent AEP engines for the same site with no cross-reconciliation**,"`energy_calculator.py:351-513` (timeseries) vs `aep_summary_builder.py:463-499` (analytic Weibull); differing loss stacks, haircut policy (0.0 pinned vs 5.0 default), above-curve interpolation (fill 0 vs hold rated)","Nothing computes both and compares them. The AEP reconciliation guard compares capacity×CF against a bankable reference, but **on the screening path — the only path that runs the timeseries engine — it is explicitly skipped**. A user gets a screening P50 that can differ materially from the bankable P50 for identical inputs with no signal",P2,01_architecture_map.md:514,not_examined,unknown,none,[],[],[],[],Pointer preserved; no dedicated adjudication has been recorded.,
RS-D6,D,`export_for_cashflow_model` round-trips through the filesystem with a lexicographic newest-file heuristic,`wind_resource/wind_pipeline.py:466-478`,"The financed capacity factor is sourced from `sorted(glob(...))[-1]` rather than the in-memory result; ordering is by date-range string, not run time. In the async path the workspace is ephemeral so the risk is contained, but repeated CLI use in a persistent `output_dir` can silently finance a stale assessment",P2,01_architecture_map.md:515,not_examined,unknown,none,[],[],[],[],Pointer preserved; no dedicated adjudication has been recorded.,
RS-D7,D,Truncated/renormalised Weibull integration grid and hardcoded 3/25 m/s window in the bankable gross AEP,"`bankable_aep.py:100-101`, `:118-120`, `:124`","Renormalising the pdf on a 0.01-30 m/s grid redistributes above-30 m/s mass into the powered band, biasing gross AEP upward; and the default cut-in/cut-out are turbine-independent literals **in a module whose whole premise is that nothing is hardcoded (ARCH-01)**. The EN220 machine's real operating window is not read from the power-curve config here",P2,01_architecture_map.md:516,not_examined,unknown,none,[],[],[],[],Pointer preserved; no dedicated adjudication has been recorded.,
RS-D8,D,"The screening seam disarms the AEP reconciliation guard by design, and the compensating `ResourceAssessment` check is skippable","`pipeline_service.py:96-100`,`:250`; `analysis_runner.py:104-109`; `runner.py:272-278`","The disarm is justified (comparing a fresh assessment to an unrelated frozen P50 is a false failure) but it removes the single detector standing between a stale capacity/CF and billed revenue. The replacement guard is ""lenient on absence"" — a partial result block yields `None` and the run proceeds with **no resource-side integrity check at all**",P2,01_architecture_map.md:517,not_examined,unknown,none,[],[],[],[],Pointer preserved; no dedicated adjudication has been recorded.,
RS-D9,D,"The `era5_config.yaml` loss stack is generic industry boilerplate applied to a real financed project, with no key validation","`wind_resource/config/era5_config.yaml` losses (availability 0.97, grid_curtailment 0.98, electrical 0.98, wake 0.95, environmental 0.99) consumed at `energy_calculator.py:241`, `:340-349`","The file's own comments label these ""typical industry values"". Wake at a flat 5% is asserted with no layout/wake model on this path, whereas the bankable path resolves wake through PyWake or a documented frozen percentage with source disclosure. Availability 97% sits against the SPPA's **95% availability LD regime**. An unknown or misspelled key here is multiplied in silently",P3,01_architecture_map.md:518,partially_confirmed,medium,primary_source_plus_refuter,"[""/Users/aruna/Downloads/DutchBay_Comprehensive_Audit_2026-08/01_architecture_map.md:518"", ""/Users/aruna/Downloads/DutchBay_Comprehensive_Audit_2026-08/03_bankability_methodology.md:80-84"", ""/Users/aruna/Downloads/DutchBay_Comprehensive_Audit_2026-08/raw/P3_a_wind_aep.json"", ""/Users/aruna/Downloads/dutchbay-wt-audit-corrigendum/scenarios/dutchbay_lendercase_2025Q4.yaml:96-106"", ""/Users/aruna/Downloads/dutchbay-wt-audit-corrigendum/scenarios/dutchbay_lendercase_2025Q4.yaml:190"", ""/Users/aruna/Downloads/dutchbay-wt-audit-corrigendum/wind_resource/config/era5_config.yaml"", ""/Users/aruna/Downloads/DutchBay_Comprehensive_Audit_Remediation_2026-08/registers/primary_source_register.v2.json#PSR-0001"", ""/Users/aruna/Downloads/DutchBay_Comprehensive_Audit_Remediation_2026-08/refuters/01_WIND_STANDARDS_REFUTER.md#L24"", ""https://measnet.com/wp-content/uploads/2026/06/ce599b8a-639f-4b48-992e-a099e1b14956.pdf""]",[],[],"[""P3-G7""]","A flat 2 percent curtailment placeholder and generic loss provenance are confirmed, and no enabled grid study supports the canonical curtailment value. The broader claim about every loss factor, unknown-key behavior, wake modelling and the SPPA availability-LD comparison was not fully reproduced, so the composite pointer remains only partially confirmed.",2026-08-12T10:00:54+05:30
RS-D10,D,Percent-vs-decimal capacity-factor convention is **inverted** between the wind and solar producers,"`wind_resource/cashflow_adapter.py:158-169` vs `solar_resource/cashflow_adapter.py:170-186`; conversions at `:198`, `era5_retrieval.py:434`, `resource_contracts.py:228-229`","Two sibling adapters with opposite unit contracts, each defended only by a heuristic validator. A genuine wind CF below 1% or a solar CF above 100% would be misclassified, and any new consumer must know which of the three conversion sites it is downstream of",P4,01_architecture_map.md:519,not_examined,unknown,none,[],[],[],[],Pointer preserved; no dedicated adjudication has been recorded.,
RS-D11,D,Silent 0.80 fallback in the P90-binds-gearing path,"`finance/debt_v14.py:1082-1089`, fed by `app/jobs/runner.py:309-315`",The link between the resource P90 and debt sizing degrades to an unrelated flat literal without raising or warning. For a lender pack the provenance of the downside case must be explicit; here `p90_aep` vs `flat_factor` is returned as a string but nothing forces a downside-binding scenario to actually have a P90,P2,01_architecture_map.md:520,not_examined,unknown,none,[],[],[],[],Pointer preserved; no dedicated adjudication has been recorded.,
RS-D12,D,Pooled all-hours Weibull fit with a reporting-only energy-tail diagnostic,`wind_resource/weibull_fit.py:122-180`; `energy_moment_gof_pct` at `:101-119` with no threshold enforced anywhere,"Kalpitiya is a monsoon site — precisely the case the docstring says warrants a time-stratified fit. The (A,k) that feeds the bankable analytic AEP is a single pooled distribution, and the guard that would catch a bad energy tail is computed and displayed but never gates",P5,01_architecture_map.md:521,not_examined,high,none,"[""/Users/aruna/Downloads/DutchBay_Comprehensive_Audit_2026-08/01_architecture_map.md:521"", ""/Users/aruna/Downloads/dutchbay-wt-audit-corrigendum/wind_resource/weibull_fit.py:101-180""]",[],[],"[""P5-COV-001""]","The P5 coverage refuter found no dedicated pooled-versus-monsoon-stratified fit comparison, energy-tail gate assessment or AEP-impact reproduction. This row is included to preserve the full ten-pointer P5 crosswalk and remains not examined.",2026-08-12T10:00:54+05:30
RS-E1,E,Validation-module scope claimed to differ between the service seam and other entry points,"`pipeline_service.py:44`,`:53` vs `api/pipeline_api.py:595` vs `run_full_pipeline_v14.py:1126-1138`; engine default `pipeline_v14_enhanced.py:628`","**Reader (e)'s claim is incorrect — spot-checked, see §7.1.** All three paths resolve to the same `['cashflow','debt']` set. The residual, real risk is narrower: the module set is a **two-module default that no entry point widens**, so every registered spec outside `cashflow`/`debt` (wind, era5, crossval, grid, irr) goes unvalidated on every live path unless a caller explicitly passes `validation_modules`",P2,01_architecture_map.md:522,not_examined,unknown,none,[],[],[],[],Pointer preserved; no dedicated adjudication has been recorded.,
RS-E2,E,Analysis jobs run MC/tornado/Morris on a scenario that never passes through `run_finance_case`'s integrity guards,"`app/jobs/analysis_runner.py:56-87`, `:118-180`","`register_scenario_approved_sources`, `enforce_aep_provenance`, `validate_evidence_register`, `validate_development_readiness`, `validate_conditions_precedent`, `validate_feasibility_sections` and `_assert_fx_spot_consistency` are all skipped. An unapproved AEP source or a self-inconsistent FX triple fails loud on `/v1/cases` and `/v1/jobs` but **produces a clean Monte-Carlo/Morris envelope on `/v1/jobs/analysis`**",P2,01_architecture_map.md:523,not_examined,unknown,none,[],[],[],[],Pointer preserved; no dedicated adjudication has been recorded.,
RS-E3,E,The screening switch is **duplicated rather than shared**,`analysis_runner.py:73-86` re-implements `pipeline_service.py:224-250`; `runner.py:513-515` sets `run.mode='screening'` unconditionally,"Two copies must stay in lockstep. The analysis copy **hard-codes** `adapter_mode='overwrite'` and `physical_only=True` rather than deriving them from `resolve_run_mode`, so a future change to the seam's screening semantics will silently not reach the analysis path. Directly contradicts the Dolphin claim in its own docstring",P4,01_architecture_map.md:524,not_examined,unknown,none,[],[],[],[],Pointer preserved; no dedicated adjudication has been recorded.,
RS-E4,E,No async wind or analysis job can ever run under the bankable reconciliation,`app/jobs/runner.py:507-515`; `analysis_runner.py:74-76`,"`WindJobRequest` exposes **no run-mode field**, so the entire async surface is permanently screening-grade. Correct for a live location assessment (#996) but means the async path can never be used for a bankable re-run, and a client cannot tell from the request which posture it got — only from a grade string buried in `WindAssessment.provenance`",P3,01_architecture_map.md:525,not_examined,unknown,none,[],[],[],[],Pointer preserved; no dedicated adjudication has been recorded.,
RS-E5,E,Sync `/v1/cases` keeps the base variant's **frozen `aep_summary`** while accepting capacity/CF edits,`app/models/inputs.py:13-15`; only backstop is the reconciliation at `pipeline_service.py:100`,A wizard edit changes the finance inputs but not the AEP basis. **Within the reconciliation tolerance the run succeeds and returns lender KPIs computed against an AEP that belongs to a different machine configuration**; beyond it the client gets an opaque 400. There is no sync-path equivalent of the async `_input_reconciliation` note,P3,01_architecture_map.md:526,not_examined,unknown,none,[],[],[],[],Pointer preserved; no dedicated adjudication has been recorded.,
RS-E6,E,The web report pack **permanently omits** the Monte-Carlo capital-risk section,`app/api/main.py:348-359` passes no `capital_risk`; acknowledged `app/reports/capital_risk_emit.py:14`; field exists at `surface.py:183` and projects None,"Every HTTP-delivered report and every `CaseSurface` has `capital_risk=None`, so covenant-breach probabilities, probability-below-hurdle and VaR/CVaR rows that the CLI emitter produces are **structurally absent from the web deliverable**. A client cannot distinguish ""not computed"" from ""no risk""",P3,01_architecture_map.md:527,not_examined,unknown,none,[],[],[],[],Pointer preserved; no dedicated adjudication has been recorded.,
RS-E7,E,The 422 guard for legacy dict-form `monte_carlo.parameters` covers `mc` and `morris` but **not** `tornado`,"`app/jobs/models.py:210`, `:286-315`","Only lendercase pins the list form; basecase and equitycase carry a legacy dict, so mc/morris on those variants correctly 422 at the boundary. `tornado` is exempt because it builds its own driver library — but that library resolves at **run** time (`analysis_runner.py:139-144`), where an empty result raises inside the generic failure boundary and reaches the client as a class name only. Same defect class, worse surfacing",P2,01_architecture_map.md:528,not_examined,unknown,none,[],[],[],[],Pointer preserved; no dedicated adjudication has been recorded.,
RS-E8,E,"`JobRecord.result` is an untyped `Dict` — the envelope is convention, not contract","`app/jobs/models.py:87-91`; produced `runner.py:530`, `analysis_runner.py:184-189`","`GET /v1/jobs/{id}` is `response_model=JobRecord`, so FastAPI validates everything **except the payload the client actually consumes**. A change to `CaseResult` or `AnalysisResult` cannot be caught by the OpenAPI contract test on this route",P4,01_architecture_map.md:529,not_examined,unknown,none,[],[],[],[],Pointer preserved; no dedicated adjudication has been recorded.,
RS-E9,E,"`api.pipeline_api`'s router is **mounted twice**, producing a duplicate public surface",`app/api/main.py:111-116` and `:120-125`,"`POST /v1/sensitivity/run-pipeline` is a second, undocumented alias of `POST /v1/run-pipeline` with the same handler. It widens the frozen `/v1` contract surface (#841) with routes nobody intended to freeze, and duplicates the route in the OpenAPI schema",P4,01_architecture_map.md:530,not_examined,unknown,none,[],[],[],[],Pointer preserved; no dedicated adjudication has been recorded.,
RS-E10,E,CSP still permits `'unsafe-inline'` for both scripts and styles,"`app/api/security.py:58-67`, rationale `:21-26`","The wizard ships an inline bootstrap script and inline `style=""width:…%""` progress bars, so the policy cannot block inline execution — the primary XSS mitigation a CSP exists to provide. Mitigated by forced Jinja autoescaping, but that is **single-layer defence** for a surface rendering user-supplied `site_name` and `location`",P4,01_architecture_map.md:531,not_examined,unknown,none,[],[],[],[],Pointer preserved; no dedicated adjudication has been recorded.,
RS-E11,E,Token revocation is out of code scope,"`app/api/auth.py:45-47` (explicit, tracked on #858); TTL 3600s; cookie max-age matched","No jti denylist, no rotation, no logout-invalidates-token. `POST /logout` only clears the cookie client-side — **the JWT it carried remains valid against `/v1` for up to an hour**",P3,01_architecture_map.md:532,not_examined,unknown,none,[],[],[],[],Pointer preserved; no dedicated adjudication has been recorded.,
RS-E12,E,"`app/reports/report_model.py` is a 2,434-line module carrying the entire presentation contract","`report_model.py:2314-2331` (a 14-keyword builder) — 24% of the subsystem's 10,199 lines in one file","Every report section, formatter and optional block resolves through one module that `surface.py`, `main.py` and four emit modules all depend on. Any change touches the JSON surface contract, the HTML report, the PDF and the workbook simultaneously — the opposite of dolphin-sized",P4,01_architecture_map.md:533,not_examined,unknown,none,[],[],[],[],Pointer preserved; no dedicated adjudication has been recorded.,
RS-E13,E,The redis/arq durability path is entirely un-CI-verified,`app/jobs/config.py:56-63`; `worker.py:10-13`; `jobs_router.py:52-62`,"The queue-name/DSN agreement, the task-name strings, the `model_dump(mode='json')` round-trip and the shared-store handoff are all string- and convention-coupled across two modules **with no integration test**. A rename on one side fails only in production",P5,01_architecture_map.md:534,not_examined,high,none,"[""/Users/aruna/Downloads/DutchBay_Comprehensive_Audit_2026-08/01_architecture_map.md:534"", ""/Users/aruna/Downloads/dutchbay-wt-audit-corrigendum/app/jobs/config.py:56-63"", ""/Users/aruna/Downloads/dutchbay-wt-audit-corrigendum/app/jobs/worker.py:10-13"", ""/Users/aruna/Downloads/dutchbay-wt-audit-corrigendum/app/api/jobs_router.py:52-62""]",[],[],"[""P5-COV-001""]","The P5 coverage refuter found no Redis/ARQ integration execution or source-level adjudication of queue, task-name, serialization and shared-store coupling. This row is included to preserve the full ten-pointer P5 crosswalk and remains not examined.",2026-08-12T10:00:54+05:30
RS-F1,F,"FRAMEWORK-01/02/03 (CASPER/CESSPIT/CCCDIR) are declared ""Code review enforces"" in the ruleset, not test-enforced as frameworks",`go_with_the_flow_rules_v3_0_clean.csv` rows FRAMEWORK-01/02/03,"The three named governing frameworks have **no single test asserting them**. What exists are proxies for slices: CASPER → `_require_*` cold-import guards; CESSPIT → `schema_guard` at runtime plus one fail-loud discount-rate check; CCCDIR → two LibCST guards, both with live allowlists. A framework claim in a lender-facing doc therefore rests on review discipline, unevenly across the three",P3,01_architecture_map.md:535,not_examined,unknown,none,[],[],[],[],Pointer preserved; no dedicated adjudication has been recorded.,
RS-F2,F,"The grid stack's ""never feeds the finance engine"" KPI-neutrality claim is asserted in docstrings but **not structurally guarded**","`analytics/grid/evaluate_grid.py:16-19`; `contracts_v14.py:624-626`, `:704-710`; no corresponding test found","The claim is load-bearing for the ""byte-identical committed scenarios"" story the whole default-off grid programme rests on. **The guard pattern already exists in this repo** (`test_no_direct_finance_pipeline_imports.py`) but `analytics/grid/` is not scoped by a dedicated assertion. `bankable` is a plain mutable field with no validator forbidding `True`",P2,01_architecture_map.md:536,not_examined,unknown,none,[],[],[],[],Pointer preserved; no dedicated adjudication has been recorded.,
RS-F3,F,**63 of 66 GWTF rules have unpinned enforcement text**,"`go_with_the_flow_rules_v3_0_clean.csv`; only R24, R25 and the ruleset-file identity are reconciled","The R24 test exists precisely because R24 had drifted into an overclaim (#958) — proving the failure mode is real and recurrent. Rows such as R1/CLI-02, R11, R13, R16 and R8/TEST-02 name artifacts whose existence is unverified — and `pytest.ini` was in fact **retired** in favour of `pyproject.toml`, so R8/TEST-02's text is already stale",P3,01_architecture_map.md:537,not_examined,unknown,none,[],[],[],[],Pointer preserved; no dedicated adjudication has been recorded.,
RS-F4,F,R15/R17 (and R10/R18/R19/R21) rely on code review or hooks with known local-only reach,"CSV R15 (""enforced by pre-commit hooks and CI"") vs `.pre-commit-config.yaml:49-52` where the mypy hook is **commented out**; R17 vs the ratchet at `test_docstring_coverage.py:96-100`","R15's enforcement text is **factually wrong** about the pre-commit half. R17 **under**claims (a real ratchet exists). Both directions of drift are present, so the enforcement column cannot be trusted without reading the tests",P4,01_architecture_map.md:538,partially_confirmed,medium,single_reader,"[""/Users/aruna/Downloads/DutchBay_Comprehensive_Audit_2026-08/01_architecture_map.md:538"", ""/Users/aruna/Downloads/DutchBay_Comprehensive_Audit_2026-08/04_code_health_techdebt.md:7-18"", ""/Users/aruna/Downloads/DutchBay_Comprehensive_Audit_2026-08/raw/P4_c_lint_type_security.json"", ""/Users/aruna/Downloads/dutchbay-wt-audit-corrigendum/.pre-commit-config.yaml:49-52"", ""/Users/aruna/Downloads/dutchbay-wt-audit-corrigendum/.github/workflows/test-suite.yml:294-412""]",[],"[{""dependency_id"": ""DEP-RS-F4-01"", ""kind"": ""validation"", ""target"": ""P4-F1-CI-GATE-RUNS"", ""owner_role"": ""software_quality_owner"", ""status"": ""required_not_started"", ""blocking"": true, ""requirement"": ""Archive and independently review the exact local-hook and CI-gate runs before upgrading this pointer.""}]",[],"P4 independently verified that mypy is a mandatory CI merge gate but is commented out of pre-commit, so any rule text claiming both local-hook and CI enforcement is overstated. The R17 docstring-ratchet underclaim and the remaining listed rule rows were not independently re-adjudicated in P4, leaving this composite pointer partial.",2026-08-12T10:00:54+05:30
RS-F5,F,The canonical KPI vector has **no lint fence** preventing re-hardcoding,"`tests/_canon.py:35-51` vs ~19 consumers; contrast `test_wacc_fence_v14.py:69,111` and `test_irr_location_v14.py:57,167`",#955's whole point was collapsing a dozen bare literals into one module. **Nothing stops the next test from writing `0.014551597740253388` inline again** — exactly the state the consolidation removed. The repo already owns the guard idiom needed,P4,01_architecture_map.md:539,not_examined,unknown,none,[],[],[],[],Pointer preserved; no dedicated adjudication has been recorded.,
RS-F6,F,LibCST guards are **structurally blind below module level**,"`test_no_argparse_anywhere.py:89-91` (`visit_FunctionDef` returns `False`); same pattern in `test_no_typer_v14.py`, `test_contracts_gateway_imports.py:46-47`, `test_no_direct_finance_pipeline_imports.py`","Every import-boundary guard shares one evasion: a function-scoped import. This is a deliberate scope choice, and **it interacts badly with REFACTOR-02, whose sanctioned circular-import fix is precisely a lazy import** — the pattern the guards cannot see. The finance/analytics graph uses ~15 such lazy edges",P2,01_architecture_map.md:540,not_examined,unknown,none,[],[],[],[],Pointer preserved; no dedicated adjudication has been recorded.,
RS-F7,F,Argparse ALLOWLIST and the direct-import ALLOWLIST are live debt with no expiry,`test_no_argparse_anywhere.py:63-69`; `test_no_direct_finance_pipeline_imports.py:96` (several entries marked `[PERMANENT]`),"Entries marked `[PERMANENT]` convert a boundary rule into a documented exception set. The hygiene tests only prevent **dead** entries; they never force a live one to be paid down, and no test caps allowlist size",P4,01_architecture_map.md:541,not_examined,unknown,none,[],[],[],[],Pointer preserved; no dedicated adjudication has been recorded.,
RS-F8,F,**Scenario family divergence is undocumented in code and unpinned by any cross-scenario test**,"`basecase:4` (cf 0.4), `:90` (debt_ratio 0.7); `lendercase:23` (cf 0.332), `:458-459` (0.7 as a CAP with dual_dscr); `equitycase:4` (cf 0.4), `:52` (equity 0.15), `:90` (debt_ratio 0.4)","Base and equity run an **unhaircut 0.40 capacity factor** while the lender case runs the bankable 0.332 with the full IEC 61400-15-2 uncertainty stack; base/equity also lack `dual_dscr` sizing. A reader comparing the three side by side is comparing **different resource bases as well as different capital structures**, and no test asserts the intended relationship — only the lendercase has an oracle",P3,01_architecture_map.md:542,not_examined,unknown,none,[],[],[],[],Pointer preserved; no dedicated adjudication has been recorded.,
RS-F9,F,No test asserts that every committed scenario still validates under the strict schema guard,"`scenarios/` (29 `.yaml` + 5 `.json` at top level, plus `overrides/`, `test/`, `_scrtch/`)","`ScenarioAnalytics.run()` aggregates failures and reports `n_failed` rather than failing the process, so a committed scenario can **silently rot into an invalid state** with no gate firing. Deliberately-invalid fixtures live alongside good ones, so a naive sweep cannot simply be added — an explicit expected-valid/expected-invalid manifest is needed",P3,01_architecture_map.md:543,partially_confirmed,medium,single_reader,"[""/Users/aruna/Downloads/DutchBay_Comprehensive_Audit_2026-08/01_architecture_map.md:543"", ""/Users/aruna/Downloads/DutchBay_Comprehensive_Audit_2026-08/04_code_health_techdebt.md:28-41"", ""/Users/aruna/Downloads/DutchBay_Comprehensive_Audit_2026-08/raw/P4_a_deadcode_config.json"", ""/Users/aruna/Downloads/dutchbay-wt-audit-corrigendum/scenarios/_scrtch/zz_bad.yaml:1"", ""/Users/aruna/Downloads/dutchbay-wt-audit-corrigendum/scenarios/example_fx_structured_blocks.yaml:114"", ""/Users/aruna/Downloads/dutchbay-wt-audit-corrigendum/tests/lint/test_no_magic_fx.py:90"", ""/Users/aruna/Downloads/dutchbay-wt-audit-corrigendum/tests/finance/test_currency_lkr_primary.py:42""]",[],"[{""dependency_id"": ""DEP-RS-F9-01"", ""kind"": ""validation"", ""target"": ""P4-CFG-1-SCHEMA-GUARD"", ""owner_role"": ""software_quality_owner"", ""status"": ""required_not_started"", ""blocking"": true, ""requirement"": ""Archive and independently review the schema-guard run before upgrading this pointer.""}, {""dependency_id"": ""DEP-RS-F9-02"", ""kind"": ""validation"", ""target"": ""P4-CFG-2-YAML-SAFE-LOAD"", ""owner_role"": ""software_quality_owner"", ""status"": ""required_not_started"", ""blocking"": true, ""requirement"": ""Archive and independently review the YAML-safe-load run before upgrading this pointer.""}]","[""P4-CFG-1"", ""P4-CFG-2""]","P4 reproduced one deliberately invalid committed scratch scenario and a broken multi-document example YAML that two lint tests silently skip. This confirms the need for an explicit expected-valid and expected-invalid manifest. It does not, by itself, prove every aspect of the pointer's ScenarioAnalytics failure-path claim, so the disposition is partial.",2026-08-12T10:00:54+05:30
RS-F10,F,"`conf/` has no config groups, so ""Hydra config tree"" overstates the composition in use",`conf/` (8 flat files); `conf/run_full_pipeline_v14.yaml:4-5`,"Hydra buys override syntax and typed CLI parsing here, **not composition** — scenario selection is a file path string and merging happens in hand-written Python (`run_full_pipeline_v14.py:988-1027`) that writes temp patched files. That hand-rolled merge is the real config seam and is far less scrutinised than Hydra's would be; `scenarios/overrides/` looks like a group but is not wired as one",P5,01_architecture_map.md:544,not_examined,high,none,"[""/Users/aruna/Downloads/DutchBay_Comprehensive_Audit_2026-08/01_architecture_map.md:544"", ""/Users/aruna/Downloads/dutchbay-wt-audit-corrigendum/conf/run_full_pipeline_v14.yaml:4-5"", ""/Users/aruna/Downloads/dutchbay-wt-audit-corrigendum/run_full_pipeline_v14.py:988-1027""]",[],[],"[""P5-COV-001""]","The P5 coverage refuter found no dedicated adjudication of the flat conf directory, hand-written merge path or whether Hydra composition is overstated. This row is included to preserve the full ten-pointer P5 crosswalk and remains not examined.",2026-08-12T10:00:54+05:30
RS-F11,F,`cli_capital_structure_optimize_hydra.py` is a Hydra CLI **outside** the canonical guard list,`analytics/cli/cli_capital_structure_optimize_hydra.py:101-102` vs `test_entrypoints_hydra_only.py:71-76`,Covered incidentally by the argparse scan (it lives under a guarded dir) but not by the `@hydra.main` / JSON-stdout / deprecation assertions the other four get. **`CANONICAL_CLIS` is hand-maintained with no test that it is complete**,P4,01_architecture_map.md:545,not_examined,unknown,none,[],[],[],[],Pointer preserved; no dedicated adjudication has been recorded.,
