record_id,claim_id,finding_ids,claim_text,source_id,source_class,publisher,title,version_or_date,page_or_section,url,accessed_at,archive_filename,archive_sha256,converted_filename,converted_sha256,evidence_status,evidence_role,transaction_evidence_status,paraphrased_support,limitations,evidence_artifacts,supporting_record_ids,artifact_exception,retrieval_command,repository_commit,retrieval_completed_at
PSR-0001,WIND-MEAS-12M,"[""P3-G1""]",MEASNET requires at least 12 complete consecutive months of measurement for at least one mast at the site.,SRC-MEASNET-V3,standard,MEASNET,Evaluation of Site-Specific Wind Conditions,Version 3; September 2022,section 7.2; page 15,https://measnet.com/wp-content/uploads/2026/06/ce599b8a-639f-4b48-992e-a099e1b14956.pdf,2026-08-12T09:33:45+05:30,MEASNET_Evaluation_Site_Specific_Wind_Conditions_v3_2022.pdf,ba41752ad61af65d3fdc28e61788dc7371c6f555780525f8eb7336199faf355e,MEASNET_Evaluation_Site_Specific_Wind_Conditions_v3_2022.md,5b91a3ee1bc7c1a9bd1c5214e7038d3214ac705ebab72f531356da29b06aca16,supports,standard_text,,The procedure specifies a 12-month complete and consecutive measurement period for at least one site mast so seasonal variation is represented.,"The earlier 2022 URL recorded by the ingress evaluation returned 404 on 2026-08-12; this is the current official publisher path. The PDF identifies itself as Version 3, not Version 3.1.","[{""path"":""sources/original/MEASNET_Evaluation_Site_Specific_Wind_Conditions_v3_2022.pdf"",""sha256"":""ba41752ad61af65d3fdc28e61788dc7371c6f555780525f8eb7336199faf355e"",""role"":""publisher_original"",""label"":""archived source""},{""path"":""sources/converted/MEASNET_Evaluation_Site_Specific_Wind_Conditions_v3_2022.md"",""sha256"":""5b91a3ee1bc7c1a9bd1c5214e7038d3214ac705ebab72f531356da29b06aca16"",""role"":""controlled_conversion"",""label"":""lossless text conversion""}]",,,,,
PSR-0002,WIND-MEAS-DEVIATION,"[""P3-G1""]",MEASNET treats incomplete measurement as a deviation that must be disclosed and included in uncertainty.,SRC-MEASNET-V3,standard,MEASNET,Evaluation of Site-Specific Wind Conditions,Version 3; September 2022,sections 5 and 7.2; pages 9 and 15,https://measnet.com/wp-content/uploads/2026/06/ce599b8a-639f-4b48-992e-a099e1b14956.pdf,2026-08-12T09:33:45+05:30,MEASNET_Evaluation_Site_Specific_Wind_Conditions_v3_2022.pdf,ba41752ad61af65d3fdc28e61788dc7371c6f555780525f8eb7336199faf355e,MEASNET_Evaluation_Site_Specific_Wind_Conditions_v3_2022.md,5b91a3ee1bc7c1a9bd1c5214e7038d3214ac705ebab72f531356da29b06aca16,supports,standard_text,,"The procedure requires deviations to be identified, summarized, assessed for significance, and reflected as uncertainty; measurement below the specified completeness criteria is expressly a deviation.",This does not establish that a lender must waive the deviation or that disclosure alone makes a zero-measurement assessment bankable.,"[{""path"":""sources/original/MEASNET_Evaluation_Site_Specific_Wind_Conditions_v3_2022.pdf"",""sha256"":""ba41752ad61af65d3fdc28e61788dc7371c6f555780525f8eb7336199faf355e"",""role"":""publisher_original"",""label"":""archived source""},{""path"":""sources/converted/MEASNET_Evaluation_Site_Specific_Wind_Conditions_v3_2022.md"",""sha256"":""5b91a3ee1bc7c1a9bd1c5214e7038d3214ac705ebab72f531356da29b06aca16"",""role"":""controlled_conversion"",""label"":""lossless text conversion""}]",,,,,
PSR-0003,WIND-MEAS-BASIS,"[""P3-G1""]",The MEASNET site-assessment procedure is based on site-specific and on-site measurements.,SRC-MEASNET-V3,standard,MEASNET,Evaluation of Site-Specific Wind Conditions,Version 3; September 2022,sections 3 and 7; pages 7 and 14,https://measnet.com/wp-content/uploads/2026/06/ce599b8a-639f-4b48-992e-a099e1b14956.pdf,2026-08-12T09:33:45+05:30,MEASNET_Evaluation_Site_Specific_Wind_Conditions_v3_2022.pdf,ba41752ad61af65d3fdc28e61788dc7371c6f555780525f8eb7336199faf355e,MEASNET_Evaluation_Site_Specific_Wind_Conditions_v3_2022.md,5b91a3ee1bc7c1a9bd1c5214e7038d3214ac705ebab72f531356da29b06aca16,supports,standard_text,,MEASNET describes gathering on-site measurement as the first phase and identifies site-specific measurements as the assessment basis.,The procedure is broader than energy-yield bankability and does not itself state DutchBay financing conditions.,"[{""path"":""sources/original/MEASNET_Evaluation_Site_Specific_Wind_Conditions_v3_2022.pdf"",""sha256"":""ba41752ad61af65d3fdc28e61788dc7371c6f555780525f8eb7336199faf355e"",""role"":""publisher_original"",""label"":""archived source""},{""path"":""sources/converted/MEASNET_Evaluation_Site_Specific_Wind_Conditions_v3_2022.md"",""sha256"":""5b91a3ee1bc7c1a9bd1c5214e7038d3214ac705ebab72f531356da29b06aca16"",""role"":""controlled_conversion"",""label"":""lossless text conversion""}]",,,,,
PSR-0004,WIND-IEC-SCOPE,"[""P3-G1"",""P5-WIND-001""]","IEC 61400-15-1:2025 defines a framework covering measurement, prediction, assessment reporting, and traceability.",SRC-IEC-61400-15-1,standard,International Electrotechnical Commission,IEC 61400-15-1:2025 - Site suitability input conditions for wind power plants,Edition 1.0; 2025-03-14,official public scope,https://webstore.iec.ch/en/publication/29169,2026-08-12T09:33:45+05:30,IEC_61400-15-1_2025_official_scope.html,f31b1a7bffe21d6069654a41186760a0fe2888cf905b2d10ae95a92f7b4d5765,,,supports,standard_scope,,"The official scope covers definition, measurement, and prediction of long-term site characteristics and traceable reporting.","Only the official public scope was available; the full 80-page standard is paywalled. The public scope does not state a 12-month mast requirement, so that rule is attributed to MEASNET unless a licensed IEC clause is obtained.","[{""path"":""sources/original/IEC_61400-15-1_2025_official_scope.html"",""sha256"":""f31b1a7bffe21d6069654a41186760a0fe2888cf905b2d10ae95a92f7b4d5765"",""role"":""publisher_original"",""label"":""archived source""}]",,,,,
PSR-0005,WIND-BANKABILITY-CP,"[""P3-G1""]",A measurement campaign is a transaction condition precedent rather than a disclosure question.,SRC-MEASNET-V3,standard,MEASNET,Evaluation of Site-Specific Wind Conditions,Version 3; September 2022,sections 5 and 7.2; pages 9 and 15,https://measnet.com/wp-content/uploads/2026/06/ce599b8a-639f-4b48-992e-a099e1b14956.pdf,2026-08-12T09:33:45+05:30,MEASNET_Evaluation_Site_Specific_Wind_Conditions_v3_2022.pdf,ba41752ad61af65d3fdc28e61788dc7371c6f555780525f8eb7336199faf355e,MEASNET_Evaluation_Site_Specific_Wind_Conditions_v3_2022.md,5b91a3ee1bc7c1a9bd1c5214e7038d3214ac705ebab72f531356da29b06aca16,context_only,analyst_judgment_boundary,unavailable,MEASNET establishes a site-measurement procedure and deviation/uncertainty treatment. It does not establish an unwaivable DutchBay financing condition precedent.,"The standard does not prescribe DutchBay loan conditions, make a deviation legally unwaivable, or call measurement a financing condition precedent. Facility terms, lender credit approval and independent-engineer requirements remain unavailable transaction evidence.","[{""path"":""sources/original/MEASNET_Evaluation_Site_Specific_Wind_Conditions_v3_2022.pdf"",""sha256"":""ba41752ad61af65d3fdc28e61788dc7371c6f555780525f8eb7336199faf355e"",""role"":""publisher_original"",""label"":""archived source""},{""path"":""sources/converted/MEASNET_Evaluation_Site_Specific_Wind_Conditions_v3_2022.md"",""sha256"":""5b91a3ee1bc7c1a9bd1c5214e7038d3214ac705ebab72f531356da29b06aca16"",""role"":""controlled_conversion"",""label"":""lossless text conversion""}]",,,,,
PSR-0006,DFI-COV-ADB-EXAMPLE,"[""P3-COV-01""]",An ADB document contains 1.35x and 1.50x debt-service-related thresholds.,SRC-ADB-42362-013,official_project_document,Asian Development Bank,Indonesia Java-Bali 500-Kilovolt Power Transmission Crossing Project Completion Report,February 2021,paragraph 50 and Appendix 7 page 28,https://www.adb.org/sites/default/files/project-documents/42362/42362-013-pcr-en.pdf,2026-08-12T09:33:45+05:30,ADB_42362-013_Project_Completion_Report.pdf,4f7350335f52db61a924194152b18f5af2b085fd672f012b168f9ae9df1b3a56,ADB_42362-013_Project_Completion_Report.md,1ea35b62c77b203d63a93c89306ac89bf1d6245178082c6b20c3852d1fcfca11,supports,financing_precedent,,The project agreement required PLN net revenues of 1.35 times and later 1.50 times estimated maximum debt service before incurring debt; the completion report also records noncompliance and waiver/acceptance history.,"This is a sovereign utility corporate debt-incurrence covenant, not a universal project-finance policy, not an IFC rule, and not a common threshold for DSCR, LLCR, and PLCR.","[{""path"":""sources/original/ADB_42362-013_Project_Completion_Report.pdf"",""sha256"":""4f7350335f52db61a924194152b18f5af2b085fd672f012b168f9ae9df1b3a56"",""role"":""publisher_original"",""label"":""archived source""},{""path"":""sources/converted/ADB_42362-013_Project_Completion_Report.md"",""sha256"":""1ea35b62c77b203d63a93c89306ac89bf1d6245178082c6b20c3852d1fcfca11"",""role"":""controlled_conversion"",""label"":""lossless text conversion""}]",,,,,
PSR-0007,DFI-COV-WB-VIETNAM,"[""P3-COV-01""]",A World Bank-supported power project reported a 1.35x minimum base-case DSCR and approximately 1.51x average DSCR.,SRC-WB-PHU-MY-2,official_project_document,World Bank,Vietnam Phu My 2 Phase 2 Power Project - Project Appraisal Document,Report 24692; 2002-08-29,Annex 5 Table 5.7; document page 54,https://documents1.worldbank.org/curated/en/927821468780593323/pdf/multi0page.pdf,2026-08-12T09:33:45+05:30,World_Bank_Vietnam_Phu_My_2_Phase_2.pdf,e550b12dc904806a5bdea3458ae8d387b936be32c1fdf1fa6aa2d269627f5f85,World_Bank_Vietnam_Phu_My_2_Phase_2.md,993a2effaa89646ecfb16dffbdf6e9726bfebd82f828d3bdb37976cfd85942cd,supports,financing_precedent,,The project's base case shows a 1.35 minimum annual DSCR and 1.51 average annual DSCR.,"This is one 2002 Vietnam gas-power transaction with an IDA partial risk guarantee; it is precedent, not a current universal DFI policy or a DutchBay-specific requirement.","[{""path"":""sources/original/World_Bank_Vietnam_Phu_My_2_Phase_2.pdf"",""sha256"":""e550b12dc904806a5bdea3458ae8d387b936be32c1fdf1fa6aa2d269627f5f85"",""role"":""publisher_original"",""label"":""archived source""},{""path"":""sources/converted/World_Bank_Vietnam_Phu_My_2_Phase_2.md"",""sha256"":""993a2effaa89646ecfb16dffbdf6e9726bfebd82f828d3bdb37976cfd85942cd"",""role"":""controlled_conversion"",""label"":""lossless text conversion""}]",,,,,
PSR-0008,DFI-COV-WB-PERU,"[""P3-COV-01""]",Official World Bank analysis describes a likely 1.25x-1.35x minimum DSCR for a modeled project-financing case.,SRC-WB-PERU-HYDRO,official_project_document,World Bank and ESMAP,El Desarrollo Hidroelectrico en el Peru,Report 53719-PE; May 2010,section 4.3.2; paragraph 128; page 55,https://documents1.worldbank.org/curated/en/754481468070132111/pdf/537190ESW0SPAN1electrico0en0el0Peru.pdf,2026-08-12T09:33:45+05:30,World_Bank_Peru_Electricity_Sector_Project_Finance.pdf,6c190ea57efcf1b7ea72879622670f0395df2e5ef5906813dfbfc5a3264beec8,World_Bank_Peru_Electricity_Sector_Project_Finance.md,d7e211636d8a4bc9900e205b25d11229e233b8a5c7388d0d30bdf4e11bb5ce44,supports,financing_precedent,,The analysis says its typical project-financing case would probably require a minimum DSCR in the 1.25-1.35 range; a blended IFI/commercial case produces 1.40.,"This is a modeled Peruvian hydropower sector example, not a binding lender policy and not directly comparable to DutchBay's currency, offtaker, resource, and debt risks.","[{""path"":""sources/original/World_Bank_Peru_Electricity_Sector_Project_Finance.pdf"",""sha256"":""6c190ea57efcf1b7ea72879622670f0395df2e5ef5906813dfbfc5a3264beec8"",""role"":""publisher_original"",""label"":""archived source""},{""path"":""sources/converted/World_Bank_Peru_Electricity_Sector_Project_Finance.md"",""sha256"":""d7e211636d8a4bc9900e205b25d11229e233b8a5c7388d0d30bdf4e11bb5ce44"",""role"":""controlled_conversion"",""label"":""lossless text conversion""}]",,,,,
PSR-0009,DFI-COV-UNIVERSAL,"[""P3-COV-01""]","There is a universal IFC/ADB 1.35x-1.50x minimum band applicable equally to DSCR, LLCR, and PLCR for DutchBay.",SRC-MULTIPLE-DFI-EXAMPLES,analyst_judgment,ADB and World Bank,Official project and sector financing examples,2002-2021,see PSR-0006 through PSR-0008,,2026-08-12T09:33:45+05:30,,,,,contradicts,claim_boundary,,"The official examples are context-specific, use different ratio definitions and borrower structures, and span at least 1.25 to 1.50.","No directly relevant IFC or ADB policy, DutchBay term sheet, credit approval, or financing document has been produced. A DutchBay covenant recommendation may still be professionally defensible, but must be labeled analyst judgment and separately defined for each ratio.",[],"[""PSR-0006"",""PSR-0007"",""PSR-0008"",""PSR-0016"",""PSR-0017"",""PSR-0018""]","{""type"":""analyst_judgment_synthesis"",""reason"":""This row is an explicit claim-boundary inference over the six hashed official records in supporting_record_ids; it has no separate publisher original and must not be presented as primary source text.""}",,,
PSR-0010,AUDIT-POINTER-COUNT,"[""EVAL-06""]","The architecture map contains 72 unique RS identifiers, not 70.",SRC-AUDIT-ARCHMAP,repository_evidence,DutchBay audit,Architecture and Dependency Map,audited commit 7e99f34,unique RS-A1 through RS-F11 identifiers,,2026-08-12T09:28:49+05:30,01_architecture_map.md,5b77d92715ab6cf107d71235b79d3ceaa92a932a4087b2b0ea98483337f1ff6d,,,supports,audit_arithmetic,,"The six families contain 15, 9, 12, 12, 13, and 11 identifiers, totaling 72.",Pointer status and investigated coverage must be recalculated from the controlled 72-item register; identifier presence is not confirmation of the underlying risk claim.,"[{""path"":""sources/original/01_architecture_map.md"",""sha256"":""5b77d92715ab6cf107d71235b79d3ceaa92a932a4087b2b0ea98483337f1ff6d"",""role"":""publisher_original"",""label"":""archived source""}]",,,,,
PSR-0011,AUDIT-SCENARIO-COUNT,"[""EVAL-08""]","The audited tree contains 29 top-level YAML artefacts, not 29 total scenario artefacts.",SRC-GIT-TREE-7E99F34,repository_evidence,DutchBay EPC Model,Git tree under scenarios/,7e99f34,tracked files under scenarios/,https://github.com/arunakulat/dutchbay-epc-model/tree/7e99f34d75b9c3d44a5c5b260cedbe403d2f79e8/scenarios,2026-08-12T09:28:49+05:30,repository_scenarios_7e99f34.txt,87557352c24d1d5835d53fd29ce9bf35233caf1cf051768a96de3bfed0c1063a,,,supports,scope_accounting,,"The audited tree has 29 top-level YAML, 5 top-level JSON, and 39 YAML/JSON artefacts including nested paths.","Artefact count does not imply every file is a runnable production scenario; the set includes examples, tests, overrides, scratch/bad fixtures, and frozen AEP summaries.","[{""path"":""sources/original/repository_scenarios_7e99f34.txt"",""sha256"":""87557352c24d1d5835d53fd29ce9bf35233caf1cf051768a96de3bfed0c1063a"",""role"":""publisher_original"",""label"":""archived source""}]",,,git ls-tree -r --name-only 7e99f34d75b9c3d44a5c5b260cedbe403d2f79e8 -- scenarios,7e99f34d75b9c3d44a5c5b260cedbe403d2f79e8,2026-08-12T09:28:49+05:30
PSR-0012,DFI-DSRA-TERM-SHEET,"[""P3-COV-05""]",No executed or indicative lender term sheet had been produced to substantiate a DutchBay-specific DSRA covenant; six months remains an assumption pending lender communication.,SRC-GH-ISSUE-920,repository_evidence,DutchBay EPC Model / GitHub,Issue #920: confirm 6-month DSRA target against the CEB-PPA lender term sheet,2026-07-11 verified checkpoint,issue body and owner comment,https://github.com/arunakulat/dutchbay-epc-model/issues/920,2026-08-12T09:49:00+05:30,GitHub_Issue_920_DSRA_Term_Sheet_Status.json,9f69d62dde3c0616933edcbfe414346b69d99a0cdd3f2941ac70c0518a0cf288,,,supports,transaction_evidence_status,,"The open control issue records a prior repository/Downloads search, finds no executed or indicative term sheet, and retains six months only as an unconfirmed market assumption.","This is an internal evidence-status record, not a lender document and not proof that no off-repository communication exists. The issue is mutable after the archived snapshot and remains open.","[{""path"":""sources/original/GitHub_Issue_920_DSRA_Term_Sheet_Status.json"",""sha256"":""9f69d62dde3c0616933edcbfe414346b69d99a0cdd3f2941ac70c0518a0cf288"",""role"":""publisher_original"",""label"":""archived source""}]",,,,,
PSR-0013,DFI-CEB-LEGACY-PAYMENT-SECURITY,"[""P3-COV-05""]",A 2025 World Bank/IDA Sri Lanka programme document describes legacy CEB PPA payment-security structures sized to cover 12 months of PPA payments.,SRC-WB-SL-P505052,official_project_document,World Bank / International Development Association,"Secure, Affordable, and Sustainable Energy for Sri Lanka - Project Appraisal Document",Report PADHI01081; 2025-05-28,paragraph 35; printed page 13; PDF page 28,https://documents1.worldbank.org/curated/en/099060225172533511/pdf/BOSIB-a7b2bf1c-4071-4973-a1c9-25010992af83.pdf,2026-08-12T09:54:00+05:30,World_Bank_IDA_Sri_Lanka_Renewable_Energy_2025_PAD.pdf,a3ca5d93fea55725f9655124802ba49a55b11fcbfd37bc6a7e389f9fcb8b19a0,World_Bank_IDA_Sri_Lanka_Renewable_Energy_2025_PAD.txt,34b8f16ce2c639ab99486c6782c443216fea5ca36e1979a127889bda4bf2e9e2,supports,financing_precedent,,The PAD explains that existing payment-security sizing under the respective PPAs covers 12 months of payments and is costly because CEB must provide cash collateral for the issuing banks.,"This is offtaker/PPA payment security, not a debt-service reserve account. It describes a programme context and does not establish DutchBay's executed contractual terms.","[{""path"":""sources/original/World_Bank_IDA_Sri_Lanka_Renewable_Energy_2025_PAD.pdf"",""sha256"":""a3ca5d93fea55725f9655124802ba49a55b11fcbfd37bc6a7e389f9fcb8b19a0"",""role"":""publisher_original"",""label"":""archived source""},{""path"":""sources/converted/World_Bank_IDA_Sri_Lanka_Renewable_Energy_2025_PAD.txt"",""sha256"":""34b8f16ce2c639ab99486c6782c443216fea5ca36e1979a127889bda4bf2e9e2"",""role"":""controlled_conversion"",""label"":""lossless text conversion""}]",,,,,
PSR-0014,DFI-CEB-IDA-SBLC,"[""P3-COV-05""]",The same 2025 programme expects IDA-backed standby letters of credit to cover six to nine months of CEB payment obligations under relevant PPAs.,SRC-WB-SL-P505052,official_project_document,World Bank / International Development Association,"Secure, Affordable, and Sustainable Energy for Sri Lanka - Project Appraisal Document",Report PADHI01081; 2025-05-28,paragraph 36; printed page 13; PDF page 28,https://documents1.worldbank.org/curated/en/099060225172533511/pdf/BOSIB-a7b2bf1c-4071-4973-a1c9-25010992af83.pdf,2026-08-12T09:54:00+05:30,World_Bank_IDA_Sri_Lanka_Renewable_Energy_2025_PAD.pdf,a3ca5d93fea55725f9655124802ba49a55b11fcbfd37bc6a7e389f9fcb8b19a0,World_Bank_IDA_Sri_Lanka_Renewable_Energy_2025_PAD.txt,34b8f16ce2c639ab99486c6782c443216fea5ca36e1979a127889bda4bf2e9e2,supports,financing_precedent,,The proposed IDA guarantee would backstop CEB's PPA payment obligations through an international-bank SBLC expected to cover six to nine months of payments for the underlying debt tenor.,"This is a proposed programme payment-security mechanism, not DSRA sizing and not evidence that DutchBay has obtained the guarantee. The PAD describes expected terms rather than an executed DutchBay instrument.","[{""path"":""sources/original/World_Bank_IDA_Sri_Lanka_Renewable_Energy_2025_PAD.pdf"",""sha256"":""a3ca5d93fea55725f9655124802ba49a55b11fcbfd37bc6a7e389f9fcb8b19a0"",""role"":""publisher_original"",""label"":""archived source""},{""path"":""sources/converted/World_Bank_IDA_Sri_Lanka_Renewable_Energy_2025_PAD.txt"",""sha256"":""34b8f16ce2c639ab99486c6782c443216fea5ca36e1979a127889bda4bf2e9e2"",""role"":""controlled_conversion"",""label"":""lossless text conversion""}]",,,,,
PSR-0015,WIND-IEC-15-2-PUBLICATION-STATUS,"[""P3-G3"",""P5-WIND-001"",""P5-WIND-002""]",A final published IEC 61400-15-2 standard supports the audit's IEC-default and IEC-convention claims.,SRC-IEC-CATALOGUE-20260812,official_catalogue_record,International Electrotechnical Commission,IEC Webstore catalogue search for 61400-15-2,2026-08-12 cutoff,official catalogue API; valid and all-state searches,https://webstore.iec.ch/en/iec-search/result?q=61400-15-2,2026-08-12T09:55:13+05:30,IEC_catalogue_61400-15-2_valid.json,9e324b99e9607a87569551356e1825ca631d5200337a12cad7bd882e93f92058,,,contradicts,catalogue_status,,"The official public catalogue returned zero primary, secondary, and tertiary results for 61400-15-2 with both validOnly true and false; a positive-control query returned IEC 61400-15-1:2025.","This establishes only absence from the public IEC catalogue at the cutoff. It does not establish that no unpublished committee draft exists, and it does not evaluate the technical merit of a draft-inspired method.","[{""path"":""sources/IEC_CATALOGUE_QUERY_LOG.json"",""sha256"":""6a7b24b58e952f684267ed21b46470951b11a28cdcf281850175ded70ab602dc"",""role"":""official_catalogue_query_log"",""label"":""request bodies, response hashes and bounded conclusion""},{""path"":""sources/original/IEC_catalogue_61400-15-2_valid.json"",""sha256"":""9e324b99e9607a87569551356e1825ca631d5200337a12cad7bd882e93f92058"",""role"":""official_catalogue_response"",""label"":""61400-15-2 validOnly=true; zero results"",""request_ref"":""sources/IEC_CATALOGUE_QUERY_LOG.json#requests[0]""},{""path"":""sources/original/IEC_catalogue_61400-15-2_all.json"",""sha256"":""9e324b99e9607a87569551356e1825ca631d5200337a12cad7bd882e93f92058"",""role"":""official_catalogue_response"",""label"":""61400-15-2 validOnly=false; zero results"",""request_ref"":""sources/IEC_CATALOGUE_QUERY_LOG.json#requests[1]""},{""path"":""sources/original/IEC_catalogue_61400-15-1_positive_control.json"",""sha256"":""16312898bb0ed8027bcb8835790922387530d9ff98e6321cf92525a1fcd6a728"",""role"":""positive_control"",""label"":""61400-15-1 validOnly=true; one published result"",""request_ref"":""sources/IEC_CATALOGUE_QUERY_LOG.json#requests[2]""}]",,,,,
PSR-0016,DFI-DSRA-IFC-GENERIC,"[""P3-COV-05""]",IFC's 2015 project-developer guide describes a DSRA as often equivalent to six months of debt service.,SRC-IFC-SOLAR-GUIDE-2015,official_guidance,International Finance Corporation,Utility-Scale Solar Photovoltaic Power Plants - A Project Developer's Guide,2015,section 15.4.1; printed page 179; PDF page 187,https://documents1.worldbank.org/curated/en/690161467992462412/pdf/99396-WP-Box393199B-PUBLIC-IFC-Solar-Report-Web-08-05.pdf,2026-08-12T10:03:24+05:30,IFC_Utility_Scale_Solar_Project_Developer_Guide_2015.pdf,d908e55d40c035fa97c823cff642461598f39ad8986ca23b06a53e3b2764a1d5,IFC_Utility_Scale_Solar_Project_Developer_Guide_2015.txt,1056eb25aff641de1e14722bc7f400a9bdc4d5eed8c89556c3d64052a1e14153,supports,financing_precedent,,The guide describes six months as a common DSRA example and explains that the reserve covers debt shortfalls and is replenished if drawn.,"This is generic 2015 solar-developer guidance, not IFC credit policy, not a 9-12-month requirement, and not a substitute for DutchBay financing documents.","[{""path"":""sources/original/IFC_Utility_Scale_Solar_Project_Developer_Guide_2015.pdf"",""sha256"":""d908e55d40c035fa97c823cff642461598f39ad8986ca23b06a53e3b2764a1d5"",""role"":""publisher_original"",""label"":""archived source""},{""path"":""sources/converted/IFC_Utility_Scale_Solar_Project_Developer_Guide_2015.txt"",""sha256"":""1056eb25aff641de1e14722bc7f400a9bdc4d5eed8c89556c3d64052a1e14153"",""role"":""controlled_conversion"",""label"":""lossless text conversion""}]",,,,,
PSR-0017,DFI-DSCR-IFC-GENERIC,"[""P3-COV-01""]",IFC's 2015 project-developer guide gives broad solar-project DSCR examples of at least 1.3x or 1.5x for merchant projects.,SRC-IFC-SOLAR-GUIDE-2015,official_guidance,International Finance Corporation,Utility-Scale Solar Photovoltaic Power Plants - A Project Developer's Guide,2015,section 15.4.3; printed page 179; PDF page 187,https://documents1.worldbank.org/curated/en/690161467992462412/pdf/99396-WP-Box393199B-PUBLIC-IFC-Solar-Report-Web-08-05.pdf,2026-08-12T10:03:24+05:30,IFC_Utility_Scale_Solar_Project_Developer_Guide_2015.pdf,d908e55d40c035fa97c823cff642461598f39ad8986ca23b06a53e3b2764a1d5,IFC_Utility_Scale_Solar_Project_Developer_Guide_2015.txt,1056eb25aff641de1e14722bc7f400a9bdc4d5eed8c89556c3d64052a1e14153,supports,financing_precedent,,The guide lists broad typical terms for solar PV projects including DSCR of at least 1.3x or 1.5x for merchant projects.,"The wording is illustrative guidance for solar PV; it does not prescribe one universal band for DSCR, LLCR, and PLCR or determine DutchBay covenant levels.","[{""path"":""sources/original/IFC_Utility_Scale_Solar_Project_Developer_Guide_2015.pdf"",""sha256"":""d908e55d40c035fa97c823cff642461598f39ad8986ca23b06a53e3b2764a1d5"",""role"":""publisher_original"",""label"":""archived source""},{""path"":""sources/converted/IFC_Utility_Scale_Solar_Project_Developer_Guide_2015.txt"",""sha256"":""1056eb25aff641de1e14722bc7f400a9bdc4d5eed8c89556c3d64052a1e14153"",""role"":""controlled_conversion"",""label"":""lossless text conversion""}]",,,,,
PSR-0018,DFI-DSRA-ADB-BURGOS,"[""P3-COV-05""]",An ADB-financed wind precedent maintained a six-month offshore DSRA while parent-guaranteed debt remained in place.,SRC-ADB-BURGOS-XARR-2019,official_project_document,Asian Development Bank,EDC Burgos Wind Power Corporation 150-Megawatt Burgos Wind Farm Project - Extended Annual Review Report,October 2019,paragraph 21; printed page 7; PDF page 17,https://www.adb.org/sites/default/files/project-documents/48325/48325-001-xarr-en.pdf,2026-08-12T10:03:24+05:30,ADB_Burgos_Wind_Farm_Extended_Annual_Review_2019.pdf,32bd4fa2992c68db1e6929f2a8d2e61e821f8a38fc54b8f70839a960f4b90a92,ADB_Burgos_Wind_Farm_Extended_Annual_Review_2019.txt,f764e3c2261b740912f87a235559207ebd67b634ef3dd9ef701e9130b0a1f84a,supports,financing_precedent,,The review records an offshore DSRA covering scheduled principal and interest for the next six months and an EDC parent guarantee expected to remain until 2022.,This is one Philippines wind-refinancing precedent with transaction-specific support. It does not establish a universal ADB policy or DutchBay requirement.,"[{""path"":""sources/original/ADB_Burgos_Wind_Farm_Extended_Annual_Review_2019.pdf"",""sha256"":""32bd4fa2992c68db1e6929f2a8d2e61e821f8a38fc54b8f70839a960f4b90a92"",""role"":""publisher_original"",""label"":""archived source""},{""path"":""sources/converted/ADB_Burgos_Wind_Farm_Extended_Annual_Review_2019.txt"",""sha256"":""f764e3c2261b740912f87a235559207ebd67b634ef3dd9ef701e9130b0a1f84a"",""role"":""controlled_conversion"",""label"":""lossless text conversion""}]",,,,,
PSR-0019,FIN-DSCR-DEFINITION,"[""P5-FIN-003""]",DSCR divides period CFADS by principal and interest debt service for that period.,SRC-WBG-BD-PPP-HANDBOOK-2024,official_guidance,Public Private Partnership Authority of Bangladesh with World Bank Group support,Public Private Partnership Handbook,2024,glossary; printed and PDF page 76,https://documents1.worldbank.org/curated/en/099011524111939011/pdf/P17218315f839d0d18db4145d96004bea4.pdf,2026-08-12T10:03:24+05:30,WBG_PPP_Handbook_2024.pdf,6c0b3eac82b5e5d822bcdf1692a1d2b0ce46b31769e10764e45441729272c635,WBG_PPP_Handbook_2024.txt,ba5716a8b1d4052dc5f324bfd4275e1aa21628d1434f64a3349fe6dc9307b6cc,supports,ratio_definition,,The handbook defines DSCR at period t as CFADS for that period divided by principal and interest due for the period.,"This high-level glossary does not define DutchBay's fee, tax, reserve, working-capital, or account-waterfall treatment and is not a lender term sheet.","[{""path"":""sources/original/WBG_PPP_Handbook_2024.pdf"",""sha256"":""6c0b3eac82b5e5d822bcdf1692a1d2b0ce46b31769e10764e45441729272c635"",""role"":""publisher_original"",""label"":""archived source""},{""path"":""sources/converted/WBG_PPP_Handbook_2024.txt"",""sha256"":""ba5716a8b1d4052dc5f324bfd4275e1aa21628d1434f64a3349fe6dc9307b6cc"",""role"":""controlled_conversion"",""label"":""lossless text conversion""}]",,,,,
PSR-0020,FIN-LLCR-DEFINITION,"[""P5-FIN-004""]",LLCR divides the NPV of future CFADS through loan maturity by debt outstanding at the measurement date.,SRC-WBG-BD-PPP-HANDBOOK-2024,official_guidance,Public Private Partnership Authority of Bangladesh with World Bank Group support,Public Private Partnership Handbook,2024,glossary; printed and PDF page 77,https://documents1.worldbank.org/curated/en/099011524111939011/pdf/P17218315f839d0d18db4145d96004bea4.pdf,2026-08-12T10:03:24+05:30,WBG_PPP_Handbook_2024.pdf,6c0b3eac82b5e5d822bcdf1692a1d2b0ce46b31769e10764e45441729272c635,WBG_PPP_Handbook_2024.txt,ba5716a8b1d4052dc5f324bfd4275e1aa21628d1434f64a3349fe6dc9307b6cc,supports,ratio_definition,,The handbook defines LLCR as NPV of future CFADS from period t through the end of the loan divided by outstanding debt at period t.,"The glossary does not select a discount curve or define DSRA, bridge, tranche, maturity, or timing treatment for DutchBay.","[{""path"":""sources/original/WBG_PPP_Handbook_2024.pdf"",""sha256"":""6c0b3eac82b5e5d822bcdf1692a1d2b0ce46b31769e10764e45441729272c635"",""role"":""publisher_original"",""label"":""archived source""},{""path"":""sources/converted/WBG_PPP_Handbook_2024.txt"",""sha256"":""ba5716a8b1d4052dc5f324bfd4275e1aa21628d1434f64a3349fe6dc9307b6cc"",""role"":""controlled_conversion"",""label"":""lossless text conversion""}]",,,,,
PSR-0021,FIN-PLCR-DEFINITION,"[""P5-FIN-004""]",PLCR uses future CFADS through project life rather than only loan life in the numerator.,SRC-WBG-BD-PPP-HANDBOOK-2024,official_guidance,Public Private Partnership Authority of Bangladesh with World Bank Group support,Public Private Partnership Handbook,2024,glossary; printed and PDF page 78,https://documents1.worldbank.org/curated/en/099011524111939011/pdf/P17218315f839d0d18db4145d96004bea4.pdf,2026-08-12T10:03:24+05:30,WBG_PPP_Handbook_2024.pdf,6c0b3eac82b5e5d822bcdf1692a1d2b0ce46b31769e10764e45441729272c635,WBG_PPP_Handbook_2024.txt,ba5716a8b1d4052dc5f324bfd4275e1aa21628d1434f64a3349fe6dc9307b6cc,supports,ratio_definition,,The handbook defines PLCR as NPV of future CFADS from period t through project life divided by outstanding debt at period t.,PLCR is definitionally distinct from LLCR. The source supplies no universal covenant threshold and no DutchBay transaction term.,"[{""path"":""sources/original/WBG_PPP_Handbook_2024.pdf"",""sha256"":""6c0b3eac82b5e5d822bcdf1692a1d2b0ce46b31769e10764e45441729272c635"",""role"":""publisher_original"",""label"":""archived source""},{""path"":""sources/converted/WBG_PPP_Handbook_2024.txt"",""sha256"":""ba5716a8b1d4052dc5f324bfd4275e1aa21628d1434f64a3349fe6dc9307b6cc"",""role"":""controlled_conversion"",""label"":""lossless text conversion""}]",,,,,
PSR-0022,AUDIT-P2-POPULATION,"[""EVAL-09""]",The immutable P2 refuter files adjudicate 29 candidates: 25 live findings and four closed dispositions.,SRC-AUDIT-P2-VERDICTS,repository_evidence,DutchBay audit,Finance Correctness Findings and six P2 refuter-verdict files,audit cutoff 2026-08-11,ranked table plus closed table; raw/P2_r1 through P2_r6,,2026-08-12T10:03:24+05:30,02_finance_correctness_findings.md,1c0e11501a41b283edb41a9a8e97ec397422694d62e2188b198469d23b74edbc,,,contradicts,audit_arithmetic,,"Direct enumeration gives 14 confirmed, 11 partially confirmed, one refuted, and three not-a-defect-by-design verdicts across 29 candidates; the 25-row ranked table is the live subset.",The audit's published 25-total and 12/10/1/2 breakdown conflates the live subset with the full population. The reconciliation preserves all six verdict-file hashes.,"[{""path"":""sources/original/02_finance_correctness_findings.md"",""sha256"":""1c0e11501a41b283edb41a9a8e97ec397422694d62e2188b198469d23b74edbc"",""role"":""publisher_original"",""label"":""archived source""},{""path"":""reproductions/p2_population_reconciliation.v2.json"",""sha256"":""e357fca869e3b14f97d66bb0a011f220fa161c8c39341d38e76017931aed7455"",""role"":""controlled_reproduction"",""label"":""independently recomputable 29-candidate reconciliation""}]",,,,,
PSR-0023,MC-RISK-IFC-SENSITIVITY,"[""P3-MCFX-02""]","Official IFC developer guidance identifies tariff, capex, energy yield, opex, interest and financing costs as lender-facing stress/sensitivity variables.",SRC-IFC-SOLAR-GUIDE-2015,official_guidance,International Finance Corporation,Utility-Scale Solar Photovoltaic Power Plants - A Project Developer's Guide,2015,sections 15.4.2 and financial-modelling checklist; printed pages 178-181,https://documents1.worldbank.org/curated/en/690161467992462412/pdf/99396-WP-Box393199B-PUBLIC-IFC-Solar-Report-Web-08-05.pdf,2026-08-16T10:38:18+05:30,IFC_Utility_Scale_Solar_Project_Developer_Guide_2015.pdf,d908e55d40c035fa97c823cff642461598f39ad8986ca23b06a53e3b2764a1d5,IFC_Utility_Scale_Solar_Project_Developer_Guide_2015.txt,1056eb25aff641de1e14722bc7f400a9bdc4d5eed8c89556c3d64052a1e14153,supports,risk_treatment_guidance,,"The guide describes lender sensitivity analysis around key project variables, independent verification, stress/scenario analysis, and presentation of debt-service results.",This generic solar-developer guidance does not require every material risk to be a joint Monte Carlo dimension and does not specify DutchBay distributions or correlations.,"[{""path"":""sources/original/IFC_Utility_Scale_Solar_Project_Developer_Guide_2015.pdf"",""sha256"":""d908e55d40c035fa97c823cff642461598f39ad8986ca23b06a53e3b2764a1d5"",""role"":""publisher_original"",""label"":""archived source""},{""path"":""sources/converted/IFC_Utility_Scale_Solar_Project_Developer_Guide_2015.txt"",""sha256"":""1056eb25aff641de1e14722bc7f400a9bdc4d5eed8c89556c3d64052a1e14153"",""role"":""controlled_conversion"",""label"":""lossless text conversion""}]",,,,,
PSR-0024,MC-RISK-WBG-PPP-UNIVERSE,"[""P3-MCFX-02""]","Official WBG-supported PPP guidance calls for comprehensive risk identification and allows qualitative and/or quantitative treatment, including Monte Carlo and sensitivity analysis.",SRC-WBG-BD-PPP-HANDBOOK-2024,official_guidance,Public Private Partnership Authority of Bangladesh with World Bank Group support,Public Private Partnership Handbook,2024,section 5.2.1; printed/PDF pages 46-48,https://documents1.worldbank.org/curated/en/099011524111939011/pdf/P17218315f839d0d18db4145d96004bea4.pdf,2026-08-16T10:38:18+05:30,WBG_PPP_Handbook_2024.pdf,6c0b3eac82b5e5d822bcdf1692a1d2b0ce46b31769e10764e45441729272c635,WBG_PPP_Handbook_2024.txt,ba5716a8b1d4052dc5f324bfd4275e1aa21628d1434f64a3349fe6dc9307b6cc,supports,risk_treatment_guidance,,"The handbook identifies a broad project-risk universe, requires a risk matrix, and distinguishes qualitative assessment from quantitative tools such as Monte Carlo and sensitivity analysis.","It supports identification and appropriate treatment of material risks, not a universal rule that all risks must be sampled together or a DutchBay-specific stochastic design.","[{""path"":""sources/original/WBG_PPP_Handbook_2024.pdf"",""sha256"":""6c0b3eac82b5e5d822bcdf1692a1d2b0ce46b31769e10764e45441729272c635"",""role"":""publisher_original"",""label"":""archived source""},{""path"":""sources/converted/WBG_PPP_Handbook_2024.txt"",""sha256"":""ba5716a8b1d4052dc5f324bfd4275e1aa21628d1434f64a3349fe6dc9307b6cc"",""role"":""controlled_conversion"",""label"":""lossless text conversion""}]",,,,,
PSR-0025,MC-RISK-WB-SRI-LANKA,"[""P3-MCFX-02""]",The 2025 Sri Lanka PAD uses simultaneous Monte Carlo variation for selected economic uncertainties and separately records CEB/offtaker payment risk.,SRC-WB-SL-P505052,official_project_document,World Bank / International Development Association,"Secure, Affordable, and Sustainable Energy for Sri Lanka - Project Appraisal Document",Report PADHI01081; 2025-05-28,paragraphs 62 and 91; document pages 18 and 24,https://documents1.worldbank.org/curated/en/099060225172533511/pdf/BOSIB-a7b2bf1c-4071-4973-a1c9-25010992af83.pdf,2026-08-16T10:38:18+05:30,World_Bank_IDA_Sri_Lanka_Renewable_Energy_2025_PAD.pdf,a3ca5d93fea55725f9655124802ba49a55b11fcbfd37bc6a7e389f9fcb8b19a0,World_Bank_IDA_Sri_Lanka_Renewable_Energy_2025_PAD.txt,34b8f16ce2c639ab99486c6782c443216fea5ca36e1979a127889bda4bf2e9e2,supports,financing_precedent,,"The PAD reports Monte Carlo analysis of selected simultaneous uncertainties including capex overruns and construction delays, while separately rating sector/offtaker payment risk.","This programme economic analysis is precedent, not the DutchBay lender model, and does not prove that every separately identified risk belongs in one joint finance-MC distribution.","[{""path"":""sources/original/World_Bank_IDA_Sri_Lanka_Renewable_Energy_2025_PAD.pdf"",""sha256"":""a3ca5d93fea55725f9655124802ba49a55b11fcbfd37bc6a7e389f9fcb8b19a0"",""role"":""publisher_original"",""label"":""archived source""},{""path"":""sources/converted/World_Bank_IDA_Sri_Lanka_Renewable_Energy_2025_PAD.txt"",""sha256"":""34b8f16ce2c639ab99486c6782c443216fea5ca36e1979a127889bda4bf2e9e2"",""role"":""controlled_conversion"",""label"":""lossless text conversion""}]",,,,,
PSR-0026,MC-IMAN-CONOVER-SOURCE-GAP,"[""P5-MC-001""]","Iman and Conover published a distribution-free rank-correlation method, but its full algorithm text was not obtained for this remediation cutoff.",SRC-IMAN-CONOVER-1980-1982-METADATA,official_catalogue_record,Sandia National Laboratories / Communications in Statistics,A distribution-free approach to inducing rank correlation among input variables,technical report 1980; journal article 1982,OSTI abstract/metadata and Crossref bibliographic record; full text unavailable,https://www.osti.gov/biblio/6663566,2026-08-16T10:38:18+05:30,p5/iman_conover_1980_osti_record.html,2d8bd1409d2e72b27a8efb44c4f8f33aace5530b4371eefe493635a64c25ddb7,,,context_only,source_gap,,Official metadata describes a distribution-free procedure that preserves marginals and induces a desired rank-correlation matrix.,"The OSTI full-text endpoint returned HTTP 404 at the cutoff and no journal full text was archived. Metadata cannot verify the precise transform, correction matrix, or DutchBay implementation conformance.","[{""path"":""sources/original/p5/iman_conover_1980_osti_record.html"",""sha256"":""2d8bd1409d2e72b27a8efb44c4f8f33aace5530b4371eefe493635a64c25ddb7"",""role"":""publisher_original"",""label"":""archived source""},{""path"":""sources/original/p5/iman_conover_1980_osti_metadata.json"",""sha256"":""348bedf6e56a2c15931c4898437a4e68cf366bc7bba1bb09d95657d71acf7479"",""role"":""official_metadata"",""label"":""OSTI metadata""},{""path"":""sources/original/p5/iman_conover_1982_crossref_metadata.json"",""sha256"":""b36b993d7107dcc7a3eb3445cea939a06d08bb9b69a2e62674c57fa789c9054d"",""role"":""official_metadata"",""label"":""Crossref journal metadata""}]",,,,,
PSR-0027,MC-LHS-DEFINITION,"[""P5-MC-001""]",Latin hypercube sampling partitions each marginal range into equal-probability strata and permutes component assignments.,SRC-MCKAY-BECKMAN-CONOVER-1979,academic_primary,Technometrics,Comparison of Three Methods for Selecting Values of Input Variables in the Analysis of Output from a Computer Code,1979; volume 21 issue 2,"section 8.3; journal pages 239-245, especially page 243",https://doi.org/10.1080/00401706.1979.10489755,2026-08-16T10:38:18+05:30,p5/McKay_Beckman_Conover_1979_LHS.pdf,45baafb7013b3404258d6b72b797d770498902db6b0b9657497dec7521c4a344,p5/mckay_beckman_conover_1979_primary_scan.md,dcc4b086d64fb647c6917672b1be6c43e03e68a050061a2ebcaf2b99465b73d3,supports,method_definition,,The primary paper defines the marginal stratification and permutation mechanics of Latin hypercube sampling.,This defines LHS mechanics; it does not validate DutchBay's approximate Gaussian-score rank-reordering as the corrected Iman-Conover algorithm.,"[{""path"":""sources/original/p5/McKay_Beckman_Conover_1979_LHS.pdf"",""sha256"":""45baafb7013b3404258d6b72b797d770498902db6b0b9657497dec7521c4a344"",""role"":""publisher_original"",""label"":""archived source""},{""path"":""sources/converted/p5/mckay_beckman_conover_1979_primary_scan.md"",""sha256"":""dcc4b086d64fb647c6917672b1be6c43e03e68a050061a2ebcaf2b99465b73d3"",""role"":""controlled_conversion"",""label"":""lossless text conversion""},{""path"":""sources/original/p5/mckay_beckman_conover_1979_crossref_metadata.json"",""sha256"":""8c54c73b39940c91b7f2084e7c0830bd0fc1307aceb7fec134d07b8b58eb3c40"",""role"":""official_metadata"",""label"":""Crossref metadata""},{""path"":""sources/original/p5/mckay_beckman_conover_1979_osti_metadata.json"",""sha256"":""fba82a5a8b72422b9df0a94e91ed4f1d3f11fc79497df26253e7780eb9e0529b"",""role"":""official_metadata"",""label"":""OSTI metadata""}]",,,,,
PSR-0028,MC-SCIPY-SOBOL-CONTRACT,"[""P5-MC-002""]","SciPy 1.17.1 implements LMS-plus-shift scrambled Sobol sampling; random_base2 uses powers of two, while independent scrambles are the basis for error estimation.",SRC-SCIPY-1.17.1-QMC,official_source_code,SciPy project,scipy.stats.qmc.Sobol source,v1.17.1; tag object c59ed93db11e721de841c00f44b8d8b9c16a2548,scipy/stats/_qmc.py lines 1609-1710 and 1888-1917,https://github.com/scipy/scipy/blob/v1.17.1/scipy/stats/_qmc.py,2026-08-16T10:38:18+05:30,p5/SciPy_v1.17.1_scipy_stats_qmc.py,2b26111475f4d1aff68a920fc3c78811321b3b8315a302f2782b411fc2fe8911,,,supports,software_contract,,"The exact tagged source documents scrambling, the power-of-two balance guarantee, the non-power-of-two warning, and independent-scramble error-estimation use.","This verifies locked-library behavior only. It does not establish DutchBay convergence, replicated RQMC errors, SciPy-floor compatibility, or a research-SOTA differentiator.","[{""path"":""sources/original/p5/SciPy_v1.17.1_scipy_stats_qmc.py"",""sha256"":""2b26111475f4d1aff68a920fc3c78811321b3b8315a302f2782b411fc2fe8911"",""role"":""publisher_original"",""label"":""archived source""},{""path"":""sources/original/p5/SciPy_v1.17.1_tag.json"",""sha256"":""f5737e50227ceedce773d55c9aaed1596cb440939b78c6b6905e995906b54149"",""role"":""official_release_record"",""label"":""GitHub tag reference""},{""path"":""sources/original/p5/scipy_v1.17.1_release_metadata.json"",""sha256"":""00d376f50929b66704a54a19b13719a93c1445af2800cc9738ec8ee5bea1b33c"",""role"":""official_release_record"",""label"":""GitHub release metadata""}]",,,,,
PSR-0029,MC-GAUSSIAN-COPULA-TAIL,"[""P5-MC-003""]",A non-degenerate Gaussian copula is asymptotically tail-independent under the classical coefficient.,SRC-FURMAN-ET-AL-2016,academic_primary,"Furman, Kuznetsov, Su and Zitikis",Tail dependence of the Gaussian copula revisited,2016 preprint,Corollary 1 and surrounding discussion; manuscript pages 8-9,https://arxiv.org/abs/1607.04376,2026-08-16T10:38:18+05:30,p5/Furman_Kuznetsov_Su_Zitikis_2016_Gaussian_copula_tail.pdf,686ace21569decfa8f6b608a1b9a6bfc4317747fc3c6783cd1b7d62fa633122f,p5/furman_kuznetsov_su_zitikis_2016_gaussian_copula_tail.md,d65d88980f8dfb1c177970f0b95d4f6c304f7261d0f480ddac324bbd3edcbf1c,supports,methodology_boundary,,The paper establishes zero classical Gaussian-copula tail-dependence for correlations below perfect dependence.,"The mathematical property does not determine whether Gaussian dependence is acceptable for DutchBay; calibration, tail stress and transaction risk appetite remain owner judgments.","[{""path"":""sources/original/p5/Furman_Kuznetsov_Su_Zitikis_2016_Gaussian_copula_tail.pdf"",""sha256"":""686ace21569decfa8f6b608a1b9a6bfc4317747fc3c6783cd1b7d62fa633122f"",""role"":""publisher_original"",""label"":""archived source""},{""path"":""sources/converted/p5/furman_kuznetsov_su_zitikis_2016_gaussian_copula_tail.md"",""sha256"":""d65d88980f8dfb1c177970f0b95d4f6c304f7261d0f480ddac324bbd3edcbf1c"",""role"":""controlled_conversion"",""label"":""lossless text conversion""}]",,,,,
PSR-0030,SA-SALIB-SOBOL-CONTRACT,"[""P5-SA-001"",""P5-SA-002""]",SALib 1.5.2 implements Sobol sampling and A/B/AB/BA result analysis with defined sample structures.,SRC-SALIB-1.5.2-SOBOL,official_source_code,SALib project,SALib Sobol sampler and analyzer source,v1.5.2; commit 55e7079a93c05b216e3b4dac99977be788a08cb2,src/SALib/sample/sobol.py and src/SALib/analyze/sobol.py,https://github.com/SALib/SALib/tree/v1.5.2/src/SALib,2026-08-16T10:38:18+05:30,p5/salib_v1.5.2_sample_sobol.py,7600919e3875162d8a59a29965683daa86e1fb8f1c0c56874757dd95ffe98d9a,,,supports,software_contract,,The exact tagged source defines the sampler and the D+2 or 2D+2 A/B/AB/BA output layout used by the analyzer.,"Library conformance does not establish DutchBay sample sufficiency, convergence, rank stability, or freedom from bias when wrapper code deletes output-dependent rows.","[{""path"":""sources/original/p5/salib_v1.5.2_sample_sobol.py"",""sha256"":""7600919e3875162d8a59a29965683daa86e1fb8f1c0c56874757dd95ffe98d9a"",""role"":""publisher_original"",""label"":""archived source""},{""path"":""sources/original/p5/salib_v1.5.2_analyze_sobol.py"",""sha256"":""32b5c6b0ce24a887bb1a252e50297bdbc71b3328ca9e3e5a4640320a3d1cf97e"",""role"":""official_source_code"",""label"":""Sobol analyzer""},{""path"":""sources/original/p5/SALib_v1.5.2_tag.json"",""sha256"":""6ab546819db303a68bcc1bd0abb2adb7892cd58162fc3baa679a45636d20a8c6"",""role"":""official_release_record"",""label"":""GitHub tag reference""},{""path"":""sources/original/p5/SALib_v1.5.2.tar.gz"",""sha256"":""de0e88d1fd7df5574573c70a0e1933faab136b2845e64d7ad65ebb883e6cc69e"",""role"":""publisher_original"",""label"":""official release tarball""}]",,,,,
PSR-0031,SA-SALTELLI-SOBOL-ESTIMATORS,"[""P5-SA-001"",""P5-SA-002""]",Saltelli describes efficient model-evaluation designs for computing variance-based sensitivity indices.,SRC-SALTELLI-2002,academic_primary,Computer Physics Communications,Making best use of model evaluations to compute sensitivity indices,2002; volume 145,full paper; journal pages 280-297,https://doi.org/10.1016/S0010-4655(02)00280-1,2026-08-16T10:38:18+05:30,p5/saltelli_2002_primary_author_copy.pdf,2d4f2755e017ba0e6246931a1eb524f15755a80a79be5e575f28d75c48cdb8f4,p5/saltelli_2002_primary_author_copy.md,d460ef76e207b90fba01effe552a2ada1fc45309888ec25c89753f47d8c69299,supports,method_definition,,The primary paper supplies the variance-based sensitivity-index sampling/estimation framework referenced by SALib.,It does not prescribe DutchBay sample sizes or validate wrapper handling of non-finite model outputs.,"[{""path"":""sources/original/p5/saltelli_2002_primary_author_copy.pdf"",""sha256"":""2d4f2755e017ba0e6246931a1eb524f15755a80a79be5e575f28d75c48cdb8f4"",""role"":""publisher_original"",""label"":""archived source""},{""path"":""sources/converted/p5/saltelli_2002_primary_author_copy.md"",""sha256"":""d460ef76e207b90fba01effe552a2ada1fc45309888ec25c89753f47d8c69299"",""role"":""controlled_conversion"",""label"":""lossless text conversion""},{""path"":""sources/original/p5/saltelli_2002_crossref_metadata.json"",""sha256"":""4669a48cc7dff8f62fb8c87435afadb93fa7975add0175d84178c25d56e1c98b"",""role"":""official_metadata"",""label"":""Crossref metadata""}]",,,,,
PSR-0032,SA-MORRIS-METHOD,"[""P5-SA-001"",""P5-SA-002""]",Morris screening uses randomized one-factor-at-a-time elementary effects and summarizes their central tendency and spread.,SRC-MORRIS-1991,academic_primary,Technometrics,Factorial Sampling Plans for Preliminary Computational Experiments,1991; volume 33 issue 2,sections 2-4; journal pages 161-174,https://doi.org/10.1080/00401706.1991.10484804,2026-08-16T10:38:18+05:30,p5/Morris_1991_factorial_sampling_plans.pdf,4153f39f14384c3a126773f46f6fe6d5fb045f42f9a706349d216a5c793a4567,p5/morris_1991_primary_scan.md,60bf1c2bb9ee775443b81b007861da1a3c28f849447d6e54e7b64927265cffaa,supports,method_definition,,The primary paper defines the elementary-effects screening design and its interpretation.,It does not establish a universal DutchBay trajectory count or convergence threshold.,"[{""path"":""sources/original/p5/Morris_1991_factorial_sampling_plans.pdf"",""sha256"":""4153f39f14384c3a126773f46f6fe6d5fb045f42f9a706349d216a5c793a4567"",""role"":""publisher_original"",""label"":""archived source""},{""path"":""sources/converted/p5/morris_1991_primary_scan.md"",""sha256"":""60bf1c2bb9ee775443b81b007861da1a3c28f849447d6e54e7b64927265cffaa"",""role"":""controlled_conversion"",""label"":""lossless text conversion""},{""path"":""sources/original/p5/morris_1991_crossref_metadata.json"",""sha256"":""c3f6aa36c5af3d8bda3578570b4489ef7e4971244374359921f4870b452899df"",""role"":""official_metadata"",""label"":""Crossref metadata""}]",,,,,
PSR-0033,SA-ENHANCED-MORRIS,"[""P5-SA-001"",""P5-SA-002""]","Campolongo, Cariboni and Saltelli propose an enhanced Morris design and the absolute-mean elementary-effect statistic.",SRC-CAMPOLONGO-ET-AL-2007,academic_primary,Environmental Modelling & Software,An effective screening design for sensitivity analysis of large models,2007; volume 22 issue 10,full paper; journal pages 1509-1518,https://doi.org/10.1016/j.envsoft.2006.10.004,2026-08-16T10:38:18+05:30,p5/Campolongo_Cariboni_Saltelli_2007_effective_screening.pdf,65486ab3ce3b7d35113e6e219e5804cfbbe5d9a0cd682f3bbec7c388b3bf566b,p5/campolongo_cariboni_saltelli_2007_effective_screening.md,d72609edb00c2b5b60fe68608a7842a805fdc611dac7786566513774508a62ed,supports,method_definition,,The paper supplies the enhanced trajectory-selection and mu-star methodology used in modern Morris implementations.,"The method paper does not prove the adequacy of DutchBay's chosen runs, seeds or acceptance thresholds.","[{""path"":""sources/original/p5/Campolongo_Cariboni_Saltelli_2007_effective_screening.pdf"",""sha256"":""65486ab3ce3b7d35113e6e219e5804cfbbe5d9a0cd682f3bbec7c388b3bf566b"",""role"":""publisher_original"",""label"":""archived source""},{""path"":""sources/converted/p5/campolongo_cariboni_saltelli_2007_effective_screening.md"",""sha256"":""d72609edb00c2b5b60fe68608a7842a805fdc611dac7786566513774508a62ed"",""role"":""controlled_conversion"",""label"":""lossless text conversion""},{""path"":""sources/original/p5/campolongo_et_al_2007_crossref_metadata.json"",""sha256"":""3226a36db5353adbe744c7d79d4a2b500739e7046404cad7618966608faced88"",""role"":""official_metadata"",""label"":""Crossref metadata""}]",,,,,
PSR-0034,SA-SALIB-MORRIS-CONTRACT,"[""P5-SA-001"",""P5-SA-002""]","SALib 1.5.2 exposes Morris sampling and mu, mu-star and sigma analysis consistent with its cited method family.",SRC-SALIB-1.5.2-MORRIS,official_source_code,SALib project,SALib Morris sampler and analyzer source,v1.5.2; commit 55e7079a93c05b216e3b4dac99977be788a08cb2,src/SALib/sample/morris.py and src/SALib/analyze/morris.py,https://github.com/SALib/SALib/tree/v1.5.2/src/SALib,2026-08-16T10:38:18+05:30,p5/salib_v1.5.2_sample_morris.py,15abcc26cf21a21b8f0fff86d96d33134b920153106fc9f73f09b29dd4afe9ec,,,supports,software_contract,,The exact tagged source provides the implemented Morris sampling and result-statistic contract.,The library contract does not validate project-specific sample sufficiency or downstream row-deletion policy.,"[{""path"":""sources/original/p5/salib_v1.5.2_sample_morris.py"",""sha256"":""15abcc26cf21a21b8f0fff86d96d33134b920153106fc9f73f09b29dd4afe9ec"",""role"":""publisher_original"",""label"":""archived source""},{""path"":""sources/original/p5/salib_v1.5.2_analyze_morris.py"",""sha256"":""c81b5aefc88fea6e2b18b70fca65e6efd7a7dc37db63970ed35bc2c80ad6dde5"",""role"":""official_source_code"",""label"":""Morris analyzer""},{""path"":""sources/original/p5/SALib_v1.5.2_tag.json"",""sha256"":""6ab546819db303a68bcc1bd0abb2adb7892cd58162fc3baa679a45636d20a8c6"",""role"":""official_release_record"",""label"":""GitHub tag reference""}]",,,,,
PSR-0035,SA-PAWN-2015-METADATA,"[""P5-SA-002""]",Pianosi and Wagener introduced PAWN as a distribution-based sensitivity method comparing output CDFs.,SRC-PIANOSI-WAGENER-2015-RECORD,academic_primary,University of Bristol / Environmental Modelling & Software,A simple and efficient method for global sensitivity analysis based on cumulative distribution functions,2015; volume 67,institutional publication record and abstract; journal pages 1-11,https://doi.org/10.1016/j.envsoft.2015.01.004,2026-08-16T10:38:18+05:30,p5/pianosi_wagener_2015_bristol_record.html,276529f26843648e461be1342b0944a6f60d07e2efa0969ae4442e8d815958aa,,,context_only,method_definition,,The institutional record and metadata identify the original PAWN CDF-based method and publication.,"The 2015 full paper was not archived; method detail is therefore grounded in the archived 2018 primary follow-up and exact SALib source, not this metadata alone.","[{""path"":""sources/original/p5/pianosi_wagener_2015_bristol_record.html"",""sha256"":""276529f26843648e461be1342b0944a6f60d07e2efa0969ae4442e8d815958aa"",""role"":""publisher_original"",""label"":""archived source""},{""path"":""sources/original/p5/pianosi_wagener_2015_crossref_metadata.json"",""sha256"":""760f7fa79300a7fd0dd0f338c63c1542747cdcbd8f8dc0d423ee389c6d1e7af1"",""role"":""official_metadata"",""label"":""Crossref metadata""}]",,,,,
PSR-0036,SA-PAWN-GENERIC-SAMPLE,"[""P5-SA-002""]","PAWN can be estimated from a generic input-output sample using conditional and unconditional output CDF distances, with robustness checks and dummy factors.",SRC-PIANOSI-WAGENER-2018,academic_primary,Environmental Modelling & Software,Distribution-based sensitivity analysis from a generic input-output sample,2018; volume 108,sections 2.1-2.4; journal pages 197-207,https://doi.org/10.1016/j.envsoft.2018.07.019,2026-08-16T10:38:18+05:30,p5/Pianosi_Wagener_2018_distribution_based_sensitivity.pdf,1d7cf17c58ec08f75783972d67229c16bf3588717c759574badcd44477c15939,p5/pianosi_wagener_2018_primary_aam.md,6f23659bd76b4da9a8fd3c6b6d5362d597e7ff42526c82667e3dd2bac399063f,supports,method_definition,,"The primary follow-up defines CDF/KS-based PAWN estimation, generic-sample use and robustness/dummy-factor diagnostics.",It does not prescribe a universal 0.15 noise floor or prove DutchBay sample convergence.,"[{""path"":""sources/original/p5/Pianosi_Wagener_2018_distribution_based_sensitivity.pdf"",""sha256"":""1d7cf17c58ec08f75783972d67229c16bf3588717c759574badcd44477c15939"",""role"":""publisher_original"",""label"":""archived source""},{""path"":""sources/converted/p5/pianosi_wagener_2018_primary_aam.md"",""sha256"":""6f23659bd76b4da9a8fd3c6b6d5362d597e7ff42526c82667e3dd2bac399063f"",""role"":""controlled_conversion"",""label"":""lossless text conversion""},{""path"":""sources/original/p5/pianosi_wagener_2018_crossref_metadata.json"",""sha256"":""f42f7b02418962f5681b43ea022964266236bde8decc1394238e576325b45675"",""role"":""official_metadata"",""label"":""Crossref metadata""}]",,,,,
PSR-0037,SA-SALIB-PAWN-CONTRACT,"[""P5-SA-002""]",SALib 1.5.2 computes PAWN indices from conditional/unconditional empirical CDF distances and reports distribution summaries.,SRC-SALIB-1.5.2-PAWN,official_source_code,SALib project,SALib PAWN analyzer source,v1.5.2; commit 55e7079a93c05b216e3b4dac99977be788a08cb2,src/SALib/analyze/pawn.py,https://github.com/SALib/SALib/blob/v1.5.2/src/SALib/analyze/pawn.py,2026-08-16T10:38:18+05:30,p5/salib_v1.5.2_analyze_pawn.py,923d7d050760e4bae23e6cdd8574e2ffb6c72ed7d7c80677f4d3db4051c2cd49,,,supports,software_contract,,The exact tagged source defines the implemented PAWN CDF/KS calculations and returned statistics.,The source contains no universal project acceptance threshold; DutchBay's noise floor and sample adequacy remain unvalidated.,"[{""path"":""sources/original/p5/salib_v1.5.2_analyze_pawn.py"",""sha256"":""923d7d050760e4bae23e6cdd8574e2ffb6c72ed7d7c80677f4d3db4051c2cd49"",""role"":""publisher_original"",""label"":""archived source""},{""path"":""sources/original/p5/SALib_v1.5.2_tag.json"",""sha256"":""6ab546819db303a68bcc1bd0abb2adb7892cd58162fc3baa679a45636d20a8c6"",""role"":""official_release_record"",""label"":""GitHub tag reference""}]",,,,,
PSR-0038,RISK-CVAR-DISCRETE-DEFINITION,"[""P5-RISK-001""]","For finite samples and scenario distributions, exact CVaR can differ from simple conditional tail means because probability mass at VaR may need fractional allocation.",SRC-ROCKAFELLAR-URYASEV-2002,academic_primary,Journal of Banking & Finance,Conditional Value-at-Risk for General Loss Distributions,2002; author manuscript version 2001-11-28,introduction and Proposition 6; journal pages 1443-1471,https://doi.org/10.1016/S0378-4266(02)00271-6,2026-08-16T10:38:18+05:30,p5/Rockafellar_Uryasev_2002_CVaR_general_distributions.pdf,3787172ff2065c0ca3d233b4aa31b503dff7c327745bd079e0a0d9c17ff4f4ab,p5/rockafellar_uryasev_2002_cvar_general_distributions.md,f94437f73610a9fc81dbb57055c9a5fa34704af4af002bf3b10ebbc701a68f66,supports,method_definition,,The paper treats scenario/finite-sample discreteness and shows that exact CVaR splits probability mass at the VaR boundary to obtain the exact tail probability.,The paper defines the risk measure; DutchBay's numerical impact still requires controlled arrays and governed production-scale reproduction.,"[{""path"":""sources/original/p5/Rockafellar_Uryasev_2002_CVaR_general_distributions.pdf"",""sha256"":""3787172ff2065c0ca3d233b4aa31b503dff7c327745bd079e0a0d9c17ff4f4ab"",""role"":""publisher_original"",""label"":""archived source""},{""path"":""sources/converted/p5/rockafellar_uryasev_2002_cvar_general_distributions.md"",""sha256"":""f94437f73610a9fc81dbb57055c9a5fa34704af4af002bf3b10ebbc701a68f66"",""role"":""controlled_conversion"",""label"":""lossless text conversion""}]",,,,,
PSR-0039,RISK-LENDER-PXX-IFC,"[""P5-RISK-002""]",IFC developer guidance defines P90 energy yield as production reached with 90 percent probability and says investors most often require P90 for financing.,SRC-IFC-SOLAR-GUIDE-2015,official_guidance,International Finance Corporation,Utility-Scale Solar Photovoltaic Power Plants - A Project Developer's Guide,2015,section 2.6.1.2 and energy-yield discussion; printed pages 4 and 19,https://documents1.worldbank.org/curated/en/690161467992462412/pdf/99396-WP-Box393199B-PUBLIC-IFC-Solar-Report-Web-08-05.pdf,2026-08-16T10:38:18+05:30,IFC_Utility_Scale_Solar_Project_Developer_Guide_2015.pdf,d908e55d40c035fa97c823cff642461598f39ad8986ca23b06a53e3b2764a1d5,IFC_Utility_Scale_Solar_Project_Developer_Guide_2015.txt,1056eb25aff641de1e14722bc7f400a9bdc4d5eed8c89556c3d64052a1e14153,supports,energy_yield_convention,,The guide frames P90 as an exceedance probability for energy production and as a commonly required financing case.,"This energy-yield convention does not automatically determine adverse-direction labels for DSCR, IRR, costs, breach probabilities or every model KPI.","[{""path"":""sources/original/IFC_Utility_Scale_Solar_Project_Developer_Guide_2015.pdf"",""sha256"":""d908e55d40c035fa97c823cff642461598f39ad8986ca23b06a53e3b2764a1d5"",""role"":""publisher_original"",""label"":""archived source""},{""path"":""sources/converted/IFC_Utility_Scale_Solar_Project_Developer_Guide_2015.txt"",""sha256"":""1056eb25aff641de1e14722bc7f400a9bdc4d5eed8c89556c3d64052a1e14153"",""role"":""controlled_conversion"",""label"":""lossless text conversion""}]",,,,,
PSR-0040,WIND-LEE-FIELDS-PROPOSED-FRAMEWORK,"[""P5-WIND-001"",""P5-WIND-002""]",Lee and Fields organize published wind losses/uncertainties against a proposed IEC 61400-15 framework and disclose categorization and correlation limitations.,SRC-LEE-FIELDS-2021,academic_primary,Wind Energy Science / National Renewable Energy Laboratory,"An overview of wind-energy-production prediction bias, losses, and uncertainties",2021; volume 6,"sections 2, 4 and 5; journal pages 311-365",https://doi.org/10.5194/wes-6-311-2021,2026-08-16T10:38:18+05:30,p5/Lee_Fields_2021_wind_prediction_bias_losses_uncertainties.pdf,153a3ed55bebb8cbbbbdcd419281bb9aa1b47d5d1fe26b33dee4a8d42141e6e4,p5/lee_fields_2021_wind_prediction_bias_losses_uncertainties.md,68ed77481fc43c655e8c5bb1d056c8518db3361e032ebfe4566082fc91c2a77e,supports,methodology_boundary,,"The review uses a proposed IEC framework, records categories outside it, and cautions that public studies, classifications and uncertainty combinations are incomplete or assumption-dependent.",It is not a final IEC 61400-15-2 standard and does not prescribe DutchBay's six-of-seven taxonomy or a single-rho equicorrelation formula.,"[{""path"":""sources/original/p5/Lee_Fields_2021_wind_prediction_bias_losses_uncertainties.pdf"",""sha256"":""153a3ed55bebb8cbbbbdcd419281bb9aa1b47d5d1fe26b33dee4a8d42141e6e4"",""role"":""publisher_original"",""label"":""archived source""},{""path"":""sources/converted/p5/lee_fields_2021_wind_prediction_bias_losses_uncertainties.md"",""sha256"":""68ed77481fc43c655e8c5bb1d056c8518db3361e032ebfe4566082fc91c2a77e"",""role"":""controlled_conversion"",""label"":""lossless text conversion""}]",,,,,
PSR-0041,WIND-MEASNET-PXX-CONVENTION,"[""P5-WIND-003"",""P5-RISK-002""]","MEASNET normally treats calculated AEP as P50 and derives P75/P90/P95 exceedance values from overall uncertainty, usually under a normal-distribution assumption.",SRC-MEASNET-V3,standard,MEASNET,Evaluation of Site-Specific Wind Conditions,Version 3; September 2022,section 10.4; page 44,https://measnet.com/wp-content/uploads/2026/06/ce599b8a-639f-4b48-992e-a099e1b14956.pdf,2026-08-16T10:38:18+05:30,MEASNET_Evaluation_Site_Specific_Wind_Conditions_v3_2022.pdf,ba41752ad61af65d3fdc28e61788dc7371c6f555780525f8eb7336199faf355e,MEASNET_Evaluation_Site_Specific_Wind_Conditions_v3_2022.md,5b91a3ee1bc7c1a9bd1c5214e7038d3214ac705ebab72f531356da29b06aca16,supports,energy_yield_convention,,MEASNET defines the wind-energy exceedance convention and states that uncertainties are usually assumed normal for deriving financing Pxx values.,"The normal assumption is qualified as usual, not universally validated; it does not prove DutchBay's distribution choice or govern non-energy KPI directions.","[{""path"":""sources/original/MEASNET_Evaluation_Site_Specific_Wind_Conditions_v3_2022.pdf"",""sha256"":""ba41752ad61af65d3fdc28e61788dc7371c6f555780525f8eb7336199faf355e"",""role"":""publisher_original"",""label"":""archived source""},{""path"":""sources/converted/MEASNET_Evaluation_Site_Specific_Wind_Conditions_v3_2022.md"",""sha256"":""5b91a3ee1bc7c1a9bd1c5214e7038d3214ac705ebab72f531356da29b06aca16"",""role"":""controlled_conversion"",""label"":""lossless text conversion""}]",,,,,
PSR-0042,FIN-SCIPY-BISECT-CONTRACT,"[""P5-FIN-002""]",SciPy 1.17.1 bisection requires a sign-changing bracket and uses x-space absolute/relative tolerances rather than an absolute objective-value tolerance.,SRC-SCIPY-1.17.1-BISECT,official_source_code,SciPy project,scipy.optimize.bisect source,v1.17.1; tag object c59ed93db11e721de841c00f44b8d8b9c16a2548,scipy/optimize/_zeros_py.py lines 496-561,https://github.com/scipy/scipy/blob/v1.17.1/scipy/optimize/_zeros_py.py,2026-08-16T10:38:18+05:30,p5/SciPy_v1.17.1_scipy_optimize_zeros_py.py,14f88f1080985eae0af84bb5952da5b994ab2043e7fe5b0c8603839475391161,,,supports,numerical_solver_contract,,The exact tagged source requires opposite endpoint signs and defines convergence with np.isclose in the root variable using xtol and rtol.,SciPy's contract does not itself prove DutchBay's scale-sensitive failure; that conclusion also requires the separate P2 numeric reproduction and repository code inspection.,"[{""path"":""sources/original/p5/SciPy_v1.17.1_scipy_optimize_zeros_py.py"",""sha256"":""14f88f1080985eae0af84bb5952da5b994ab2043e7fe5b0c8603839475391161"",""role"":""publisher_original"",""label"":""archived source""},{""path"":""sources/original/p5/SciPy_v1.17.1_tag.json"",""sha256"":""f5737e50227ceedce773d55c9aaed1596cb440939b78c6b6905e995906b54149"",""role"":""official_release_record"",""label"":""GitHub tag reference""},{""path"":""sources/original/p5/scipy_v1.17.1_release_metadata.json"",""sha256"":""00d376f50929b66704a54a19b13719a93c1445af2800cc9738ec8ee5bea1b33c"",""role"":""official_release_record"",""label"":""GitHub release metadata""}]",,,,,
