{
  "zip": "/mnt/data/dutchbay_unified_project_epc_schema_ready.zip",
  "ast_ok": true,
  "ast_problems": [],
  "missing_handler_targets": [],
  "issues": [
    "AST compile across project (found 1 issues)",
    "artifact upload present (dist/*)",
    "CODEOWNERS present",
    "CONTRIBUTING.md present"
  ],
  "notes": [
    "OK: pyproject.toml exists",
    "OK: [project] section present in pyproject.toml",
    "OK: project.name present",
    "OK: project.version present",
    "OK: package dir dutchbay_v13/ exists",
    "OK: __init__.py present in package",
    "OK: CLI file present",
    "OK: CLI MODES include required modes (['api', 'baseline', 'cashflow', 'debt', 'epc', 'irr', 'montecarlo', 'optimize', 'report', 'scenarios', 'sensitivity', 'utils', 'validate'])",
    "OK: HANDLERS maps 'epc' -> dutchbay_v13.epc::run_epc",
    "OK: All HANDLERS targets exist (non-adapters)",
    "OK: scenario_runner.py exists",
    "OK: run_scenario_matrix present",
    "OK: schema.py present",
    "OK: EPC keys in SCHEMA",
    "OK: schema.md present",
    "OK: tests/ present",
    "OK: CLI tests exist",
    "OK: validator tests exist",
    "Found tests: ['tests/test_imports.py', 'tests/test_cli_smoke.py', 'tests/test_irr.py', 'tests/test_debt.py', 'tests/test_dscr.py', 'tests/test_scenarios.py', 'tests/test_scenarios_jsonl_and_validator.py', 'tests/test_schema_validation.py', 'tests/test_cli_format_flag.py', 'tests/test_save_annual_and_charts.py', 'tests/test_cli_tornado_flags.py', 'tests/test_debt_yaml_exposed.py', 'tests/test_optimize_pareto_and_tornado_export.py', 'tests/test_pareto_plot_and_yaml_batch.py', 'tests/test_utopia_and_report.py', 'tests/test_api_pdf_optional.py', 'tests/test_cli.py', 'tests/test_validators.py', 'tests/test_cli_modes_smoke.py', 'tests/test_scenarios_multi.py', 'tests/test_cli_help.py']",
    "OK: CI workflow exists at .github/workflows/python-app.yml",
    "OK: workflow_dispatch trigger present",
    "OK: nightly schedule present",
    "OK: concurrency guard present",
    "OK: setup-python v5 used",
    "OK: matrix present (OS + Python versions)",
    "OK: type checking step present (mypy)",
    "OK: pytest present in CI",
    "OK: gate depends on build+package",
    "OK: .pre-commit-config.yaml present",
    "OK: .flake8 present",
    "OK: mypy.ini present",
    "OK: pytest.ini present",
    "OK: SECURITY.md present",
    "OK: Makefile present with ci/package-check targets"
  ]
}