CHANGELOG.md	6a24bd098fe2289e866cc1df6528bd45a4d863e0
VERSION	188dd74f5f5386333c36e65cc676bd3ca98aae8d
analytics/feasibility_report_contract/engine_identity.py	2a5618fe94ab20334c18d5e6b23388f02be79f97
analytics/feasibility_report_contract/result_facade.py	a6fbc26a933d9e181e384f9c50dc1b26f19e6c37
analytics/grid/synthetic_feeder_placeholder.py	43dd577d9b8f51b7a7bdab555914cb6648d8c0aa
analytics/pipeline_v14_enhanced.py	58cc6f0f02774b11212f8e61de06f61e5636c8ec
changelog.d/f2-f3-dscr-series-unification.changed.md	a9fed53a7dc026e128d9a69a83ab5e9626472d4a
conf/synthetic_feeder_placeholder.yaml	cdf9b15b770dec32f006d20e7a2f6fa10860bd46
docs/DEPRECATIONS.md	e253b16d0bb70972dc6a0de405cbac6134ce3490
docs/DOLPHIN_F2F3_DSCR_UNIFICATION_IMPLEMENTATION_RECORD.md	e182b0e6ce3545d0b1e38beb76fbc3fc1fca7acc
finance/debt_v14.py	9d85c6f0e1dc8c47a1d5b257b141d5804a047cec
pyproject.toml	e71355e66aba5cc38dfd1b56151072268a8c751c
tests/analytics/test_pipeline_enhanced_coverage.py	6ed02726cfec48a23753f9c6d2b543453ea18258
tests/api/test_run_full_pipeline_v14_lender_stack.py	09a94bacd5e8bc2a7127d087d94e86f6231de85f
tests/contracts/test_d3b_execution_contract.py	a2a27b2072726187eb3436e6be169f044c531045
tests/contracts/test_d3c_context_binding_contract.py	316c0a648192d23a6a1979f477129e074ee4fc38
tests/finance/test_debt_dscr_series_unification.py	83e7124fbc7813109affb0d99e95b6c8d8706a91
tests/finance/test_debt_period_taxonomy.py	6d2f84d5910d3de56cbebaab5539a31c16ed2d47
tests/grid/test_synthetic_feeder_placeholder.py	78f1034cb677c801eb80163c59c14554df5e236c
