rule_id,category,title,description,enforcement
R1,CLI Entry,Canonical v14 entrypoints,"Single-scenario CLI is run_full_pipeline_v14.py; batch analytics CLI is run_scenario_analytics_v14.py. Both are Hydra-based and emit JSON + artifacts.","Covered by CLI smoke tests (test_cli_v14_smoke.py, test_scenario_analytics_cli_v14_smoke.py)."
R2,Config Model,Config-first CLIs via Hydra,"Defaults live under conf/*.yaml; runtime changes use Hydra overrides (e.g. config=scenarios/example_a.yaml). No manual sys.argv parsing.","Hydra usage in run_full_pipeline_v14.py and run_scenario_analytics_v14.py; no argparse allowed anywhere."
R3,Banned APIs,No argparse anywhere in repo,"argparse is not allowed in any module. All new CLIs must use Hydra instead.","tests/lint/test_no_argparse_anywhere.py (LibCST scan over repo)."
R4,Banned APIs,No Typer in v14 CLIs,"Typer cannot be used in v14 CLI scripts or dutchbay_v14chat/ modules.","tests/lint/test_no_typer_v14.py (LibCST over run_*_v14.py and dutchbay_v14chat/)."
R5,Schema Guard,Schema guard as pre-flight gatekeeper,"analytics.schema_guard.validate_config_for_v14 must be used in strict mode by default; enforces FX (start_lkr_per_usd, annual_depr) and corporate tax rate presence via allowed paths.","Used in run_full_pipeline_v14.py and ScenarioAnalytics; covered by test_config_schema_guard.py and schema-guard integration tests."
R6,FX Config,FX is a mapping, not a scalar,"FX configuration must be provided as a mapping with keys fx.start_lkr_per_usd and fx.annual_depr. Scalar fx values or silent defaults are considered bugs.","validate_config_for_v14 FX checks; failing scenarios in ScenarioAnalytics; future config tests for scalar fx regression."
R7,IRR/NPV Location,IRR/NPV live only in finance/irr.py,"Functions irr/xirr/npv may only be defined in finance/irr.py; other modules must import from finance.irr and must not redefine them.","tests/lint/test_irr_location_v14.py (LibCST), plus existing architecture tests around IRR isolation."
R8,Coverage,Coverage philosophy (fast lane vs full suite),"Fast-lane CI (formatters, mypy, smokes) is the main gate. Coverage thresholds apply to full-suite runs, but targeted local runs may use --no-cov.","pytest.ini coverage config for full suite; convention to allow --no-cov for focused smokes/lints."
R9,Debt & KPIs,Tranche-aware debt_result surface,"finance.debt_v14.plan_debt must expose tranche-level keys (lkr/usd/dfi) and aggregates like total_idc instead of legacy flat keys (debt_outstanding, total_service).","Refactored tests in tests/api/test_debt_v14_construction*.py, test_debt_construction_idc_regression_v14.py, and covenants tests."
