AGENTS.md	766078ee1551044766bc39eca567f65d27936d90
analytics/contracts_v14.py	717611467bf1c84ff015b0ca45df49e2ebaea342
analytics/evaluation_v14.py	0d6f3387220326891ba0bb9fcdf104b222ce8104
analytics/fx_sensitivity_real.py	fa9633431e0656aa4094acda79325c689bf041a9
changelog.d/hygiene-fx-integration.fixed.md	b46f92f37ba02b925e082277488a07f6b9a6571d
config/defaults.yaml	4d1050e662f4e5fa1d9de7ebcfc9aebfea0c1377
config/grid_ci_policy.json	369d9c9c527e604951834768da1993e9749816b8
docs/governance/recruit_01/01_capability_and_risk.md	4b5cdfbf7500d9b5abb32400b013bc2d291112df
docs/governance/recruit_01/02_writer_lease_and_recovery.md	9c088a835171388da2da71885e119e8dc48db787
docs/governance/recruit_01/03_independent_review_and_attestation.md	b6616416d25859d9e356c3ca25e85fe2d0d8aefc
docs/governance/recruit_01/04_staged_delegation_and_ingress.md	b2f1963bc8a81fa45809024d3bfa1b8a2013fd2f
go_with_the_flow_rules_v3_0_clean.csv	e4eb130a8cc292b1bb9b87706b40568b832afc57
scenarios/dutchbay_basecase_2025Q4.yaml	bc734cec7abff297041545486e57b0369b184232
scenarios/dutchbay_lendercase_2025Q4.yaml	0c7d914f284abfc53d6b6e580c697e60948b2dd2
scripts/run_fx_sensitivity.py	75b4adc319e56f26f45892e8eaf268d6cc8d4498
tests/analytics/test_fx_sensitivity_real_coverage.py	947f0f07d6b3c4839dd61ceeeb40db17691431c2
tests/analytics_layer/test_fx_sensitivity_real.py	96962d53ed60b6aa7c22aa6f7dcbb7ff5044a6dc
tests/integration/test_fx_sensitivity_cli.py	e8e5cabce3e80ce33725277ef5b1d347176c783f
