source_zip,zone,category,subcategory,relative_path,extension,size_bytes,compressed_size_bytes,tags
dutchbay_unified_project_epc_schema_ready_versioned_smoke.zip,Raw/Code/EPC_Model,Code,EPC_Model_V13_Skeleton,pyproject.toml,toml,481,306,code;epc_model;schema_ready
dutchbay_unified_project_epc_schema_ready_versioned_smoke.zip,Raw/Code/EPC_Model,Code,EPC_Model_V13_Skeleton,README.md,md,5378,2170,code;epc_model;markdown;schema_ready
dutchbay_unified_project_epc_schema_ready_versioned_smoke.zip,Raw/Code/EPC_Model,Code,EPC_Model_V13_Skeleton,pytest.ini,ini,225,156,code;epc_model;schema_ready
dutchbay_unified_project_epc_schema_ready_versioned_smoke.zip,Raw/Code/EPC_Model,Code,EPC_Model_V13_Skeleton,mypy.ini,ini,601,227,code;epc_model;schema_ready
dutchbay_unified_project_epc_schema_ready_versioned_smoke.zip,Raw/Code/EPC_Model,Code,EPC_Model_V13_Skeleton,.flake8,,182,151,code;epc_model;schema_ready
dutchbay_unified_project_epc_schema_ready_versioned_smoke.zip,Raw/Code/EPC_Model,Code,EPC_Model_V13_Skeleton,.pre-commit-config.yaml,yaml,1031,384,code;epc_model;schema_ready
dutchbay_unified_project_epc_schema_ready_versioned_smoke.zip,Raw/Code/EPC_Model,Code,EPC_Model_V13_Skeleton,.coveragerc,,67,50,code;epc_model;schema_ready
dutchbay_unified_project_epc_schema_ready_versioned_smoke.zip,Raw/Code/EPC_Model,Code,EPC_Model_V13_Skeleton,SECURITY.md,md,422,275,code;epc_model;markdown;schema_ready
dutchbay_unified_project_epc_schema_ready_versioned_smoke.zip,Raw/Code/EPC_Model,Code,EPC_Model_V13_Skeleton,qc_report.json,json,772,335,code;epc_model;json;schema_ready
dutchbay_unified_project_epc_schema_ready_versioned_smoke.zip,Raw/Code/EPC_Model,Code,EPC_Model_V13_Skeleton,qc_report_tomlcheck.json,json,752,333,code;epc_model;json;schema_ready
dutchbay_unified_project_epc_schema_ready_versioned_smoke.zip,Raw/Code/EPC_Model,Code,EPC_Model_V13_Skeleton,Makefile,,1353,655,code;epc_model;schema_ready
dutchbay_unified_project_epc_schema_ready_versioned_smoke.zip,Raw/Code/EPC_Model,Code,EPC_Model_V13_Skeleton,qc_report_pkgjob.json,json,748,332,code;epc_model;json;schema_ready
dutchbay_unified_project_epc_schema_ready_versioned_smoke.zip,Raw/Code/EPC_Model,Code,EPC_Model_V13_Skeleton,qc_report_pkg_artifacts.json,json,760,335,code;epc_model;json;schema_ready
dutchbay_unified_project_epc_schema_ready_versioned_smoke.zip,Raw/Code/EPC_Model,Code,EPC_Model_V13_Skeleton,qc_report_ver_smoke.json,json,752,333,code;epc_model;json;schema_ready
dutchbay_unified_project_epc_schema_ready_versioned_smoke.zip,Raw/Code/EPC_Model,Code,EPC_Model_V13_Skeleton,qc_report_smoke_make.json,json,754,333,code;epc_model;json;schema_ready
dutchbay_unified_project_epc_schema_ready_versioned_smoke.zip,Raw/Code/EPC_Model,Code,EPC_Model_V13_Skeleton,qc_report_ast_fix.json,json,239,167,code;epc_model;json;schema_ready
dutchbay_unified_project_epc_schema_ready_versioned_smoke.zip,Raw/Code/EPC_Model,Code,EPC_Model_V13_Skeleton,qc_report_future_norm.json,json,239,167,code;epc_model;json;schema_ready
dutchbay_unified_project_epc_schema_ready_versioned_smoke.zip,Raw/Code/EPC_Model,Code,EPC_Model_V13_Skeleton,qc_report_fix_runner.json,json,38,36,code;epc_model;json;schema_ready
dutchbay_unified_project_epc_schema_ready_versioned_smoke.zip,Raw/Code/EPC_Model,Code,EPC_Model_V13_Skeleton,qc_report_cli_matrix.json,json,38,36,code;epc_model;json;schema_ready
dutchbay_unified_project_epc_schema_ready_versioned_smoke.zip,Raw/Code/EPC_Model,Code,EPC_Model_V13_Skeleton,handler_discovery.json,json,1368,297,code;epc_model;json;schema_ready
dutchbay_unified_project_epc_schema_ready_versioned_smoke.zip,Raw/Code/EPC_Model,Code,EPC_Model_V13_Skeleton,qc_report_handlers.json,json,38,36,code;epc_model;json;schema_ready
dutchbay_unified_project_epc_schema_ready_versioned_smoke.zip,Raw/Code/EPC_Model,Code,EPC_Model_V13_Skeleton,qc_report_cli_tests_multi.json,json,38,36,code;epc_model;json;schema_ready
dutchbay_unified_project_epc_schema_ready_versioned_smoke.zip,Raw/Code/EPC_Model,Code,EPC_Model_V13_Skeleton,qc_report_handlers_real.json,json,169,134,code;epc_model;json;schema_ready
dutchbay_unified_project_epc_schema_ready_versioned_smoke.zip,Raw/Code/EPC_Model,Code,EPC_Model_V13_Skeleton,qc_report_cli_indent_fix2.json,json,38,36,code;epc_model;json;schema_ready
dutchbay_unified_project_epc_schema_ready_versioned_smoke.zip,Raw/Code/EPC_Model,Code,EPC_Model_V13_Skeleton,schema.md,md,640,236,code;epc_model;markdown;schema_ready
dutchbay_unified_project_epc_schema_ready_versioned_smoke.zip,Raw/Code/EPC_Model,Code,EPC_Model_V13_Skeleton,qc_report_epc_schema_final.json,json,212,157,code;epc_model;json;schema_ready
dutchbay_unified_project_epc_schema_ready_versioned_smoke.zip,Raw/Code/EPC_Model,Code,EPC_Model_V13_Skeleton,audit_report.json,json,2439,933,code;epc_model;json;schema_ready
dutchbay_unified_project_epc_schema_ready_versioned_smoke.zip,Raw/Code/EPC_Model,Code,EPC_Model_V13_Skeleton,CHANGELOG.md,md,746,529,code;epc_model;markdown;schema_ready
dutchbay_unified_project_epc_schema_ready_versioned_smoke.zip,Raw/Code/EPC_Model,Code,EPC_Model_V13_Skeleton,dead_handler_scan_report.json,json,218,133,code;epc_model;json;schema_ready
dutchbay_unified_project_epc_schema_ready_versioned_smoke.zip,Raw/Code/EPC_Model,Code,EPC_Model_V13_Skeleton,dutchbay_v13/legacy_v12.py,py,12424,3807,code;epc_model;schema_ready
dutchbay_unified_project_epc_schema_ready_versioned_smoke.zip,Raw/Code/EPC_Model,Code,EPC_Model_V13_Skeleton,dutchbay_v13/config.py,py,1563,652,code;epc_model;schema_ready
dutchbay_unified_project_epc_schema_ready_versioned_smoke.zip,Raw/Code/EPC_Model,Code,EPC_Model_V13_Skeleton,dutchbay_v13/core.py,py,1420,602,code;epc_model;schema_ready
dutchbay_unified_project_epc_schema_ready_versioned_smoke.zip,Raw/Code/EPC_Model,Code,EPC_Model_V13_Skeleton,dutchbay_v13/monte_carlo.py,py,4893,1646,code;epc_model;schema_ready
dutchbay_unified_project_epc_schema_ready_versioned_smoke.zip,Raw/Code/EPC_Model,Code,EPC_Model_V13_Skeleton,dutchbay_v13/sensitivity.py,py,5004,1732,code;epc_model;schema_ready
dutchbay_unified_project_epc_schema_ready_versioned_smoke.zip,Raw/Code/EPC_Model,Code,EPC_Model_V13_Skeleton,dutchbay_v13/optimization.py,py,12351,3578,code;epc_model;schema_ready
dutchbay_unified_project_epc_schema_ready_versioned_smoke.zip,Raw/Code/EPC_Model,Code,EPC_Model_V13_Skeleton,dutchbay_v13/validate.py,py,8720,2279,code;epc_model;schema_ready
dutchbay_unified_project_epc_schema_ready_versioned_smoke.zip,Raw/Code/EPC_Model,Code,EPC_Model_V13_Skeleton,dutchbay_v13/cli.py,py,5451,1675,code;epc_model;schema_ready
dutchbay_unified_project_epc_schema_ready_versioned_smoke.zip,Raw/Code/EPC_Model,Code,EPC_Model_V13_Skeleton,dutchbay_v13/__main__.py,py,54,50,code;epc_model;schema_ready
dutchbay_unified_project_epc_schema_ready_versioned_smoke.zip,Raw/Code/EPC_Model,Code,EPC_Model_V13_Skeleton,dutchbay_v13/__init__.py,py,13,15,code;epc_model;schema_ready
dutchbay_unified_project_epc_schema_ready_versioned_smoke.zip,Raw/Code/EPC_Model,Code,EPC_Model_V13_Skeleton,dutchbay_v13/types.py,py,1387,495,code;epc_model;schema_ready
dutchbay_unified_project_epc_schema_ready_versioned_smoke.zip,Raw/Code/EPC_Model,Code,EPC_Model_V13_Skeleton,dutchbay_v13/scenario_runner.py,py,5363,1806,code;epc_model;schema_ready
dutchbay_unified_project_epc_schema_ready_versioned_smoke.zip,Raw/Code/EPC_Model,Code,EPC_Model_V13_Skeleton,dutchbay_v13/schema.py,py,5020,1472,code;epc_model;schema_ready
dutchbay_unified_project_epc_schema_ready_versioned_smoke.zip,Raw/Code/EPC_Model,Code,EPC_Model_V13_Skeleton,dutchbay_v13/charts.py,py,2149,752,code;epc_model;schema_ready
dutchbay_unified_project_epc_schema_ready_versioned_smoke.zip,Raw/Code/EPC_Model,Code,EPC_Model_V13_Skeleton,dutchbay_v13/report.py,py,2589,1109,code;epc_model;schema_ready
dutchbay_unified_project_epc_schema_ready_versioned_smoke.zip,Raw/Code/EPC_Model,Code,EPC_Model_V13_Skeleton,dutchbay_v13/report_pdf.py,py,2070,889,code;epc_model;schema_ready
dutchbay_unified_project_epc_schema_ready_versioned_smoke.zip,Raw/Code/EPC_Model,Code,EPC_Model_V13_Skeleton,dutchbay_v13/api.py,py,4406,1831,code;epc_model;schema_ready
dutchbay_unified_project_epc_schema_ready_versioned_smoke.zip,Raw/Code/EPC_Model,Code,EPC_Model_V13_Skeleton,dutchbay_v13/adapters.py,py,3260,648,code;epc_model;schema_ready
dutchbay_unified_project_epc_schema_ready_versioned_smoke.zip,Raw/Code/EPC_Model,Code,EPC_Model_V13_Skeleton,dutchbay_v13/epc.py,py,1880,733,code;epc_model;schema_ready
dutchbay_unified_project_epc_schema_ready_versioned_smoke.zip,Raw/Code/EPC_Model,Code,EPC_Model_V13_Skeleton,dutchbay_v13/finance/__init__.py,py,44,43,code;epc_model;schema_ready
dutchbay_unified_project_epc_schema_ready_versioned_smoke.zip,Raw/Code/EPC_Model,Code,EPC_Model_V13_Skeleton,dutchbay_v13/finance/irr.py,py,1110,479,code;epc_model;schema_ready
dutchbay_unified_project_epc_schema_ready_versioned_smoke.zip,Raw/Code/EPC_Model,Code,EPC_Model_V13_Skeleton,dutchbay_v13/finance/utils.py,py,98,88,code;epc_model;schema_ready
dutchbay_unified_project_epc_schema_ready_versioned_smoke.zip,Raw/Code/EPC_Model,Code,EPC_Model_V13_Skeleton,dutchbay_v13/finance/debt.py,py,1824,629,code;epc_model;schema_ready
dutchbay_unified_project_epc_schema_ready_versioned_smoke.zip,Raw/Code/EPC_Model,Code,EPC_Model_V13_Skeleton,dutchbay_v13/finance/cashflow.py,py,3105,1065,code;epc_model;schema_ready
dutchbay_unified_project_epc_schema_ready_versioned_smoke.zip,Raw/Code/EPC_Model,Code,EPC_Model_V13_Skeleton,dutchbay_v13/finance/__pycache__/__init__.cpython-311.pyc,pyc,223,194,code;epc_model;schema_ready
dutchbay_unified_project_epc_schema_ready_versioned_smoke.zip,Raw/Code/EPC_Model,Code,EPC_Model_V13_Skeleton,dutchbay_v13/finance/__pycache__/cashflow.cpython-311.pyc,pyc,5305,2861,code;epc_model;schema_ready
dutchbay_unified_project_epc_schema_ready_versioned_smoke.zip,Raw/Code/EPC_Model,Code,EPC_Model_V13_Skeleton,dutchbay_v13/finance/__pycache__/debt.cpython-311.pyc,pyc,2967,1704,code;epc_model;schema_ready
dutchbay_unified_project_epc_schema_ready_versioned_smoke.zip,Raw/Code/EPC_Model,Code,EPC_Model_V13_Skeleton,dutchbay_v13/finance/__pycache__/irr.cpython-311.pyc,pyc,3144,1664,code;epc_model;schema_ready
dutchbay_unified_project_epc_schema_ready_versioned_smoke.zip,Raw/Code/EPC_Model,Code,EPC_Model_V13_Skeleton,dutchbay_v13/finance/__pycache__/utils.cpython-311.pyc,pyc,453,322,code;epc_model;schema_ready
dutchbay_unified_project_epc_schema_ready_versioned_smoke.zip,Raw/Code/EPC_Model,Code,EPC_Model_V13_Skeleton,dutchbay_v13/__pycache__/__init__.cpython-311.pyc,pyc,175,147,code;epc_model;schema_ready
dutchbay_unified_project_epc_schema_ready_versioned_smoke.zip,Raw/Code/EPC_Model,Code,EPC_Model_V13_Skeleton,dutchbay_v13/__pycache__/__main__.cpython-311.pyc,pyc,293,224,code;epc_model;schema_ready
dutchbay_unified_project_epc_schema_ready_versioned_smoke.zip,Raw/Code/EPC_Model,Code,EPC_Model_V13_Skeleton,dutchbay_v13/__pycache__/adapters.cpython-311.pyc,pyc,4160,1771,code;epc_model;schema_ready
dutchbay_unified_project_epc_schema_ready_versioned_smoke.zip,Raw/Code/EPC_Model,Code,EPC_Model_V13_Skeleton,dutchbay_v13/__pycache__/api.cpython-311.pyc,pyc,8719,4406,code;epc_model;schema_ready
dutchbay_unified_project_epc_schema_ready_versioned_smoke.zip,Raw/Code/EPC_Model,Code,EPC_Model_V13_Skeleton,dutchbay_v13/__pycache__/charts.cpython-311.pyc,pyc,4829,2124,code;epc_model;schema_ready
dutchbay_unified_project_epc_schema_ready_versioned_smoke.zip,Raw/Code/EPC_Model,Code,EPC_Model_V13_Skeleton,dutchbay_v13/__pycache__/cli.cpython-311.pyc,pyc,7251,3802,code;epc_model;schema_ready
dutchbay_unified_project_epc_schema_ready_versioned_smoke.zip,Raw/Code/EPC_Model,Code,EPC_Model_V13_Skeleton,dutchbay_v13/__pycache__/config.cpython-311.pyc,pyc,3254,1801,code;epc_model;schema_ready
dutchbay_unified_project_epc_schema_ready_versioned_smoke.zip,Raw/Code/EPC_Model,Code,EPC_Model_V13_Skeleton,dutchbay_v13/__pycache__/core.cpython-311.pyc,pyc,3164,1697,code;epc_model;schema_ready
dutchbay_unified_project_epc_schema_ready_versioned_smoke.zip,Raw/Code/EPC_Model,Code,EPC_Model_V13_Skeleton,dutchbay_v13/__pycache__/epc.cpython-311.pyc,pyc,3419,1875,code;epc_model;schema_ready
dutchbay_unified_project_epc_schema_ready_versioned_smoke.zip,Raw/Code/EPC_Model,Code,EPC_Model_V13_Skeleton,dutchbay_v13/__pycache__/legacy_v12.cpython-311.pyc,pyc,19140,9384,code;epc_model;schema_ready
dutchbay_unified_project_epc_schema_ready_versioned_smoke.zip,Raw/Code/EPC_Model,Code,EPC_Model_V13_Skeleton,dutchbay_v13/__pycache__/monte_carlo.cpython-311.pyc,pyc,6381,3362,code;epc_model;schema_ready
dutchbay_unified_project_epc_schema_ready_versioned_smoke.zip,Raw/Code/EPC_Model,Code,EPC_Model_V13_Skeleton,dutchbay_v13/__pycache__/optimization.cpython-311.pyc,pyc,18445,8980,code;epc_model;schema_ready
dutchbay_unified_project_epc_schema_ready_versioned_smoke.zip,Raw/Code/EPC_Model,Code,EPC_Model_V13_Skeleton,dutchbay_v13/__pycache__/report.cpython-311.pyc,pyc,4011,2143,code;epc_model;schema_ready
dutchbay_unified_project_epc_schema_ready_versioned_smoke.zip,Raw/Code/EPC_Model,Code,EPC_Model_V13_Skeleton,dutchbay_v13/__pycache__/report_pdf.cpython-311.pyc,pyc,3881,2215,code;epc_model;schema_ready
dutchbay_unified_project_epc_schema_ready_versioned_smoke.zip,Raw/Code/EPC_Model,Code,EPC_Model_V13_Skeleton,dutchbay_v13/__pycache__/scenario_runner.cpython-311.pyc,pyc,10055,4748,code;epc_model;schema_ready
dutchbay_unified_project_epc_schema_ready_versioned_smoke.zip,Raw/Code/EPC_Model,Code,EPC_Model_V13_Skeleton,dutchbay_v13/__pycache__/schema.cpython-311.pyc,pyc,4972,2725,code;epc_model;schema_ready
dutchbay_unified_project_epc_schema_ready_versioned_smoke.zip,Raw/Code/EPC_Model,Code,EPC_Model_V13_Skeleton,dutchbay_v13/__pycache__/sensitivity.cpython-311.pyc,pyc,6538,3600,code;epc_model;schema_ready
dutchbay_unified_project_epc_schema_ready_versioned_smoke.zip,Raw/Code/EPC_Model,Code,EPC_Model_V13_Skeleton,dutchbay_v13/__pycache__/types.cpython-311.pyc,pyc,3302,1610,code;epc_model;schema_ready
dutchbay_unified_project_epc_schema_ready_versioned_smoke.zip,Raw/Code/EPC_Model,Code,EPC_Model_V13_Skeleton,dutchbay_v13/__pycache__/validate.cpython-311.pyc,pyc,12038,5253,code;epc_model;schema_ready
dutchbay_unified_project_epc_schema_ready_versioned_smoke.zip,Raw/Code/EPC_Model,Code,EPC_Model_V13_Skeleton,tests/test_imports.py,py,156,109,code;epc_model;schema_ready
dutchbay_unified_project_epc_schema_ready_versioned_smoke.zip,Raw/Code/EPC_Model,Code,EPC_Model_V13_Skeleton,tests/test_cli_smoke.py,py,294,199,code;epc_model;schema_ready
dutchbay_unified_project_epc_schema_ready_versioned_smoke.zip,Raw/Code/EPC_Model,Code,EPC_Model_V13_Skeleton,tests/test_irr.py,py,296,189,code;epc_model;schema_ready
dutchbay_unified_project_epc_schema_ready_versioned_smoke.zip,Raw/Code/EPC_Model,Code,EPC_Model_V13_Skeleton,tests/test_debt.py,py,660,305,code;epc_model;schema_ready
dutchbay_unified_project_epc_schema_ready_versioned_smoke.zip,Raw/Code/EPC_Model,Code,EPC_Model_V13_Skeleton,tests/test_dscr.py,py,625,356,code;epc_model;schema_ready
dutchbay_unified_project_epc_schema_ready_versioned_smoke.zip,Raw/Code/EPC_Model,Code,EPC_Model_V13_Skeleton,tests/test_scenarios.py,py,368,221,code;epc_model;schema_ready
dutchbay_unified_project_epc_schema_ready_versioned_smoke.zip,Raw/Code/EPC_Model,Code,EPC_Model_V13_Skeleton,tests/test_scenarios_jsonl_and_validator.py,py,904,447,code;epc_model;schema_ready
dutchbay_unified_project_epc_schema_ready_versioned_smoke.zip,Raw/Code/EPC_Model,Code,EPC_Model_V13_Skeleton,tests/test_schema_validation.py,py,840,345,code;epc_model;schema_ready
dutchbay_unified_project_epc_schema_ready_versioned_smoke.zip,Raw/Code/EPC_Model,Code,EPC_Model_V13_Skeleton,tests/test_cli_format_flag.py,py,1086,381,code;epc_model;schema_ready
dutchbay_unified_project_epc_schema_ready_versioned_smoke.zip,Raw/Code/EPC_Model,Code,EPC_Model_V13_Skeleton,tests/test_save_annual_and_charts.py,py,842,340,code;epc_model;schema_ready
dutchbay_unified_project_epc_schema_ready_versioned_smoke.zip,Raw/Code/EPC_Model,Code,EPC_Model_V13_Skeleton,tests/test_cli_tornado_flags.py,py,430,255,code;epc_model;schema_ready
dutchbay_unified_project_epc_schema_ready_versioned_smoke.zip,Raw/Code/EPC_Model,Code,EPC_Model_V13_Skeleton,tests/test_debt_yaml_exposed.py,py,483,294,code;epc_model;schema_ready
dutchbay_unified_project_epc_schema_ready_versioned_smoke.zip,Raw/Code/EPC_Model,Code,EPC_Model_V13_Skeleton,tests/test_optimize_pareto_and_tornado_export.py,py,888,323,code;epc_model;schema_ready
dutchbay_unified_project_epc_schema_ready_versioned_smoke.zip,Raw/Code/EPC_Model,Code,EPC_Model_V13_Skeleton,tests/test_pareto_plot_and_yaml_batch.py,py,1351,529,code;epc_model;schema_ready
dutchbay_unified_project_epc_schema_ready_versioned_smoke.zip,Raw/Code/EPC_Model,Code,EPC_Model_V13_Skeleton,tests/test_utopia_and_report.py,py,949,382,code;epc_model;schema_ready
dutchbay_unified_project_epc_schema_ready_versioned_smoke.zip,Raw/Code/EPC_Model,Code,EPC_Model_V13_Skeleton,tests/test_api_pdf_optional.py,py,832,397,code;epc_model;schema_ready
dutchbay_unified_project_epc_schema_ready_versioned_smoke.zip,Raw/Code/EPC_Model,Code,EPC_Model_V13_Skeleton,tests/test_cli.py,py,865,427,code;epc_model;schema_ready
dutchbay_unified_project_epc_schema_ready_versioned_smoke.zip,Raw/Code/EPC_Model,Code,EPC_Model_V13_Skeleton,tests/test_validators.py,py,847,323,code;epc_model;schema_ready
dutchbay_unified_project_epc_schema_ready_versioned_smoke.zip,Raw/Code/EPC_Model,Code,EPC_Model_V13_Skeleton,tests/test_cli_modes_smoke.py,py,580,355,code;epc_model;schema_ready
dutchbay_unified_project_epc_schema_ready_versioned_smoke.zip,Raw/Code/EPC_Model,Code,EPC_Model_V13_Skeleton,tests/test_scenarios_multi.py,py,608,288,code;epc_model;schema_ready
dutchbay_unified_project_epc_schema_ready_versioned_smoke.zip,Raw/Code/EPC_Model,Code,EPC_Model_V13_Skeleton,tests/test_cli_help.py,py,93,88,code;epc_model;schema_ready
dutchbay_unified_project_epc_schema_ready_versioned_smoke.zip,Raw/Code/EPC_Model,Code,EPC_Model_V13_Skeleton,tests/test_cli_dead_smokes.py,py,489,310,code;epc_model;schema_ready
dutchbay_unified_project_epc_schema_ready_versioned_smoke.zip,Raw/Code/EPC_Model,Code,EPC_Model_V13_Skeleton,tests/__pycache__/test_api_pdf_optional.cpython-311.pyc,pyc,1882,1091,code;epc_model;schema_ready
dutchbay_unified_project_epc_schema_ready_versioned_smoke.zip,Raw/Code/EPC_Model,Code,EPC_Model_V13_Skeleton,tests/__pycache__/test_cli.cpython-311.pyc,pyc,2104,1167,code;epc_model;schema_ready
dutchbay_unified_project_epc_schema_ready_versioned_smoke.zip,Raw/Code/EPC_Model,Code,EPC_Model_V13_Skeleton,tests/__pycache__/test_cli_dead_smokes.cpython-311.pyc,pyc,1052,733,code;epc_model;schema_ready
dutchbay_unified_project_epc_schema_ready_versioned_smoke.zip,Raw/Code/EPC_Model,Code,EPC_Model_V13_Skeleton,tests/__pycache__/test_cli_format_flag.cpython-311.pyc,pyc,2200,945,code;epc_model;schema_ready
dutchbay_unified_project_epc_schema_ready_versioned_smoke.zip,Raw/Code/EPC_Model,Code,EPC_Model_V13_Skeleton,tests/__pycache__/test_cli_help.cpython-311.pyc,pyc,448,298,code;epc_model;schema_ready
dutchbay_unified_project_epc_schema_ready_versioned_smoke.zip,Raw/Code/EPC_Model,Code,EPC_Model_V13_Skeleton,tests/__pycache__/test_cli_modes_smoke.cpython-311.pyc,pyc,1082,760,code;epc_model;schema_ready
dutchbay_unified_project_epc_schema_ready_versioned_smoke.zip,Raw/Code/EPC_Model,Code,EPC_Model_V13_Skeleton,tests/__pycache__/test_cli_smoke.cpython-311.pyc,pyc,836,563,code;epc_model;schema_ready
dutchbay_unified_project_epc_schema_ready_versioned_smoke.zip,Raw/Code/EPC_Model,Code,EPC_Model_V13_Skeleton,tests/__pycache__/test_cli_tornado_flags.cpython-311.pyc,pyc,1073,706,code;epc_model;schema_ready
dutchbay_unified_project_epc_schema_ready_versioned_smoke.zip,Raw/Code/EPC_Model,Code,EPC_Model_V13_Skeleton,tests/__pycache__/test_debt.cpython-311.pyc,pyc,1580,855,code;epc_model;schema_ready
dutchbay_unified_project_epc_schema_ready_versioned_smoke.zip,Raw/Code/EPC_Model,Code,EPC_Model_V13_Skeleton,tests/__pycache__/test_debt_yaml_exposed.cpython-311.pyc,pyc,669,457,code;epc_model;schema_ready
dutchbay_unified_project_epc_schema_ready_versioned_smoke.zip,Raw/Code/EPC_Model,Code,EPC_Model_V13_Skeleton,tests/__pycache__/test_dscr.cpython-311.pyc,pyc,1231,750,code;epc_model;schema_ready
dutchbay_unified_project_epc_schema_ready_versioned_smoke.zip,Raw/Code/EPC_Model,Code,EPC_Model_V13_Skeleton,tests/__pycache__/test_imports.cpython-311.pyc,pyc,471,315,code;epc_model;schema_ready
dutchbay_unified_project_epc_schema_ready_versioned_smoke.zip,Raw/Code/EPC_Model,Code,EPC_Model_V13_Skeleton,tests/__pycache__/test_irr.cpython-311.pyc,pyc,955,581,code;epc_model;schema_ready
dutchbay_unified_project_epc_schema_ready_versioned_smoke.zip,Raw/Code/EPC_Model,Code,EPC_Model_V13_Skeleton,tests/__pycache__/test_optimize_pareto_and_tornado_export.cpython-311.pyc,pyc,1930,980,code;epc_model;schema_ready
dutchbay_unified_project_epc_schema_ready_versioned_smoke.zip,Raw/Code/EPC_Model,Code,EPC_Model_V13_Skeleton,tests/__pycache__/test_pareto_plot_and_yaml_batch.cpython-311.pyc,pyc,2368,1216,code;epc_model;schema_ready
dutchbay_unified_project_epc_schema_ready_versioned_smoke.zip,Raw/Code/EPC_Model,Code,EPC_Model_V13_Skeleton,tests/__pycache__/test_save_annual_and_charts.cpython-311.pyc,pyc,1865,988,code;epc_model;schema_ready
dutchbay_unified_project_epc_schema_ready_versioned_smoke.zip,Raw/Code/EPC_Model,Code,EPC_Model_V13_Skeleton,tests/__pycache__/test_scenarios.cpython-311.pyc,pyc,971,608,code;epc_model;schema_ready
dutchbay_unified_project_epc_schema_ready_versioned_smoke.zip,Raw/Code/EPC_Model,Code,EPC_Model_V13_Skeleton,tests/__pycache__/test_scenarios_jsonl_and_validator.cpython-311.pyc,pyc,2195,1238,code;epc_model;schema_ready
dutchbay_unified_project_epc_schema_ready_versioned_smoke.zip,Raw/Code/EPC_Model,Code,EPC_Model_V13_Skeleton,tests/__pycache__/test_scenarios_multi.cpython-311.pyc,pyc,1410,808,code;epc_model;schema_ready
dutchbay_unified_project_epc_schema_ready_versioned_smoke.zip,Raw/Code/EPC_Model,Code,EPC_Model_V13_Skeleton,tests/__pycache__/test_schema_validation.cpython-311.pyc,pyc,2100,956,code;epc_model;schema_ready
dutchbay_unified_project_epc_schema_ready_versioned_smoke.zip,Raw/Code/EPC_Model,Code,EPC_Model_V13_Skeleton,tests/__pycache__/test_utopia_and_report.cpython-311.pyc,pyc,1672,938,code;epc_model;schema_ready
dutchbay_unified_project_epc_schema_ready_versioned_smoke.zip,Raw/Code/EPC_Model,Code,EPC_Model_V13_Skeleton,tests/__pycache__/test_validators.cpython-311.pyc,pyc,2014,967,code;epc_model;schema_ready
dutchbay_unified_project_epc_schema_ready_versioned_smoke.zip,Raw/Code/EPC_Model,Code,EPC_Model_V13_Skeleton,inputs/baseline.yaml,yaml,517,273,code;epc_model;schema_ready
dutchbay_unified_project_epc_schema_ready_versioned_smoke.zip,Raw/Code/EPC_Model,Code,EPC_Model_V13_Skeleton,inputs/scenario_matrix.yaml,yaml,231,142,code;epc_model;schema_ready
dutchbay_unified_project_epc_schema_ready_versioned_smoke.zip,Raw/Code/EPC_Model,Code,EPC_Model_V13_Skeleton,inputs/scenarios/baseline.yaml,yaml,30,32,code;epc_model;schema_ready
dutchbay_unified_project_epc_schema_ready_versioned_smoke.zip,Raw/Code/EPC_Model,Code,EPC_Model_V13_Skeleton,inputs/scenarios/high_tariff.yaml,yaml,22,24,code;epc_model;schema_ready
dutchbay_unified_project_epc_schema_ready_versioned_smoke.zip,Raw/Code/EPC_Model,Code,EPC_Model_V13_Skeleton,inputs/scenarios/low_cf.yaml,yaml,13,15,code;epc_model;schema_ready
dutchbay_unified_project_epc_schema_ready_versioned_smoke.zip,Raw/Code/EPC_Model,Code,EPC_Model_V13_Skeleton,inputs/scenarios/stress_rates.yaml,yaml,33,35,code;epc_model;schema_ready
dutchbay_unified_project_epc_schema_ready_versioned_smoke.zip,Raw/Code/EPC_Model,Code,EPC_Model_V13_Skeleton,.github/pull_request_template.md,md,362,249,code;epc_model;markdown;schema_ready
dutchbay_unified_project_epc_schema_ready_versioned_smoke.zip,Raw/Code/EPC_Model,Code,EPC_Model_V13_Skeleton,.github/CODEOWNERS,,102,84,code;epc_model;schema_ready
dutchbay_unified_project_epc_schema_ready_versioned_smoke.zip,Raw/Code/EPC_Model,Code,EPC_Model_V13_Skeleton,.github/workflows/python-app.yml,yml,6806,1820,code;epc_model;schema_ready
dutchbay_unified_project_epc_schema_ready_versioned_smoke.zip,Raw/Code/EPC_Model,Code,EPC_Model_V13_Skeleton,docs/schema.md,md,2694,1003,code;epc_model;markdown;schema_ready
wind farms.zip,Raw/Wind/MarketIntel,Wind,MarketIntel,wind farms/LuNeng - Developers - Wind energy market players - Online access - The Wind Power.mhtml,mhtml,298679,141034,developers;market_intel;oems;web_snapshot;wind
wind farms.zip,Raw/Wind/MarketIntel,Wind,MarketIntel,__MACOSX/wind farms/._LuNeng - Developers - Wind energy market players - Online access - The Wind Power.mhtml,mhtml,318,170,developers;market_intel;oems;web_snapshot;wind
wind farms.zip,Raw/Wind/MarketIntel,Wind,MarketIntel,wind farms/Mortenson - Developers - Wind energy market players - Online access - The Wind Power.mhtml,mhtml,379050,146600,developers;market_intel;oems;web_snapshot;wind
wind farms.zip,Raw/Wind/MarketIntel,Wind,MarketIntel,__MACOSX/wind farms/._Mortenson - Developers - Wind energy market players - Online access - The Wind Power.mhtml,mhtml,318,170,developers;market_intel;oems;web_snapshot;wind
wind farms.zip,Raw/Wind/MarketIntel,Wind,MarketIntel,wind farms/ABO-Wind - Developers - Wind energy market players - Online access - The Wind Power.mhtml,mhtml,450590,151415,developers;market_intel;oems;web_snapshot;wind
wind farms.zip,Raw/Wind/MarketIntel,Wind,MarketIntel,__MACOSX/wind farms/._ABO-Wind - Developers - Wind energy market players - Online access - The Wind Power.mhtml,mhtml,318,170,developers;market_intel;oems;web_snapshot;wind
wind farms.zip,Raw/Wind/MarketIntel,Wind,MarketIntel,wind farms/EDF renewables - Developers - Wind energy market players - Online access - The Wind Power.mhtml,mhtml,495856,155038,developers;market_intel;oems;web_snapshot;wind
wind farms.zip,Raw/Wind/MarketIntel,Wind,MarketIntel,__MACOSX/wind farms/._EDF renewables - Developers - Wind energy market players - Online access - The Wind Power.mhtml,mhtml,318,170,developers;market_intel;oems;web_snapshot;wind
wind farms.zip,Raw/Wind/MarketIntel,Wind,MarketIntel,wind farms/Envision EN-182_8.0 - Manufacturers and turbines - Online access - The Wind Power.mhtml,mhtml,287127,141329,developers;market_intel;oems;web_snapshot;wind
wind farms.zip,Raw/Wind/MarketIntel,Wind,MarketIntel,__MACOSX/wind farms/._Envision EN-182_8.0 - Manufacturers and turbines - Online access - The Wind Power.mhtml,mhtml,318,170,developers;market_intel;oems;web_snapshot;wind
wind farms.zip,Raw/Wind/MarketIntel,Wind,MarketIntel,wind farms/Wuling Power Corporation - Main list - Wind energy market players - Online access - The Wind Power.mhtml,mhtml,283594,140092,developers;market_intel;oems;web_snapshot;wind
wind farms.zip,Raw/Wind/MarketIntel,Wind,MarketIntel,__MACOSX/wind farms/._Wuling Power Corporation - Main list - Wind energy market players - Online access - The Wind Power.mhtml,mhtml,318,170,developers;market_intel;oems;web_snapshot;wind
wind farms.zip,Raw/Wind/MarketIntel,Wind,MarketIntel,wind farms/handler_discovery.json,json,1368,297,developers;json;market_intel;oems;wind
wind farms.zip,Raw/Wind/MarketIntel,Wind,MarketIntel,__MACOSX/wind farms/._handler_discovery.json,json,319,167,developers;json;market_intel;oems;wind
wind farms.zip,Raw/Wind/MarketIntel,Wind,MarketIntel,wind farms/Shandong Swiss Electric - Manufacturers and turbines - Online access - The Wind Power.mhtml,mhtml,395084,152781,developers;market_intel;oems;web_snapshot;wind
wind farms.zip,Raw/Wind/MarketIntel,Wind,MarketIntel,__MACOSX/wind farms/._Shandong Swiss Electric - Manufacturers and turbines - Online access - The Wind Power.mhtml,mhtml,318,170,developers;market_intel;oems;web_snapshot;wind
wind farms.zip,Raw/Wind/MarketIntel,Wind,MarketIntel,wind farms/e.n.o. energy - Manufacturers and turbines - Online access - The Wind Power.mhtml,mhtml,355259,150742,developers;market_intel;oems;web_snapshot;wind
wind farms.zip,Raw/Wind/MarketIntel,Wind,MarketIntel,__MACOSX/wind farms/._e.n.o. energy - Manufacturers and turbines - Online access - The Wind Power.mhtml,mhtml,318,170,developers;market_intel;oems;web_snapshot;wind
wind farms.zip,Raw/Wind/MarketIntel,Wind,MarketIntel,wind farms/Huaneng Group - Developers - Wind energy market players - Online access - The Wind Power.mhtml,mhtml,307548,141525,developers;market_intel;oems;web_snapshot;wind
wind farms.zip,Raw/Wind/MarketIntel,Wind,MarketIntel,__MACOSX/wind farms/._Huaneng Group - Developers - Wind energy market players - Online access - The Wind Power.mhtml,mhtml,318,170,developers;market_intel;oems;web_snapshot;wind
wind farms.zip,Raw/Wind/MarketIntel,Wind,MarketIntel,wind farms/≡ƒÄë PERFECT! Pipeline Running Successfully with Corr.md,md,1915,1008,developers;markdown;market_intel;oems;wind
wind farms.zip,Raw/Wind/MarketIntel,Wind,MarketIntel,__MACOSX/wind farms/._≡ƒÄë PERFECT! Pipeline Running Successfully with Corr.md,md,475,307,developers;markdown;market_intel;oems;wind
wind farms.zip,Raw/Wind/MarketIntel,Wind,MarketIntel,wind farms/Developers - Players - Online store and quote request - The Wind Power.mhtml,mhtml,379828,205986,developers;market_intel;oems;web_snapshot;wind
wind farms.zip,Raw/Wind/MarketIntel,Wind,MarketIntel,__MACOSX/wind farms/._Developers - Players - Online store and quote request - The Wind Power.mhtml,mhtml,318,170,developers;market_intel;oems;web_snapshot;wind
wind farms.zip,Raw/Wind/MarketIntel,Wind,MarketIntel,wind farms/.DS_Store,,6148,318,developers;market_intel;oems;wind
wind farms.zip,Raw/Wind/MarketIntel,Wind,MarketIntel,__MACOSX/wind farms/._.DS_Store,ds_store,120,53,developers;market_intel;oems;wind
wind farms.zip,Raw/Wind/MarketIntel,Wind,MarketIntel,wind farms/Norvento - Manufacturers and turbines - Online access - The Wind Power.mhtml,mhtml,324826,147917,developers;market_intel;oems;web_snapshot;wind
wind farms.zip,Raw/Wind/MarketIntel,Wind,MarketIntel,__MACOSX/wind farms/._Norvento - Manufacturers and turbines - Online access - The Wind Power.mhtml,mhtml,318,170,developers;market_intel;oems;web_snapshot;wind
wind farms.zip,Raw/Wind/MarketIntel,Wind,MarketIntel,wind farms/check_sensitivity.md,md,45440,9943,developers;markdown;market_intel;oems;wind
wind farms.zip,Raw/Wind/MarketIntel,Wind,MarketIntel,__MACOSX/wind farms/._check_sensitivity.md,md,220,93,developers;markdown;market_intel;oems;wind
wind farms.zip,Raw/Wind/MarketIntel,Wind,MarketIntel,wind farms/Windey - Manufacturers and turbines - Online access - The Wind Power.mhtml,mhtml,481293,158113,developers;market_intel;oems;web_snapshot;wind
wind farms.zip,Raw/Wind/MarketIntel,Wind,MarketIntel,__MACOSX/wind farms/._Windey - Manufacturers and turbines - Online access - The Wind Power.mhtml,mhtml,318,170,developers;market_intel;oems;web_snapshot;wind
wind farms.zip,Raw/Wind/MarketIntel,Wind,MarketIntel,wind farms/518dfd5f8c36dc6209c99374287d4387.nc,nc,485035,313455,developers;market_intel;netcdf;oems;wind
wind farms.zip,Raw/Wind/MarketIntel,Wind,MarketIntel,__MACOSX/wind farms/._518dfd5f8c36dc6209c99374287d4387.nc,nc,595,420,developers;market_intel;netcdf;oems;wind
wind farms.zip,Raw/Wind/MarketIntel,Wind,MarketIntel,wind farms/Alabat (Philippines) - Wind farms - Online access - The Wind Power.mhtml,mhtml,286819,141471,developers;market_intel;oems;web_snapshot;wind
wind farms.zip,Raw/Wind/MarketIntel,Wind,MarketIntel,__MACOSX/wind farms/._Alabat (Philippines) - Wind farms - Online access - The Wind Power.mhtml,mhtml,318,170,developers;market_intel;oems;web_snapshot;wind
wind farms.zip,Raw/Wind/MarketIntel,Wind,MarketIntel,wind farms/China Datang Corporation renewable Power Co - Developers - Wind energy market players - Online access - The Wind Power.mhtml,mhtml,337404,142972,developers;market_intel;oems;web_snapshot;wind
wind farms.zip,Raw/Wind/MarketIntel,Wind,MarketIntel,__MACOSX/wind farms/._China Datang Corporation renewable Power Co - Developers - Wind energy market players - Online access - The Wind Power.mhtml,mhtml,318,170,developers;market_intel;oems;web_snapshot;wind
wind farms.zip,Raw/Wind/MarketIntel,Wind,MarketIntel,wind farms/BOREAS - Developers - Wind energy market players - Online access - The Wind Power.mhtml,mhtml,441128,147122,developers;market_intel;oems;web_snapshot;wind
wind farms.zip,Raw/Wind/MarketIntel,Wind,MarketIntel,__MACOSX/wind farms/._BOREAS - Developers - Wind energy market players - Online access - The Wind Power.mhtml,mhtml,318,170,developers;market_intel;oems;web_snapshot;wind
wind farms.zip,Raw/Wind/MarketIntel,Wind,MarketIntel,wind farms/Enel GreenPower - Developers - Wind energy market players - Online access - The Wind Power.mhtml,mhtml,467608,151778,developers;market_intel;oems;web_snapshot;wind
wind farms.zip,Raw/Wind/MarketIntel,Wind,MarketIntel,__MACOSX/wind farms/._Enel GreenPower - Developers - Wind energy market players - Online access - The Wind Power.mhtml,mhtml,318,170,developers;market_intel;oems;web_snapshot;wind
wind farms.zip,Raw/Wind/MarketIntel,Wind,MarketIntel,wind farms/Help - Premium Access - Online access - The Wind Power - Wind energy Market Intelligence.mhtml,mhtml,278956,138924,developers;market_intel;oems;web_snapshot;wind
wind farms.zip,Raw/Wind/MarketIntel,Wind,MarketIntel,__MACOSX/wind farms/._Help - Premium Access - Online access - The Wind Power - Wind energy Market Intelligence.mhtml,mhtml,318,170,developers;market_intel;oems;web_snapshot;wind
wind farms.zip,Raw/Wind/MarketIntel,Wind,MarketIntel,wind farms/Neom - Owners - Wind energy market players - Online access - The Wind Power.mhtml,mhtml,284533,140276,developers;market_intel;oems;web_snapshot;wind
wind farms.zip,Raw/Wind/MarketIntel,Wind,MarketIntel,__MACOSX/wind farms/._Neom - Owners - Wind energy market players - Online access - The Wind Power.mhtml,mhtml,318,170,developers;market_intel;oems;web_snapshot;wind
wind farms.zip,Raw/Wind/MarketIntel,Wind,MarketIntel,wind farms/China Creative Wind Energy - Manufacturers and turbines - Online access - The Wind Power.mhtml,mhtml,348181,150106,developers;market_intel;oems;web_snapshot;wind
wind farms.zip,Raw/Wind/MarketIntel,Wind,MarketIntel,__MACOSX/wind farms/._China Creative Wind Energy - Manufacturers and turbines - Online access - The Wind Power.mhtml,mhtml,318,170,developers;market_intel;oems;web_snapshot;wind
wind farms.zip,Raw/Wind/MarketIntel,Wind,MarketIntel,wind farms/CSIC HZ Windpower - Manufacturers and turbines - Online access - The Wind Power.mhtml,mhtml,350539,150359,developers;market_intel;oems;web_snapshot;wind
wind farms.zip,Raw/Wind/MarketIntel,Wind,MarketIntel,__MACOSX/wind farms/._CSIC HZ Windpower - Manufacturers and turbines - Online access - The Wind Power.mhtml,mhtml,318,170,developers;market_intel;oems;web_snapshot;wind
wind farms.zip,Raw/Wind/MarketIntel,Wind,MarketIntel,wind farms/WEG - Manufacturers and turbines - Online access - The Wind Power.mhtml,mhtml,331509,149020,developers;market_intel;oems;web_snapshot;wind
wind farms.zip,Raw/Wind/MarketIntel,Wind,MarketIntel,__MACOSX/wind farms/._WEG - Manufacturers and turbines - Online access - The Wind Power.mhtml,mhtml,318,170,developers;market_intel;oems;web_snapshot;wind
wind farms.zip,Raw/Wind/MarketIntel,Wind,MarketIntel,wind farms/Acciona Energia - Developers - Wind energy market players - Online access - The Wind Power.mhtml,mhtml,526270,157668,developers;market_intel;oems;web_snapshot;wind
wind farms.zip,Raw/Wind/MarketIntel,Wind,MarketIntel,__MACOSX/wind farms/._Acciona Energia - Developers - Wind energy market players - Online access - The Wind Power.mhtml,mhtml,318,170,developers;market_intel;oems;web_snapshot;wind
wind farms.zip,Raw/Wind/MarketIntel,Wind,MarketIntel,wind farms/Continuum Wind Energy - Developers - Wind energy market players - Online access - The Wind Power.mhtml,mhtml,298230,141074,developers;market_intel;oems;web_snapshot;wind
wind farms.zip,Raw/Wind/MarketIntel,Wind,MarketIntel,__MACOSX/wind farms/._Continuum Wind Energy - Developers - Wind energy market players - Online access - The Wind Power.mhtml,mhtml,318,170,developers;market_intel;oems;web_snapshot;wind
wind farms.zip,Raw/Wind/MarketIntel,Wind,MarketIntel,wind farms/WPD - Developers - Wind energy market players - Online access - The Wind Power.mhtml,mhtml,608168,161133,developers;market_intel;oems;web_snapshot;wind
wind farms.zip,Raw/Wind/MarketIntel,Wind,MarketIntel,__MACOSX/wind farms/._WPD - Developers - Wind energy market players - Online access - The Wind Power.mhtml,mhtml,318,170,developers;market_intel;oems;web_snapshot;wind
wind farms.zip,Raw/Wind/MarketIntel,Wind,MarketIntel,wind farms/Developers - Wind energy market players - Online access - The Wind Power.mhtml,mhtml,954024,199071,developers;market_intel;oems;web_snapshot;wind
wind farms.zip,Raw/Wind/MarketIntel,Wind,MarketIntel,__MACOSX/wind farms/._Developers - Wind energy market players - Online access - The Wind Power.mhtml,mhtml,318,170,developers;market_intel;oems;web_snapshot;wind
wind farms.zip,Raw/Wind/MarketIntel,Wind,MarketIntel,wind farms/WPO - Developers - Wind energy market players - Online access - The Wind Power.mhtml,mhtml,408571,148760,developers;market_intel;oems;web_snapshot;wind
wind farms.zip,Raw/Wind/MarketIntel,Wind,MarketIntel,__MACOSX/wind farms/._WPO - Developers - Wind energy market players - Online access - The Wind Power.mhtml,mhtml,318,170,developers;market_intel;oems;web_snapshot;wind
wind farms.zip,Raw/Wind/MarketIntel,Wind,MarketIntel,wind farms/Manufacturers - Manufacturers and turbines - Online store and quote request - The Wind Power.mhtml,mhtml,378522,205089,developers;market_intel;oems;web_snapshot;wind
wind farms.zip,Raw/Wind/MarketIntel,Wind,MarketIntel,__MACOSX/wind farms/._Manufacturers - Manufacturers and turbines - Online store and quote request - The Wind Power.mhtml,mhtml,318,170,developers;market_intel;oems;web_snapshot;wind
wind farms.zip,Raw/Wind/MarketIntel,Wind,MarketIntel,wind farms/LongYuan - Developers - Wind energy market players - Online access - The Wind Power.mhtml,mhtml,371151,144560,developers;market_intel;oems;web_snapshot;wind
wind farms.zip,Raw/Wind/MarketIntel,Wind,MarketIntel,__MACOSX/wind farms/._LongYuan - Developers - Wind energy market players - Online access - The Wind Power.mhtml,mhtml,318,170,developers;market_intel;oems;web_snapshot;wind
wind farms.zip,Raw/Wind/MarketIntel,Wind,MarketIntel,wind farms/W2E - Manufacturers and turbines - Online access - The Wind Power.mhtml,mhtml,385978,152429,developers;market_intel;oems;web_snapshot;wind
wind farms.zip,Raw/Wind/MarketIntel,Wind,MarketIntel,__MACOSX/wind farms/._W2E - Manufacturers and turbines - Online access - The Wind Power.mhtml,mhtml,318,170,developers;market_intel;oems;web_snapshot;wind
wind farms.zip,Raw/Wind/MarketIntel,Wind,MarketIntel,wind farms/ACWA Power - Owners - Wind energy market players - Online access - The Wind Power.mhtml,mhtml,290101,140746,developers;market_intel;oems;web_snapshot;wind
wind farms.zip,Raw/Wind/MarketIntel,Wind,MarketIntel,__MACOSX/wind farms/._ACWA Power - Owners - Wind energy market players - Online access - The Wind Power.mhtml,mhtml,318,170,developers;market_intel;oems;web_snapshot;wind
wind farms.zip,Raw/Wind/MarketIntel,Wind,MarketIntel,wind farms/Power curves - Manufacturers and turbines - Online store and quote request - The Wind Power.mhtml,mhtml,664143,377632,developers;market_intel;oems;web_snapshot;wind
wind farms.zip,Raw/Wind/MarketIntel,Wind,MarketIntel,__MACOSX/wind farms/._Power curves - Manufacturers and turbines - Online store and quote request - The Wind Power.mhtml,mhtml,318,170,developers;market_intel;oems;web_snapshot;wind
wind farms.zip,Raw/Wind/MarketIntel,Wind,MarketIntel,wind farms/Siemens-Gamesa - Manufacturers and turbines - Online access - The Wind Power.mhtml,mhtml,403945,154792,developers;market_intel;oems;web_snapshot;wind
wind farms.zip,Raw/Wind/MarketIntel,Wind,MarketIntel,__MACOSX/wind farms/._Siemens-Gamesa - Manufacturers and turbines - Online access - The Wind Power.mhtml,mhtml,318,170,developers;market_intel;oems;web_snapshot;wind
wind farms.zip,Raw/Wind/MarketIntel,Wind,MarketIntel,wind farms/Envision EN-171_6.5 - Manufacturers and turbines - Online access - The Wind Power.mhtml,mhtml,288102,141539,developers;market_intel;oems;web_snapshot;wind
wind farms.zip,Raw/Wind/MarketIntel,Wind,MarketIntel,__MACOSX/wind farms/._Envision EN-171_6.5 - Manufacturers and turbines - Online access - The Wind Power.mhtml,mhtml,318,170,developers;market_intel;oems;web_snapshot;wind
wind farms.zip,Raw/Wind/MarketIntel,Wind,MarketIntel,wind farms/sam-cashflow-sample-merchant-plant-2022-11-21.xlsx,xlsx,265605,234562,developers;market_intel;oems;table;wind
wind farms.zip,Raw/Wind/MarketIntel,Wind,MarketIntel,__MACOSX/wind farms/._sam-cashflow-sample-merchant-plant-2022-11-21.xlsx,xlsx,589,374,developers;market_intel;oems;table;wind
wind farms.zip,Raw/Wind/MarketIntel,Wind,MarketIntel,wind farms/Sample_World_Windfarms.xls,xls,138240,95512,developers;market_intel;oems;table;wind
wind farms.zip,Raw/Wind/MarketIntel,Wind,MarketIntel,__MACOSX/wind farms/._Sample_World_Windfarms.xls,xls,586,366,developers;market_intel;oems;table;wind
wind farms.zip,Raw/Wind/MarketIntel,Wind,MarketIntel,wind farms/Wind turbines - Manufacturers and turbines - Online store and quote request - The Wind Power.mhtml,mhtml,467973,264699,developers;market_intel;oems;web_snapshot;wind
wind farms.zip,Raw/Wind/MarketIntel,Wind,MarketIntel,__MACOSX/wind farms/._Wind turbines - Manufacturers and turbines - Online store and quote request - The Wind Power.mhtml,mhtml,318,170,developers;market_intel;oems;web_snapshot;wind
wind farms.zip,Raw/Wind/MarketIntel,Wind,MarketIntel,wind farms/LCOE Calculator - System Advisor Model - SAM.mhtml,mhtml,784143,226760,developers;market_intel;oems;web_snapshot;wind
wind farms.zip,Raw/Wind/MarketIntel,Wind,MarketIntel,__MACOSX/wind farms/._LCOE Calculator - System Advisor Model - SAM.mhtml,mhtml,318,170,developers;market_intel;oems;web_snapshot;wind
wind farms.zip,Raw/Wind/MarketIntel,Wind,MarketIntel,wind farms/World - Wind farms - Online store and quote request - The Wind Power.mhtml,mhtml,644060,367084,developers;market_intel;oems;web_snapshot;wind
wind farms.zip,Raw/Wind/MarketIntel,Wind,MarketIntel,__MACOSX/wind farms/._World - Wind farms - Online store and quote request - The Wind Power.mhtml,mhtml,318,170,developers;market_intel;oems;web_snapshot;wind
wind farms.zip,Raw/Wind/MarketIntel,Wind,MarketIntel,wind farms/Invenergy - Developers - Wind energy market players - Online access - The Wind Power.mhtml,mhtml,387928,146631,developers;market_intel;oems;web_snapshot;wind
wind farms.zip,Raw/Wind/MarketIntel,Wind,MarketIntel,__MACOSX/wind farms/._Invenergy - Developers - Wind energy market players - Online access - The Wind Power.mhtml,mhtml,318,170,developers;market_intel;oems;web_snapshot;wind
wind farms.zip,Raw/Wind/MarketIntel,Wind,MarketIntel,wind farms/EDP Renovaveis - Developers - Wind energy market players - Online access - The Wind Power.mhtml,mhtml,424897,149754,developers;market_intel;oems;web_snapshot;wind
wind farms.zip,Raw/Wind/MarketIntel,Wind,MarketIntel,__MACOSX/wind farms/._EDP Renovaveis - Developers - Wind energy market players - Online access - The Wind Power.mhtml,mhtml,318,170,developers;market_intel;oems;web_snapshot;wind
wind farms.zip,Raw/Wind/MarketIntel,Wind,MarketIntel,wind farms/Sample_Manufacturers.xls,xls,110592,87596,developers;market_intel;oems;table;wind
wind farms.zip,Raw/Wind/MarketIntel,Wind,MarketIntel,__MACOSX/wind farms/._Sample_Manufacturers.xls,xls,592,365,developers;market_intel;oems;table;wind
wind farms.zip,Raw/Wind/MarketIntel,Wind,MarketIntel,wind farms/Tanay (Philippines) - Wind farms - Online access - The Wind Power.mhtml,mhtml,288800,141740,developers;market_intel;oems;web_snapshot;wind
wind farms.zip,Raw/Wind/MarketIntel,Wind,MarketIntel,__MACOSX/wind farms/._Tanay (Philippines) - Wind farms - Online access - The Wind Power.mhtml,mhtml,318,170,developers;market_intel;oems;web_snapshot;wind
wind farms.zip,Raw/Wind/MarketIntel,Wind,MarketIntel,wind farms/CSSC┬áHaizhuang - Manufacturers and turbines - Online access - The Wind Power.mhtml,mhtml,388933,152187,developers;market_intel;oems;web_snapshot;wind
wind farms.zip,Raw/Wind/MarketIntel,Wind,MarketIntel,__MACOSX/wind farms/._CSSC┬áHaizhuang - Manufacturers and turbines - Online access - The Wind Power.mhtml,mhtml,318,170,developers;market_intel;oems;web_snapshot;wind
wind farms.zip,Raw/Wind/MarketIntel,Wind,MarketIntel,wind farms/Iberdrola Renewables - Developers - Wind energy market players - Online access - The Wind Power.mhtml,mhtml,415318,149707,developers;market_intel;oems;web_snapshot;wind
wind farms.zip,Raw/Wind/MarketIntel,Wind,MarketIntel,__MACOSX/wind farms/._Iberdrola Renewables - Developers - Wind energy market players - Online access - The Wind Power.mhtml,mhtml,318,170,developers;market_intel;oems;web_snapshot;wind
wind farms.zip,Raw/Wind/MarketIntel,Wind,MarketIntel,wind farms/Envision - The Wind Power.pdf,pdf,35170,34105,developers;market_intel;oems;pdf;wind
wind farms.zip,Raw/Wind/MarketIntel,Wind,MarketIntel,__MACOSX/wind farms/._Envision - The Wind Power.pdf,pdf,516,365,developers;market_intel;oems;pdf;wind
wind farms.zip,Raw/Wind/MarketIntel,Wind,MarketIntel,wind farms/1751344341Statistical_Digest_2024.pdf,pdf,675770,581034,developers;market_intel;oems;pdf;wind
wind farms.zip,Raw/Wind/MarketIntel,Wind,MarketIntel,__MACOSX/wind farms/._1751344341Statistical_Digest_2024.pdf,pdf,523,372,developers;market_intel;oems;pdf;wind
wind farms.zip,Raw/Wind/MarketIntel,Wind,MarketIntel,wind farms/LKA.geojson,geojson,205193,72198,developers;geojson;market_intel;oems;wind
wind farms.zip,Raw/Wind/MarketIntel,Wind,MarketIntel,__MACOSX/wind farms/._LKA.geojson,geojson,478,292,developers;geojson;market_intel;oems;wind
wind farms.zip,Raw/Wind/MarketIntel,Wind,MarketIntel,wind farms/Dongfang Electric Corporation - Manufacturers and turbines - Online access - The Wind Power.mhtml,mhtml,379761,152346,developers;market_intel;oems;web_snapshot;wind
wind farms.zip,Raw/Wind/MarketIntel,Wind,MarketIntel,__MACOSX/wind farms/._Dongfang Electric Corporation - Manufacturers and turbines - Online access - The Wind Power.mhtml,mhtml,318,170,developers;market_intel;oems;web_snapshot;wind
wind farms.zip,Raw/Wind/MarketIntel,Wind,MarketIntel,wind farms/RES - Developers - Wind energy market players - Online access - The Wind Power.mhtml,mhtml,487288,155147,developers;market_intel;oems;web_snapshot;wind
wind farms.zip,Raw/Wind/MarketIntel,Wind,MarketIntel,__MACOSX/wind farms/._RES - Developers - Wind energy market players - Online access - The Wind Power.mhtml,mhtml,318,170,developers;market_intel;oems;web_snapshot;wind
wind farms.zip,Raw/Wind/MarketIntel,Wind,MarketIntel,wind farms/China Three Gorges Corporation - Developers - Wind energy market players - Online access - The Wind Power.mhtml,mhtml,317271,141958,developers;market_intel;oems;web_snapshot;wind
wind farms.zip,Raw/Wind/MarketIntel,Wind,MarketIntel,__MACOSX/wind farms/._China Three Gorges Corporation - Developers - Wind energy market players - Online access - The Wind Power.mhtml,mhtml,318,170,developers;market_intel;oems;web_snapshot;wind
wind farms.zip,Raw/Wind/MarketIntel,Wind,MarketIntel,wind farms/GE Energy - Manufacturers and turbines - Online access - The Wind Power.mhtml,mhtml,467852,159195,developers;market_intel;oems;web_snapshot;wind
wind farms.zip,Raw/Wind/MarketIntel,Wind,MarketIntel,__MACOSX/wind farms/._GE Energy - Manufacturers and turbines - Online access - The Wind Power.mhtml,mhtml,318,170,developers;market_intel;oems;web_snapshot;wind
wind farms.zip,Raw/Wind/MarketIntel,Wind,MarketIntel,wind farms/Sample_Developers (1).xls,xls,112640,84029,developers;market_intel;oems;table;wind
wind farms.zip,Raw/Wind/MarketIntel,Wind,MarketIntel,__MACOSX/wind farms/._Sample_Developers (1).xls,xls,574,359,developers;market_intel;oems;table;wind
wind farms.zip,Raw/Wind/MarketIntel,Wind,MarketIntel,wind farms/Players - Players - Online store and quote request - The Wind Power.mhtml,mhtml,388366,210086,developers;market_intel;oems;web_snapshot;wind
wind farms.zip,Raw/Wind/MarketIntel,Wind,MarketIntel,__MACOSX/wind farms/._Players - Players - Online store and quote request - The Wind Power.mhtml,mhtml,318,170,developers;market_intel;oems;web_snapshot;wind
wind farms.zip,Raw/Wind/MarketIntel,Wind,MarketIntel,wind farms/Sample_Developers.xls,xls,112640,84029,developers;market_intel;oems;table;wind
wind farms.zip,Raw/Wind/MarketIntel,Wind,MarketIntel,__MACOSX/wind farms/._Sample_Developers.xls,xls,574,359,developers;market_intel;oems;table;wind
wind farms.zip,Raw/Wind/MarketIntel,Wind,MarketIntel,wind farms/NextEra Energy Resources - Developers - Wind energy market players - Online access - The Wind Power.mhtml,mhtml,427233,148621,developers;market_intel;oems;web_snapshot;wind
wind farms.zip,Raw/Wind/MarketIntel,Wind,MarketIntel,__MACOSX/wind farms/._NextEra Energy Resources - Developers - Wind energy market players - Online access - The Wind Power.mhtml,mhtml,318,170,developers;market_intel;oems;web_snapshot;wind
wind farms.zip,Raw/Wind/MarketIntel,Wind,MarketIntel,wind farms/Electria Wind - Manufacturers and turbines - Online access - The Wind Power.mhtml,mhtml,328430,148347,developers;market_intel;oems;web_snapshot;wind
wind farms.zip,Raw/Wind/MarketIntel,Wind,MarketIntel,__MACOSX/wind farms/._Electria Wind - Manufacturers and turbines - Online access - The Wind Power.mhtml,mhtml,318,170,developers;market_intel;oems;web_snapshot;wind
wind farms.zip,Raw/Wind/MarketIntel,Wind,MarketIntel,wind farms/Nordex - Manufacturers and turbines - Online access - The Wind Power.mhtml,mhtml,411690,155613,developers;market_intel;oems;web_snapshot;wind
wind farms.zip,Raw/Wind/MarketIntel,Wind,MarketIntel,__MACOSX/wind farms/._Nordex - Manufacturers and turbines - Online access - The Wind Power.mhtml,mhtml,318,170,developers;market_intel;oems;web_snapshot;wind
wind farms.zip,Raw/Wind/MarketIntel,Wind,MarketIntel,wind farms/Nukus (Uzbekistan) - Wind farms - Online access - The Wind Power.mhtml,mhtml,285357,140710,developers;market_intel;oems;web_snapshot;wind
wind farms.zip,Raw/Wind/MarketIntel,Wind,MarketIntel,__MACOSX/wind farms/._Nukus (Uzbekistan) - Wind farms - Online access - The Wind Power.mhtml,mhtml,318,170,developers;market_intel;oems;web_snapshot;wind
wind farms.zip,Raw/Wind/MarketIntel,Wind,MarketIntel,wind farms/Sample_Power_curves.xls,xls,187904,102294,developers;market_intel;oems;table;wind
wind farms.zip,Raw/Wind/MarketIntel,Wind,MarketIntel,__MACOSX/wind farms/._Sample_Power_curves.xls,xls,591,370,developers;market_intel;oems;table;wind
wind farms.zip,Raw/Wind/MarketIntel,Wind,MarketIntel,wind farms/Goldwind - Manufacturers and turbines - Online access - The Wind Power.mhtml,mhtml,424442,155880,developers;market_intel;oems;web_snapshot;wind
wind farms.zip,Raw/Wind/MarketIntel,Wind,MarketIntel,__MACOSX/wind farms/._Goldwind - Manufacturers and turbines - Online access - The Wind Power.mhtml,mhtml,318,170,developers;market_intel;oems;web_snapshot;wind
wind farms.zip,Raw/Wind/MarketIntel,Wind,MarketIntel,wind farms/Owners - Players - Online store and quote request - The Wind Power.mhtml,mhtml,371774,200199,developers;market_intel;oems;web_snapshot;wind
wind farms.zip,Raw/Wind/MarketIntel,Wind,MarketIntel,__MACOSX/wind farms/._Owners - Players - Online store and quote request - The Wind Power.mhtml,mhtml,318,170,developers;market_intel;oems;web_snapshot;wind
wind farms.zip,Raw/Wind/MarketIntel,Wind,MarketIntel,wind farms/Guangdong Mingyang - Manufacturers and turbines - Online access - The Wind Power.mhtml,mhtml,432446,156787,developers;market_intel;oems;web_snapshot;wind
wind farms.zip,Raw/Wind/MarketIntel,Wind,MarketIntel,__MACOSX/wind farms/._Guangdong Mingyang - Manufacturers and turbines - Online access - The Wind Power.mhtml,mhtml,318,170,developers;market_intel;oems;web_snapshot;wind
wind farms.zip,Raw/Wind/MarketIntel,Wind,MarketIntel,wind farms/PNE - Developers - Wind energy market players - Online access - The Wind Power.mhtml,mhtml,401915,147317,developers;market_intel;oems;web_snapshot;wind
wind farms.zip,Raw/Wind/MarketIntel,Wind,MarketIntel,__MACOSX/wind farms/._PNE - Developers - Wind energy market players - Online access - The Wind Power.mhtml,mhtml,318,170,developers;market_intel;oems;web_snapshot;wind
wind farms.zip,Raw/Wind/MarketIntel,Wind,MarketIntel,wind farms/Energiequelle - Developers - Wind energy market players - Online access - The Wind Power.mhtml,mhtml,413517,147492,developers;market_intel;oems;web_snapshot;wind
wind farms.zip,Raw/Wind/MarketIntel,Wind,MarketIntel,__MACOSX/wind farms/._Energiequelle - Developers - Wind energy market players - Online access - The Wind Power.mhtml,mhtml,318,170,developers;market_intel;oems;web_snapshot;wind
wind farms.zip,Raw/Wind/MarketIntel,Wind,MarketIntel,wind farms/sam-cashflow-sample-commercial-2022-11-21.xlsx,xlsx,252836,144787,developers;market_intel;oems;table;wind
wind farms.zip,Raw/Wind/MarketIntel,Wind,MarketIntel,__MACOSX/wind farms/._sam-cashflow-sample-commercial-2022-11-21.xlsx,xlsx,585,371,developers;market_intel;oems;table;wind
large files from wind - to be zipped separarely.zip,Raw/Wind/Studies,Wind,Studies,large files from wind - to be zipped separarely/Sri_Lanka_Wind_Resource_Map.pdf,pdf,1935679,297853,pdf;policy;resource_map;studies;wind
large files from wind - to be zipped separarely.zip,Raw/Wind/Studies,Wind,Studies,__MACOSX/large files from wind - to be zipped separarely/._Sri_Lanka_Wind_Resource_Map.pdf,pdf,513,365,pdf;policy;resource_map;studies;wind
large files from wind - to be zipped separarely.zip,Raw/Wind/Studies,Wind,Studies,large files from wind - to be zipped separarely/Certified Wind Turbines - Interstate Renewable Energy Council (IREC).mhtml,mhtml,1494806,597783,policy;resource_map;studies;web_snapshot;wind
large files from wind - to be zipped separarely.zip,Raw/Wind/Studies,Wind,Studies,__MACOSX/large files from wind - to be zipped separarely/._Certified Wind Turbines - Interstate Renewable Energy Council (IREC).mhtml,mhtml,318,170,policy;resource_map;studies;web_snapshot;wind
large files from wind - to be zipped separarely.zip,Raw/Wind/Studies,Wind,Studies,large files from wind - to be zipped separarely/renewable-energy-resource-development-plan-en.pdf,pdf,3429707,3353159,pdf;policy;resource_map;studies;wind
large files from wind - to be zipped separarely.zip,Raw/Wind/Studies,Wind,Studies,__MACOSX/large files from wind - to be zipped separarely/._renewable-energy-resource-development-plan-en.pdf,pdf,548,380,pdf;policy;resource_map;studies;wind
large files from wind - to be zipped separarely.zip,Raw/Wind/Studies,Wind,Studies,large files from wind - to be zipped separarely/.DS_Store,,6148,305,policy;resource_map;studies;wind
large files from wind - to be zipped separarely.zip,Raw/Wind/Studies,Wind,Studies,__MACOSX/large files from wind - to be zipped separarely/._.DS_Store,ds_store,120,53,policy;resource_map;studies;wind
large files from wind - to be zipped separarely.zip,Raw/Wind/Studies,Wind,Studies,large files from wind - to be zipped separarely/Onshore Wind Energy Potential in Srilanka.pdf,pdf,1065907,995351,pdf;policy;resource_map;studies;wind
large files from wind - to be zipped separarely.zip,Raw/Wind/Studies,Wind,Studies,__MACOSX/large files from wind - to be zipped separarely/._Onshore Wind Energy Potential in Srilanka.pdf,pdf,581,427,pdf;policy;resource_map;studies;wind
large files from wind - to be zipped separarely.zip,Raw/Wind/Studies,Wind,Studies,large files from wind - to be zipped separarely/6 MW Onshore Wind Turbine _ GE Vernova.mhtml,mhtml,5101317,3253002,policy;resource_map;studies;web_snapshot;wind
large files from wind - to be zipped separarely.zip,Raw/Wind/Studies,Wind,Studies,__MACOSX/large files from wind - to be zipped separarely/._6 MW Onshore Wind Turbine _ GE Vernova.mhtml,mhtml,318,170,policy;resource_map;studies;web_snapshot;wind
large files from wind - to be zipped separarely.zip,Raw/Wind/Studies,Wind,Studies,large files from wind - to be zipped separarely/5173.pdf,pdf,6700708,6029686,pdf;policy;resource_map;studies;wind
large files from wind - to be zipped separarely.zip,Raw/Wind/Studies,Wind,Studies,__MACOSX/large files from wind - to be zipped separarely/._5173.pdf,pdf,496,344,pdf;policy;resource_map;studies;wind
large files from wind - to be zipped separarely.zip,Raw/Wind/Studies,Wind,Studies,large files from wind - to be zipped separarely/_3 MW Onshore Wind Turbine _ GE Vernova.mhtml,mhtml,6460611,4271484,policy;resource_map;studies;web_snapshot;wind
large files from wind - to be zipped separarely.zip,Raw/Wind/Studies,Wind,Studies,__MACOSX/large files from wind - to be zipped separarely/.__3 MW Onshore Wind Turbine _ GE Vernova.mhtml,mhtml,318,170,policy;resource_map;studies;web_snapshot;wind
large files from wind - to be zipped separarely.zip,Raw/Wind/Studies,Wind,Studies,large files from wind - to be zipped separarely/Power Purchase Agreement (PPA) - System Advisor Model - SAM.mhtml,mhtml,1417576,365779,policy;resource_map;studies;web_snapshot;wind
large files from wind - to be zipped separarely.zip,Raw/Wind/Studies,Wind,Studies,__MACOSX/large files from wind - to be zipped separarely/._Power Purchase Agreement (PPA) - System Advisor Model - SAM.mhtml,mhtml,318,170,policy;resource_map;studies;web_snapshot;wind
large files from wind - to be zipped separarely.zip,Raw/Wind/Studies,Wind,Studies,large files from wind - to be zipped separarely/P17530502c20a50b30bfcd0db467e71bf0d.pdf,pdf,9437316,6889953,pdf;policy;resource_map;studies;wind
large files from wind - to be zipped separarely.zip,Raw/Wind/Studies,Wind,Studies,__MACOSX/large files from wind - to be zipped separarely/._P17530502c20a50b30bfcd0db467e71bf0d.pdf,pdf,555,408,pdf;policy;resource_map;studies;wind
Largest wind files - separate zip.zip,Raw/Wind/Resources,Wind,Resources,Largest wind files - separate zip/LKA_power-density_150m.tif,tif,20651298,20588137,geotiff_candidate;gis;raster;resource_layers;tiff;wind
Largest wind files - separate zip.zip,Raw/Wind/Resources,Wind,Resources,__MACOSX/Largest wind files - separate zip/._LKA_power-density_150m.tif,tif,556,383,geotiff_candidate;gis;raster;resource_layers;tiff;wind
Largest wind files - separate zip.zip,Raw/Wind/Resources,Wind,Resources,Largest wind files - separate zip/LKA_capacity-factor_IEC3.tif,tif,20957226,20924742,geotiff_candidate;gis;raster;resource_layers;tiff;wind
Largest wind files - separate zip.zip,Raw/Wind/Resources,Wind,Resources,__MACOSX/Largest wind files - separate zip/._LKA_capacity-factor_IEC3.tif,tif,558,385,geotiff_candidate;gis;raster;resource_layers;tiff;wind
Largest wind files - separate zip.zip,Raw/Wind/Resources,Wind,Resources,Largest wind files - separate zip/Wind Resources.pdf,pdf,21668507,17806348,gis;pdf;raster;resource_layers;wind
Largest wind files - separate zip.zip,Raw/Wind/Resources,Wind,Resources,__MACOSX/Largest wind files - separate zip/._Wind Resources.pdf,pdf,494,342,gis;pdf;raster;resource_layers;wind
Largest wind files - separate zip.zip,Raw/Wind/Resources,Wind,Resources,Largest wind files - separate zip/LKA_combined-Weibull-A_150m.tif,tif,19823666,19791945,geotiff_candidate;gis;raster;resource_layers;tiff;wind
Largest wind files - separate zip.zip,Raw/Wind/Resources,Wind,Resources,__MACOSX/Largest wind files - separate zip/._LKA_combined-Weibull-A_150m.tif,tif,561,386,geotiff_candidate;gis;raster;resource_layers;tiff;wind
Largest wind files - separate zip.zip,Raw/Wind/Resources,Wind,Resources,Largest wind files - separate zip/LKA_wind-speed_150m.tif,tif,20078511,20047124,geotiff_candidate;gis;raster;resource_layers;tiff;wind
Largest wind files - separate zip.zip,Raw/Wind/Resources,Wind,Resources,__MACOSX/Largest wind files - separate zip/._LKA_wind-speed_150m.tif,tif,553,379,geotiff_candidate;gis;raster;resource_layers;tiff;wind
