Filename,Category,Reason,Argparse,Typer,Click,Confidence,Size,Action
add_charts_smoke_and_run.sh,migrations,One-time script: add_*,No,No,No,high,1428,MOVE
add_core_config_smokes.sh,migrations,One-time script: add_*,No,No,No,high,2445,MOVE
add_eof_markers.sh,migrations,One-time script: add_*,No,No,No,high,1227,MOVE
add_heavy_assert_tests.sh,migrations,One-time script: add_*,No,No,No,high,1548,MOVE
add_minimal_core_api.sh,migrations,One-time script: add_*,No,No,No,high,1639,MOVE
add_minimal_report_api.sh,migrations,One-time script: add_*,No,No,No,high,1641,MOVE
add_reporting_smokes.sh,migrations,One-time script: add_*,No,No,No,high,2727,MOVE
add_run_matrix.sh,migrations,One-time script: add_*,No,No,No,high,4001,MOVE
align_scenario_filenames.sh,migrations,One-time script: align_*,No,No,No,high,1289,MOVE
append_run_matrix_minimal.sh,migrations,One-time script: append_*,No,No,No,high,3831,MOVE
apply_cli_and_scenarios_fixes.sh,migrations,One-time script: apply_*,No,No,No,high,7986,MOVE
apply_patches.sh,migrations,One-time script: apply_*,No,No,No,high,10883,MOVE
bootstrap_v14_labels.sh,migrations,One-time script: bootstrap_*,No,No,No,high,855,MOVE
cleanup_dsstore_and_push.sh,migrations,One-time script: cleanup_*,No,No,No,high,1368,MOVE
commit_and_tag_heavy.sh,migrations,One-time script: commit_and_tag_*,No,No,No,high,638,MOVE
emit_matrix_jsonl.sh,migrations,One-time script: emit_*,No,No,No,high,1672,MOVE
fix_and_test.sh,migrations,One-time script: fix_*,No,No,No,high,13534,MOVE
fix_api_coverage_now.sh,migrations,One-time script: fix_*,No,No,No,high,1127,MOVE
fix_cashflow_coverage.sh,migrations,One-time script: fix_*,No,No,No,high,1563,MOVE
fix_cashflow_validation_compat.py,migrations,One-time script: fix_*,No,No,No,high,2660,MOVE
fix_construction_test_expectation.py,migrations,One-time script: fix_*,No,No,No,high,1911,MOVE
fix_core_debt_imports.sh,migrations,One-time script: fix_*,No,No,No,high,842,MOVE
fix_fx_schema.sh,migrations,One-time script: fix_*,No,No,No,high,861,MOVE
fix_fx_schema_cleanup.sh,migrations,One-time script: fix_*,No,No,No,high,1138,MOVE
fix_indent.py,migrations,One-time script: fix_*,No,No,No,high,1066,MOVE
fix_load_config_and_rerun.sh,migrations,One-time script: fix_*,No,No,No,high,3175,MOVE
fix_matrix_and_validator_strict.sh,migrations,One-time script: fix_*,No,No,No,high,3164,MOVE
fix_monte_carlo_import_bridge.sh,migrations,One-time script: fix_*,No,No,No,high,3210,MOVE
fix_mypy_sprint1.py,migrations,One-time script: fix_*,No,No,No,high,863,MOVE
fix_packaging_and_install.sh,migrations,One-time script: fix_*,No,No,No,high,2609,MOVE
fix_remaining_imports.sh,migrations,One-time script: fix_*,No,No,No,high,2010,MOVE
fix_reporting_shim_syntax.sh,migrations,One-time script: fix_*,No,No,No,high,3346,MOVE
fix_run_dir_and_validators.sh,migrations,One-time script: fix_*,No,No,No,high,4763,MOVE
fix_run_matrix_signature.sh,migrations,One-time script: fix_*,No,No,No,high,4735,MOVE
fix_scenario_runner_syntax.sh,migrations,One-time script: fix_*,No,No,No,high,1137,MOVE
fix_schema_guard_test.py,migrations,One-time script: fix_*,No,No,No,high,2171,MOVE
fix_tax_calculator_test.py,migrations,One-time script: fix_*,No,No,No,high,770,MOVE
fix_tax_calculator_test_final.py,migrations,One-time script: fix_*,No,No,No,high,852,MOVE
fix_test_imports_libcst.py,migrations,One-time script: fix_*,No,No,No,high,6689,MOVE
fix_zero_tariff_validation.py,migrations,One-time script: fix_*,No,No,No,high,1137,MOVE
force_base_assign.py,migrations,One-time script: force_*,No,No,No,high,1336,MOVE
force_base_assign.sh,migrations,One-time script: force_*,No,No,No,high,1544,MOVE
force_matrix_fallback.sh,migrations,One-time script: force_*,No,No,No,high,3429,MOVE
harden_reporting_smokes.sh,migrations,One-time script: harden_*,No,No,No,high,690,MOVE
harden_strict_validator.sh,migrations,One-time script: harden_*,No,No,No,high,2216,MOVE
hotfix_loader_mc_and_tests.sh,migrations,One-time script: hotfix_*,No,No,No,high,3795,MOVE
hotfix_scenarios_module.sh,migrations,One-time script: hotfix_*,No,No,No,high,8866,MOVE
inject_base_guard.sh,migrations,One-time script: inject_*,No,No,No,high,1390,MOVE
lower_coverage_gate.sh,migrations,One-time script: lower_*,No,No,No,high,1187,MOVE
neutralize_validator_for_cli.sh,migrations,One-time script: neutralize_*,No,No,No,high,2332,MOVE
overwrite_reporting_minimal.sh,migrations,One-time script: overwrite_*,No,No,No,high,2820,MOVE
overwrite_run_matrix.sh,migrations,One-time script: overwrite_*,No,No,No,high,3770,MOVE
patch_base_var.sh,migrations,One-time script: patch_*,No,No,No,high,1083,MOVE
patch_core_debt_merge.sh,migrations,One-time script: patch_*,No,No,No,high,1318,MOVE
patch_filter_scenarios.sh,migrations,One-time script: patch_*,No,No,No,high,1693,MOVE
patch_heavy_api_shims.sh,migrations,One-time script: patch_*,No,No,No,high,3603,MOVE
patch_monte_carlo_rng.sh,migrations,One-time script: patch_*,No,No,No,high,1793,MOVE
patch_no_empty_outputs.sh,migrations,One-time script: patch_*,No,No,No,high,3994,MOVE
patch_scenario_matrix_compat.sh,migrations,One-time script: patch_*,No,No,No,high,1521,MOVE
patch_scenarios_cli_main.sh,migrations,One-time script: patch_*,No,No,No,high,9776,MOVE
patch_validate_overrides_only.sh,migrations,One-time script: patch_*,No,No,No,high,1369,MOVE
patch_validator_mode.sh,migrations,One-time script: patch_*,No,No,No,high,4914,MOVE
repair_debt_tests_v14.py,migrations,One-time script: repair_*,No,No,No,high,7616,MOVE
repair_loader_rng_and_tests.sh,migrations,One-time script: repair_*,No,No,No,high,3258,MOVE
repair_scenario_matrix_compat.sh,migrations,One-time script: repair_*,No,No,No,high,2003,MOVE
restore_irr_test.sh,migrations,One-time script: restore_*,No,No,No,high,1741,MOVE
restore_or_recreate_irr_test.sh,migrations,One-time script: restore_*,No,No,No,high,2847,MOVE
restore_strict_validator.sh,migrations,One-time script: restore_*,No,No,No,high,2017,MOVE
revert_heavy_shims.sh,migrations,One-time script: revert_*,No,No,No,high,704,MOVE
upgrade_reporting_stack.sh,migrations,One-time script: upgrade_*,No,No,No,high,253,MOVE
alias_outdir_flag.sh,unknown,Requires manual review,No,No,No,low,1188,MOVE
check_outputs.sh,unknown,Requires manual review,No,No,No,low,1732,MOVE
ci_phase_c_full.sh,unknown,Requires manual review,No,No,No,low,1068,MOVE
ci_quick.sh,unknown,Requires manual review,No,No,No,low,1153,MOVE
create_v14_analytics_issues.sh,unknown,Requires manual review,No,No,No,low,13557,MOVE
debt_module_diagnostic.py,unknown,Requires manual review,No,No,No,low,3727,MOVE
dev_quickcheck.sh,unknown,Requires manual review,No,No,No,low,1279,MOVE
generate_reports.py,unknown,Requires manual review,No,No,No,low,1791,MOVE
housekeep.sh,unknown,Requires manual review,No,No,No,low,3387,MOVE
make_upload_zip.sh,unknown,Requires manual review,No,No,No,low,1597,MOVE
post_import_sanity.sh,unknown,Requires manual review,No,No,No,low,1035,MOVE
push_and_tag.sh,unknown,Requires manual review,No,No,No,low,1109,MOVE
push_and_tag_fixed.sh,unknown,Requires manual review,No,No,No,low,641,MOVE
quick_fix_and_test.sh,unknown,Requires manual review,No,No,No,low,2778,MOVE
regression_smoke.sh,unknown,Requires manual review,No,No,No,low,287,MOVE
repo_housekeeping_move.sh,unknown,Requires manual review,No,No,No,low,4552,MOVE
rewrite_scenario_runner_minimal.sh,unknown,Requires manual review,No,No,No,low,6991,MOVE
rewrite_scenario_runner_relaxed.sh,unknown,Requires manual review,No,No,No,low,5706,MOVE
roll_zip_and_bootstrap.sh,unknown,Requires manual review,No,No,No,low,6559,MOVE
run_all_suites.sh,unknown,Requires manual review,No,No,No,low,728,MOVE
run_api_cov_smoke.sh,unknown,Requires manual review,No,No,No,low,1105,MOVE
run_cli_scenarios_fast.sh,unknown,Requires manual review,No,No,No,low,333,MOVE
run_core_hardened.sh,unknown,Requires manual review,No,No,No,low,277,MOVE
run_heavy_modules_suite.sh,unknown,Requires manual review,No,No,No,low,605,MOVE
run_heavy_with_shims.sh,unknown,Requires manual review,No,No,No,low,428,MOVE
run_import_surface_sweep.sh,unknown,Requires manual review,No,No,No,low,1994,MOVE
run_next_modules_suite.sh,unknown,Requires manual review,No,No,No,low,392,MOVE
run_next_tests.sh,unknown,Requires manual review,No,No,No,low,1098,MOVE
run_phase_c_and_push.sh,unknown,Requires manual review,No,No,No,low,898,MOVE
run_reporting_cli_smoke.sh,unknown,Requires manual review,No,No,No,low,773,MOVE
run_reporting_hardened.sh,unknown,Requires manual review,No,No,No,low,278,MOVE
setup_github_auth_https.sh,unknown,Requires manual review,No,No,No,low,600,MOVE
v14_debt_test.py,unknown,Requires manual review,No,No,No,low,1108,MOVE
venv_up.sh,unknown,Requires manual review,No,No,No,low,1517,MOVE
analyze_directory.py,keep_active,Active v14 script,Yes,No,No,high,5739,KEEP
auto_close_issues.py,keep_active,Active v14 script,Yes,No,No,high,9807,KEEP
build_zip_from_manifest.py,keep_active,Active v14 script,Yes,No,No,high,5060,KEEP
check_all_py_files.py,keep_active,Active v14 script,No,No,No,high,2347,KEEP
check_legacy_imports.py,keep_active,Active v14 script,No,No,No,high,1891,KEEP
check_staged_py_files.py,keep_active,Active v14 script,No,No,No,high,2685,KEEP
ci_structure_check.py,keep_active,Active v14 script,No,No,No,high,5918,KEEP
fx_correlation_module.py,keep_active,Active v14 script,No,No,No,high,15274,KEEP
gen_scenario_yaml.py,keep_active,Active v14 script,No,No,No,high,2533,KEEP
generate_manifest.py,keep_active,Active v14 script,No,No,No,high,2552,KEEP
gh_tools.py,keep_active,Active v14 script,Yes,No,No,high,10356,KEEP
go_with_the_flow_ci.py,keep_active,Active v14 script,No,Yes,No,high,26287,KEEP
make_clean_zip.py,keep_active,Active v14 script,No,No,No,high,7775,KEEP
make_essential_zip.py,keep_active,Active v14 script,No,No,No,high,2871,KEEP
model_guard.py,keep_active,Active v14 script,No,No,No,high,1077,KEEP
parameter_validation.py,keep_active,Active v14 script,No,No,No,high,530,KEEP
test_fx_complete_data.py,keep_active,Active v14 script,No,No,No,high,9946,KEEP
test_fx_dual_regime_standalone_fixed.py,keep_active,Active v14 script,No,No,No,high,18372,KEEP
test_irr_quick.py,keep_active,Active v14 script,No,No,No,high,2480,KEEP
test_llcr_plcr_real_debt.py,keep_active,Active v14 script,No,No,No,high,2726,KEEP
test_markdown_report.py,keep_active,Active v14 script,No,No,No,high,4419,KEEP
test_returns_module.py,keep_active,Active v14 script,No,No,No,high,1633,KEEP
validate.py,keep_active,Active v14 script,Yes,No,No,high,7627,KEEP
wacc_engine_yaml.py,keep_active,Active v14 script,Yes,No,No,high,9479,KEEP
debt_diagnostic_v2.py,debug_archive,Debug script: debt_diagnostic*,No,No,No,high,3686,MOVE
debug_contracts.py,debug_archive,Debug script: debug_*,No,No,No,high,1522,MOVE
debug_imports.py,debug_archive,Debug script: debug_*,No,No,No,high,3422,MOVE
debug_sensitivity_v14.py,debug_archive,Debug script: debug_*,No,No,No,high,2218,MOVE
debug_test_imports.py,debug_archive,Debug script: debug_*,No,No,No,high,2017,MOVE
diagnose_capacity_factor.py,debug_archive,Debug script: diagnose_*,No,No,No,high,2134,MOVE
diagnostic_check_cashflow_debt.py,debug_archive,Debug script: diagnostic_*,No,No,No,high,2058,MOVE
inspect_contracts.py,debug_archive,Debug script: inspect_*,No,No,No,high,965,MOVE
export_scenario_timeseries.py,banned_cli,Uses banned: argparse (R3),Yes,No,No,high,2818,MOVE
fire_patch_missing_discount_rate.py,banned_cli,Uses banned: typer (R4),No,Yes,No,high,2217,MOVE
make_executive_report.py,banned_cli,Uses banned: argparse (R3),Yes,No,No,high,8927,MOVE
plot_scenarios.py,banned_cli,Uses banned: argparse (R3),Yes,No,No,high,2818,MOVE
run_exporter.py,banned_cli,Uses banned: argparse (R3),Yes,No,No,high,2846,MOVE
move_v13_to_legacy.py,v13_legacy,V13/legacy pattern: v13,No,No,No,high,4661,MOVE
regression_smoke_v13_legacy.sh,v13_legacy,V13/legacy pattern: v13,No,No,No,high,2554,MOVE
test_all_stepwise.sh,tests,Legacy test (not in active list),No,No,No,medium,1246,MOVE
test_api_surface_and_adapters.sh,tests,Legacy test (not in active list),No,No,No,medium,3110,MOVE
test_battery_all.sh,tests,Legacy test (not in active list),No,No,No,medium,4446,MOVE
test_cashflow_module.sh,tests,Legacy test (not in active list),No,No,No,medium,2614,MOVE
test_core_modules.sh,tests,Legacy test (not in active list),No,No,No,medium,487,MOVE
test_finance_irr_debt.sh,tests,Legacy test (not in active list),No,No,No,medium,3595,MOVE
test_finance_metrics.sh,tests,Legacy test (not in active list),No,No,No,medium,864,MOVE
test_full_v14_chain.py,tests,Legacy test (not in active list),No,No,No,medium,1499,MOVE
test_fx_dual_regime.py,tests,Legacy test (not in active list),No,No,No,medium,13678,MOVE
test_fx_dual_regime_standalone.py,tests,Legacy test (not in active list),No,No,No,medium,22711,MOVE
test_metrics_core.sh,tests,Legacy test (not in active list),No,No,No,medium,772,MOVE
test_monte_carlo.sh,tests,Legacy test (not in active list),No,No,No,medium,1642,MOVE
test_one_module.sh,tests,Legacy test (not in active list),No,No,No,medium,1734,MOVE
test_optimization.sh,tests,Legacy test (not in active list),No,No,No,medium,1278,MOVE
test_reporting_modules.sh,tests,Legacy test (not in active list),No,No,No,medium,363,MOVE
test_scenario.py,tests,Legacy test (not in active list),No,No,No,medium,1638,MOVE
test_sensitivity.sh,tests,Legacy test (not in active list),No,No,No,medium,1176,MOVE
test_sequence.sh,tests,Legacy test (not in active list),No,No,No,medium,315,MOVE
