{
  "project": {
    "name": "Example B",
    "capacity_mw": 100,
    "capacity_factor": 0.40,
    "life_years": 25,
    "corporate_tax_rate": 0.24,
    "depreciation_years": 20,
    "tax_holiday_years": 0,
    "tax_holiday_start_year": 1,
    "enhanced_capital_allowance_pct": 1.0,
    "risk_haircut_pct": 0.05
  },

  "tariff": {
    "lkr_per_kwh": 58
  },

  "fx": {
    "start_lkr_per_usd": 300.0,
    "annual_depr": 0.03
  },

  "opex": {
    "usd_per_year": 900000.0
  },

  "capex": {
    "usd_total": 120000000.0
  },

  "Financing_Terms": {
    "debt_ratio": 0.75,
    "tenor_years": 15,
    "construction_periods": 2,
    "construction_schedule": [60.0, 60.0],
    "debt_drawdown_pct": [0.6, 0.4],
    "grace_years": 1,
    "interest_only_years": 0,
    "amortization_style": "annuity",
    "target_dscr": 1.30,
    "mix": {
      "lkr_max": 0.0,
      "dfi_max": 0.0,
      "usd_commercial_min": 1.0
    },
    "rates": {
      "usd_nominal": 0.082
    }
  }
}
